{
  "type": "FeatureCollection",
  "features": [
    {
      "type": "Feature",
      "properties": {
        "name": "Oihoy Casa Abierta",
        "provincia": "Ciudad Autónoma de Buenos Aires",
        "localidad": "Ciudad Autonoma de Buenos Aires",
        "domicilio": "14 De Julio 426",
        "categoria": "Centro Cultural / Espacio de Rap"
      },
      "geometry": {
        "type": "Point",
        "coordinates": [
          -58.4647175,
          -34.5883775
        ]
      }
    },
    {
      "type": "Feature",
      "properties": {
        "name": "Carpe Diem",
        "provincia": "Ciudad Autónoma de Buenos Aires",
        "localidad": "Ciudad Autonoma de Buenos Aires",
        "domicilio": "15 De Noviembre De 1889 1774",
        "categoria": "Centro Cultural / Espacio de Rap"
      },
      "geometry": {
        "type": "Point",
        "coordinates": [
          -58.39009233,
          -34.63153195
        ]
      }
    },
    {
      "type": "Feature",
      "properties": {
        "name": "Casa Cultural Victor Jara",
        "provincia": "Ciudad Autónoma de Buenos Aires",
        "localidad": "Ciudad Autonoma de Buenos Aires",
        "domicilio": "24 De Noviembre 2273",
        "categoria": "Centro Cultural / Espacio de Rap"
      },
      "geometry": {
        "type": "Point",
        "coordinates": [
          -58.40917746,
          -34.63710058
        ]
      }
    },
    {
      "type": "Feature",
      "properties": {
        "name": "El Tanque Cultural",
        "provincia": "Ciudad Autónoma de Buenos Aires",
        "localidad": "Ciudad Autonoma de Buenos Aires",
        "domicilio": "Acassuso 6930",
        "categoria": "Centro Cultural / Espacio de Rap"
      },
      "geometry": {
        "type": "Point",
        "coordinates": [
          -58.51744842,
          -34.53719
        ]
      }
    },
    {
      "type": "Feature",
      "properties": {
        "name": "Espacio Cultural Urbano",
        "provincia": "Ciudad Autónoma de Buenos Aires",
        "localidad": "Ciudad Autonoma de Buenos Aires",
        "domicilio": "Acevedo 460",
        "categoria": "Centro Cultural / Espacio de Rap"
      },
      "geometry": {
        "type": "Point",
        "coordinates": [
          -58.4399856,
          -34.5975936
        ]
      }
    },
    {
      "type": "Feature",
      "properties": {
        "name": "Emergente Club Almagro",
        "provincia": "Ciudad Autónoma de Buenos Aires",
        "localidad": "Ciudad Autonoma de Buenos Aires",
        "domicilio": "Francisco Acuña de Figueroa 1030",
        "categoria": "Centro Cultural / Espacio de Rap"
      },
      "geometry": {
        "type": "Point",
        "coordinates": [
          -58.42205133,
          -34.59883224
        ]
      }
    },
    {
      "type": "Feature",
      "properties": {
        "name": "La Casa De Teresa Israel",
        "provincia": "Ciudad Autónoma de Buenos Aires",
        "localidad": "Ciudad Autonoma de Buenos Aires",
        "domicilio": "Francisco Acuña de Figueroa 795",
        "categoria": "Centro Cultural / Espacio de Rap"
      },
      "geometry": {
        "type": "Point",
        "coordinates": [
          -58.42229637,
          -34.60177576
        ]
      }
    },
    {
      "type": "Feature",
      "properties": {
        "name": "Centro Cultural La Grieta",
        "provincia": "Ciudad Autónoma de Buenos Aires",
        "localidad": "Ciudad Autonoma de Buenos Aires",
        "domicilio": "Adolfo Alsina 2143",
        "categoria": "Centro Cultural / Espacio de Rap"
      },
      "geometry": {
        "type": "Point",
        "coordinates": [
          -58.39672426,
          -34.61175374
        ]
      }
    },
    {
      "type": "Feature",
      "properties": {
        "name": "Centro Cultural Raices",
        "provincia": "Ciudad Autónoma de Buenos Aires",
        "localidad": "Ciudad Autonoma de Buenos Aires",
        "domicilio": "Agrelo 3045",
        "categoria": "Centro Cultural / Espacio de Rap"
      },
      "geometry": {
        "type": "Point",
        "coordinates": [
          -58.40879856,
          -34.61724004
        ]
      }
    },
    {
      "type": "Feature",
      "properties": {
        "name": "Alcarajo Centro Cultural",
        "provincia": "Ciudad Autónoma de Buenos Aires",
        "localidad": "Ciudad Autonoma de Buenos Aires",
        "domicilio": "Agrelo 4019",
        "categoria": "Centro Cultural / Espacio de Rap"
      },
      "geometry": {
        "type": "Point",
        "coordinates": [
          -58.42285749,
          -34.61897073
        ]
      }
    },
    {
      "type": "Feature",
      "properties": {
        "name": "Centro Cultural Atlantix",
        "provincia": "Ciudad Autónoma de Buenos Aires",
        "localidad": "Ciudad Autonoma de Buenos Aires",
        "domicilio": "Aguero 1215",
        "categoria": "Centro Cultural / Espacio de Rap"
      },
      "geometry": {
        "type": "Point",
        "coordinates": [
          -58.40947801,
          -34.59548671
        ]
      }
    },
    {
      "type": "Feature",
      "properties": {
        "name": "Cc Molokai",
        "provincia": "Ciudad Autónoma de Buenos Aires",
        "localidad": "Ciudad Autonoma de Buenos Aires",
        "domicilio": "Agüero 250",
        "categoria": "Centro Cultural / Espacio de Rap"
      },
      "geometry": {
        "type": "Point",
        "coordinates": [
          -58.41257968,
          -34.6068255
        ]
      }
    },
    {
      "type": "Feature",
      "properties": {
        "name": "Mi Casa",
        "provincia": "Ciudad Autónoma de Buenos Aires",
        "localidad": "Ciudad Autonoma de Buenos Aires",
        "domicilio": "Aguero 793",
        "categoria": "Centro Cultural / Espacio de Rap"
      },
      "geometry": {
        "type": "Point",
        "coordinates": [
          -58.41086341,
          -34.60074593
        ]
      }
    },
    {
      "type": "Feature",
      "properties": {
        "name": "Espacio Cafferana 86",
        "provincia": "Ciudad Autónoma de Buenos Aires",
        "localidad": "Ciudad Autonoma de Buenos Aires",
        "domicilio": "Agustín Cafferena 86",
        "categoria": "Centro Cultural / Espacio de Rap"
      },
      "geometry": {
        "type": "Point",
        "coordinates": [
          -58.35704516,
          -34.62967546
        ]
      }
    },
    {
      "type": "Feature",
      "properties": {
        "name": "La Casona De Los Amigos",
        "provincia": "Ciudad Autónoma de Buenos Aires",
        "localidad": "Ciudad Autonoma de Buenos Aires",
        "domicilio": "Alberdi. Juan Bautista Av. 2020",
        "categoria": "Centro Cultural / Espacio de Rap"
      },
      "geometry": {
        "type": "Point",
        "coordinates": [
          -58.45670688,
          -34.62974973
        ]
      }
    },
    {
      "type": "Feature",
      "properties": {
        "name": "La Casa De Luca Prodan",
        "provincia": "Ciudad Autónoma de Buenos Aires",
        "localidad": "Ciudad Autonoma de Buenos Aires",
        "domicilio": "Alsina. Adolfo 451",
        "categoria": "Centro Cultural / Espacio de Rap"
      },
      "geometry": {
        "type": "Point",
        "coordinates": [
          -58.3726318,
          -34.6101508
        ]
      }
    },
    {
      "type": "Feature",
      "properties": {
        "name": "Club 921",
        "provincia": "Ciudad Autónoma de Buenos Aires",
        "localidad": "Ciudad Autonoma de Buenos Aires",
        "domicilio": "Alsina. Adolfo 921",
        "categoria": "Centro Cultural / Espacio de Rap"
      },
      "geometry": {
        "type": "Point",
        "coordinates": [
          -58.3794506,
          -34.6106232
        ]
      }
    },
    {
      "type": "Feature",
      "properties": {
        "name": "Centro Cultural Mamita",
        "provincia": "Ciudad Autónoma de Buenos Aires",
        "localidad": "Ciudad Autonoma de Buenos Aires",
        "domicilio": "Alvarez Thomas Av. 487",
        "categoria": "Centro Cultural / Espacio de Rap"
      },
      "geometry": {
        "type": "Point",
        "coordinates": [
          -58.4497989,
          -34.5808477
        ]
      }
    },
    {
      "type": "Feature",
      "properties": {
        "name": "Espacio Simona",
        "provincia": "Ciudad Autónoma de Buenos Aires",
        "localidad": "Ciudad Autonoma de Buenos Aires",
        "domicilio": "Alvarez Thomas Av. 661",
        "categoria": "Centro Cultural / Espacio de Rap"
      },
      "geometry": {
        "type": "Point",
        "coordinates": [
          -58.45156953,
          -34.58019285
        ]
      }
    },
    {
      "type": "Feature",
      "properties": {
        "name": "Casa Jache",
        "provincia": "Ciudad Autónoma de Buenos Aires",
        "localidad": "Ciudad Autonoma de Buenos Aires",
        "domicilio": "Aranguren. Juan F.. Dr. 213",
        "categoria": "Centro Cultural / Espacio de Rap"
      },
      "geometry": {
        "type": "Point",
        "coordinates": [
          -58.4340863,
          -34.610917
        ]
      }
    },
    {
      "type": "Feature",
      "properties": {
        "name": "Centro Cultural Che Pugliese",
        "provincia": "Ciudad Autónoma de Buenos Aires",
        "localidad": "Ciudad Autonoma de Buenos Aires",
        "domicilio": "Araoz 234",
        "categoria": "Centro Cultural / Espacio de Rap"
      },
      "geometry": {
        "type": "Point",
        "coordinates": [
          -58.43891824,
          -34.60100673
        ]
      }
    },
    {
      "type": "Feature",
      "properties": {
        "name": "Casa De Arcos",
        "provincia": "Ciudad Autónoma de Buenos Aires",
        "localidad": "Ciudad Autonoma de Buenos Aires",
        "domicilio": "Arcos 2889",
        "categoria": "Centro Cultural / Espacio de Rap"
      },
      "geometry": {
        "type": "Point",
        "coordinates": [
          -58.46014493,
          -34.55303781
        ]
      }
    },
    {
      "type": "Feature",
      "properties": {
        "name": "Centro Cultural Manuel Ugarte",
        "provincia": "Ciudad Autónoma de Buenos Aires",
        "localidad": "Ciudad Autonoma de Buenos Aires",
        "domicilio": "Argerich 3128",
        "categoria": "Centro Cultural / Espacio de Rap"
      },
      "geometry": {
        "type": "Point",
        "coordinates": [
          -58.49233,
          -34.60028
        ]
      }
    },
    {
      "type": "Feature",
      "properties": {
        "name": "Espacio Cultural Resurgimiento",
        "provincia": "Ciudad Autónoma de Buenos Aires",
        "localidad": "Ciudad Autonoma de Buenos Aires",
        "domicilio": "Artigas. Jose Gervasio. Gral. 2262",
        "categoria": "Centro Cultural / Espacio de Rap"
      },
      "geometry": {
        "type": "Point",
        "coordinates": [
          -58.4781477,
          -34.6065356
        ]
      }
    },
    {
      "type": "Feature",
      "properties": {
        "name": "Teatrarte",
        "provincia": "Ciudad Autónoma de Buenos Aires",
        "localidad": "Ciudad Autonoma de Buenos Aires",
        "domicilio": "Asuncion 4168",
        "categoria": "Centro Cultural / Espacio de Rap"
      },
      "geometry": {
        "type": "Point",
        "coordinates": [
          -58.5125116,
          -34.6017702
        ]
      }
    },
    {
      "type": "Feature",
      "properties": {
        "name": "Centro Cultural \"MALVINAS ARGENTINAS\"",
        "provincia": "Ciudad Autónoma de Buenos Aires",
        "localidad": "Ciudad Autonoma de Buenos Aires",
        "domicilio": "Av. de los Corrales 7228",
        "categoria": "Centro Cultural / Espacio de Rap"
      },
      "geometry": {
        "type": "Point",
        "coordinates": [
          -58.50566,
          -34.66761
        ]
      }
    },
    {
      "type": "Feature",
      "properties": {
        "name": "Centro Cultural Din",
        "provincia": "Ciudad Autónoma de Buenos Aires",
        "localidad": "Ciudad Autonoma de Buenos Aires",
        "domicilio": "Avalos 1090",
        "categoria": "Centro Cultural / Espacio de Rap"
      },
      "geometry": {
        "type": "Point",
        "coordinates": [
          -58.47453153,
          -34.58721112
        ]
      }
    },
    {
      "type": "Feature",
      "properties": {
        "name": "El Cultural Masala",
        "provincia": "Ciudad Autónoma de Buenos Aires",
        "localidad": "Ciudad Autonoma de Buenos Aires",
        "domicilio": "Avalos 1210",
        "categoria": "Centro Cultural / Espacio de Rap"
      },
      "geometry": {
        "type": "Point",
        "coordinates": [
          -58.47624287,
          -34.58617946
        ]
      }
    },
    {
      "type": "Feature",
      "properties": {
        "name": "La Instalacion",
        "provincia": "Ciudad Autónoma de Buenos Aires",
        "localidad": "Ciudad Autonoma de Buenos Aires",
        "domicilio": "Avalos 1238",
        "categoria": "Centro Cultural / Espacio de Rap"
      },
      "geometry": {
        "type": "Point",
        "coordinates": [
          -58.4764826,
          -34.5859273
        ]
      }
    },
    {
      "type": "Feature",
      "properties": {
        "name": "Dumont",
        "provincia": "Ciudad Autónoma de Buenos Aires",
        "localidad": "Ciudad Autonoma de Buenos Aires",
        "domicilio": "Ayacucho 920",
        "categoria": "Centro Cultural / Espacio de Rap"
      },
      "geometry": {
        "type": "Point",
        "coordinates": [
          -58.3959801,
          -34.5983856
        ]
      }
    },
    {
      "type": "Feature",
      "properties": {
        "name": "Estación De Los Deseos",
        "provincia": "Ciudad Autónoma de Buenos Aires",
        "localidad": "Ciudad Autonoma de Buenos Aires",
        "domicilio": "Bacacay 1626",
        "categoria": "Centro Cultural / Espacio de Rap"
      },
      "geometry": {
        "type": "Point",
        "coordinates": [
          -58.45414202,
          -34.62252853
        ]
      }
    },
    {
      "type": "Feature",
      "properties": {
        "name": "Espacio Cultural Dinamo",
        "provincia": "Ciudad Autónoma de Buenos Aires",
        "localidad": "Ciudad Autonoma de Buenos Aires",
        "domicilio": "Baldomero Fernández Moreno 1565",
        "categoria": "Centro Cultural / Espacio de Rap"
      },
      "geometry": {
        "type": "Point",
        "coordinates": [
          -58.4477471,
          -34.6328174
        ]
      }
    },
    {
      "type": "Feature",
      "properties": {
        "name": "Fundacion Hastinapura",
        "provincia": "Ciudad Autónoma de Buenos Aires",
        "localidad": "Ciudad Autonoma de Buenos Aires",
        "domicilio": "Beiro, Av.  4915",
        "categoria": "Centro Cultural / Espacio de Rap"
      },
      "geometry": {
        "type": "Point",
        "coordinates": [
          -58.5197803,
          -34.6106786
        ]
      }
    },
    {
      "type": "Feature",
      "properties": {
        "name": "E.C.U Espacio Cultural Uocra",
        "provincia": "Ciudad Autónoma de Buenos Aires",
        "localidad": "Ciudad Autonoma de Buenos Aires",
        "domicilio": "Belgrano Av. 1870",
        "categoria": "Centro Cultural / Espacio de Rap"
      },
      "geometry": {
        "type": "Point",
        "coordinates": [
          -58.39267616,
          -34.61397365
        ]
      }
    },
    {
      "type": "Feature",
      "properties": {
        "name": "Casa Belgrado",
        "provincia": "Ciudad Autónoma de Buenos Aires",
        "localidad": "Ciudad Autonoma de Buenos Aires",
        "domicilio": "Belgrano, Av.  2915",
        "categoria": "Centro Cultural / Espacio de Rap"
      },
      "geometry": {
        "type": "Point",
        "coordinates": [
          -58.40754174,
          -34.61485563
        ]
      }
    },
    {
      "type": "Feature",
      "properties": {
        "name": "CENTRO CULTURAL ASOCIACIÓN MUTUAL HOMERO MANZI",
        "provincia": "Ciudad Autónoma de Buenos Aires",
        "localidad": "Ciudad Autonoma de Buenos Aires",
        "domicilio": "Belgrano, Av. 3540",
        "categoria": "Centro Cultural / Espacio de Rap"
      },
      "geometry": {
        "type": "Point",
        "coordinates": [
          -58.41623,
          -34.6158
        ]
      }
    },
    {
      "type": "Feature",
      "properties": {
        "name": "Besares Club De Cultura",
        "provincia": "Ciudad Autónoma de Buenos Aires",
        "localidad": "Ciudad Autonoma de Buenos Aires",
        "domicilio": "Besares 1840",
        "categoria": "Centro Cultural / Espacio de Rap"
      },
      "geometry": {
        "type": "Point",
        "coordinates": [
          -58.4654744,
          -34.5425479
        ]
      }
    },
    {
      "type": "Feature",
      "properties": {
        "name": "Espacio Cultural Centro Comunitario Juanito Laguna",
        "provincia": "Ciudad Autónoma de Buenos Aires",
        "localidad": "Ciudad Autonoma de Buenos Aires",
        "domicilio": "Besares 3923",
        "categoria": "Centro Cultural / Espacio de Rap"
      },
      "geometry": {
        "type": "Point",
        "coordinates": [
          -58.4857,
          -34.55139
        ]
      }
    },
    {
      "type": "Feature",
      "properties": {
        "name": "Asociacion Civil Centro Cultural Deodoro Roca",
        "provincia": "Ciudad Autónoma de Buenos Aires",
        "localidad": "Ciudad Autonoma de Buenos Aires",
        "domicilio": "Billinghurst 385",
        "categoria": "Centro Cultural / Espacio de Rap"
      },
      "geometry": {
        "type": "Point",
        "coordinates": [
          -58.4160237,
          -34.60594312
        ]
      }
    },
    {
      "type": "Feature",
      "properties": {
        "name": "Kowalski Club De Cultura",
        "provincia": "Ciudad Autónoma de Buenos Aires",
        "localidad": "Ciudad Autonoma de Buenos Aires",
        "domicilio": "Billinghurst 835",
        "categoria": "Centro Cultural / Espacio de Rap"
      },
      "geometry": {
        "type": "Point",
        "coordinates": [
          -58.41500326,
          -34.6003432
        ]
      }
    },
    {
      "type": "Feature",
      "properties": {
        "name": "Ritmos Sabrosos",
        "provincia": "Ciudad Autónoma de Buenos Aires",
        "localidad": "Ciudad Autonoma de Buenos Aires",
        "domicilio": "Boedo Av. 1886",
        "categoria": "Centro Cultural / Espacio de Rap"
      },
      "geometry": {
        "type": "Point",
        "coordinates": [
          -58.41609015,
          -34.63585049
        ]
      }
    },
    {
      "type": "Feature",
      "properties": {
        "name": "Centro Cultural Gran Sur",
        "provincia": "Ciudad Autónoma de Buenos Aires",
        "localidad": "Ciudad Autonoma de Buenos Aires",
        "domicilio": "Boedo Av. 1993",
        "categoria": "Centro Cultural / Espacio de Rap"
      },
      "geometry": {
        "type": "Point",
        "coordinates": [
          -58.41627989,
          -34.63732637
        ]
      }
    },
    {
      "type": "Feature",
      "properties": {
        "name": "La Madriguera",
        "provincia": "Ciudad Autónoma de Buenos Aires",
        "localidad": "Ciudad Autonoma de Buenos Aires",
        "domicilio": "Boedo, Av. 1223",
        "categoria": "Centro Cultural / Espacio de Rap"
      },
      "geometry": {
        "type": "Point",
        "coordinates": [
          -58.416599,
          -34.6197976
        ]
      }
    },
    {
      "type": "Feature",
      "properties": {
        "name": "Centro Cultural El Surco",
        "provincia": "Ciudad Autónoma de Buenos Aires",
        "localidad": "Ciudad Autonoma de Buenos Aires",
        "domicilio": "Boedo, Av. 830",
        "categoria": "Centro Cultural / Espacio de Rap"
      },
      "geometry": {
        "type": "Point",
        "coordinates": [
          -58.41619125,
          -34.62296575
        ]
      }
    },
    {
      "type": "Feature",
      "properties": {
        "name": "Bolivar 852",
        "provincia": "Ciudad Autónoma de Buenos Aires",
        "localidad": "Ciudad Autonoma de Buenos Aires",
        "domicilio": "Bolivar 852",
        "categoria": "Centro Cultural / Espacio de Rap"
      },
      "geometry": {
        "type": "Point",
        "coordinates": [
          -58.37302588,
          -34.61779897
        ]
      }
    },
    {
      "type": "Feature",
      "properties": {
        "name": "Espacio Boliv.ar",
        "provincia": "Ciudad Autónoma de Buenos Aires",
        "localidad": "Ciudad Autonoma de Buenos Aires",
        "domicilio": "Bolivar y Mexico",
        "categoria": "Centro Cultural / Espacio de Rap"
      },
      "geometry": {
        "type": "Point",
        "coordinates": [
          -58.4370894,
          -34.6075682
        ]
      }
    },
    {
      "type": "Feature",
      "properties": {
        "name": "Dragon",
        "provincia": "Ciudad Autónoma de Buenos Aires",
        "localidad": "Ciudad Autonoma de Buenos Aires",
        "domicilio": "Bonpland 1690",
        "categoria": "Centro Cultural / Espacio de Rap"
      },
      "geometry": {
        "type": "Point",
        "coordinates": [
          -58.4375735,
          -34.5834781
        ]
      }
    },
    {
      "type": "Feature",
      "properties": {
        "name": "Casa Cultural Pepa Noia",
        "provincia": "Ciudad Autónoma de Buenos Aires",
        "localidad": "Ciudad Autonoma de Buenos Aires",
        "domicilio": "Brasil 444",
        "categoria": "Centro Cultural / Espacio de Rap"
      },
      "geometry": {
        "type": "Point",
        "coordinates": [
          -58.37180888,
          -34.62545476
        ]
      }
    },
    {
      "type": "Feature",
      "properties": {
        "name": "Paprika",
        "provincia": "Ciudad Autónoma de Buenos Aires",
        "localidad": "Ciudad Autonoma de Buenos Aires",
        "domicilio": "Bulnes 1757",
        "categoria": "Centro Cultural / Espacio de Rap"
      },
      "geometry": {
        "type": "Point",
        "coordinates": [
          -58.41467442,
          -34.59135925
        ]
      }
    },
    {
      "type": "Feature",
      "properties": {
        "name": "Espacio Moebius",
        "provincia": "Ciudad Autónoma de Buenos Aires",
        "localidad": "Ciudad Autonoma de Buenos Aires",
        "domicilio": "Bulnes 658",
        "categoria": "Centro Cultural / Espacio de Rap"
      },
      "geometry": {
        "type": "Point",
        "coordinates": [
          -58.4181696,
          -34.603951
        ]
      }
    },
    {
      "type": "Feature",
      "properties": {
        "name": "El Desparrame",
        "provincia": "Ciudad Autónoma de Buenos Aires",
        "localidad": "Ciudad Autonoma de Buenos Aires",
        "domicilio": "Cabildo Av. 592",
        "categoria": "Centro Cultural / Espacio de Rap"
      },
      "geometry": {
        "type": "Point",
        "coordinates": [
          -58.4428989,
          -34.5710718
        ]
      }
    },
    {
      "type": "Feature",
      "properties": {
        "name": "Escuela Popular de Arte \"Esther Ballestrino\"",
        "provincia": "Ciudad Autónoma de Buenos Aires",
        "localidad": "Ciudad Autonoma de Buenos Aires",
        "domicilio": "Caboto 1379",
        "categoria": "Centro Cultural / Espacio de Rap"
      },
      "geometry": {
        "type": "Point",
        "coordinates": [
          -58.3542,
          -34.63515
        ]
      }
    },
    {
      "type": "Feature",
      "properties": {
        "name": "Casa Cultural De Anibal Troilo Multiespacio Cultural",
        "provincia": "Ciudad Autónoma de Buenos Aires",
        "localidad": "Ciudad Autonoma de Buenos Aires",
        "domicilio": "Cabrera. Jose A. 2937",
        "categoria": "Centro Cultural / Espacio de Rap"
      },
      "geometry": {
        "type": "Point",
        "coordinates": [
          -58.4080563,
          -34.5969269
        ]
      }
    },
    {
      "type": "Feature",
      "properties": {
        "name": "Casa De La Provincia De Buenos Aires",
        "provincia": "Ciudad Autónoma de Buenos Aires",
        "localidad": "Ciudad Autonoma de Buenos Aires",
        "domicilio": "Callao Av. 237",
        "categoria": "Centro Cultural / Espacio de Rap"
      },
      "geometry": {
        "type": "Point",
        "coordinates": [
          -58.39204795,
          -34.60632522
        ]
      }
    },
    {
      "type": "Feature",
      "properties": {
        "name": "CAMARGO 1020 ESPACIO DE ARTE",
        "provincia": "Ciudad Autónoma de Buenos Aires",
        "localidad": "Ciudad Autonoma de Buenos Aires",
        "domicilio": "Camargo 1020",
        "categoria": "Centro Cultural / Espacio de Rap"
      },
      "geometry": {
        "type": "Point",
        "coordinates": [
          -58.44494,
          -34.59623
        ]
      }
    },
    {
      "type": "Feature",
      "properties": {
        "name": "Club Premier",
        "provincia": "Ciudad Autónoma de Buenos Aires",
        "localidad": "Ciudad Autonoma de Buenos Aires",
        "domicilio": "Campichuelo 472",
        "categoria": "Centro Cultural / Espacio de Rap"
      },
      "geometry": {
        "type": "Point",
        "coordinates": [
          -58.4352041,
          -34.6119034
        ]
      }
    },
    {
      "type": "Feature",
      "properties": {
        "name": "Auditorio ATE Capital",
        "provincia": "Ciudad Autónoma de Buenos Aires",
        "localidad": "Ciudad Autonoma de Buenos Aires",
        "domicilio": "Carlos Calvo 1378",
        "categoria": "Centro Cultural / Espacio de Rap"
      },
      "geometry": {
        "type": "Point",
        "coordinates": [
          -58.38545103,
          -34.61992773
        ]
      }
    },
    {
      "type": "Feature",
      "properties": {
        "name": "Ideas Descabelladas",
        "provincia": "Ciudad Autónoma de Buenos Aires",
        "localidad": "Ciudad Autonoma de Buenos Aires",
        "domicilio": "Carlos Calvo 3776",
        "categoria": "Centro Cultural / Espacio de Rap"
      },
      "geometry": {
        "type": "Point",
        "coordinates": [
          -58.41828734,
          -34.62466944
        ]
      }
    },
    {
      "type": "Feature",
      "properties": {
        "name": "Centro Kultural Trivenchi",
        "provincia": "Ciudad Autónoma de Buenos Aires",
        "localidad": "Ciudad Autonoma de Buenos Aires",
        "domicilio": "Caseros Av. 1712",
        "categoria": "Centro Cultural / Espacio de Rap"
      },
      "geometry": {
        "type": "Point",
        "coordinates": [
          -58.38611955,
          -34.63312224
        ]
      }
    },
    {
      "type": "Feature",
      "properties": {
        "name": "Espacio Cultural Del Sur",
        "provincia": "Ciudad Autónoma de Buenos Aires",
        "localidad": "Ciudad Autonoma de Buenos Aires",
        "domicilio": "Caseros Av. 1750",
        "categoria": "Centro Cultural / Espacio de Rap"
      },
      "geometry": {
        "type": "Point",
        "coordinates": [
          -58.38681247,
          -34.63331362
        ]
      }
    },
    {
      "type": "Feature",
      "properties": {
        "name": "Centro Cultural El Cantaro",
        "provincia": "Ciudad Autónoma de Buenos Aires",
        "localidad": "Ciudad Autonoma de Buenos Aires",
        "domicilio": "Caseros Av. 2516",
        "categoria": "Centro Cultural / Espacio de Rap"
      },
      "geometry": {
        "type": "Point",
        "coordinates": [
          -58.39769363,
          -34.63575986
        ]
      }
    },
    {
      "type": "Feature",
      "properties": {
        "name": "El Mas Aca Club Cultural",
        "provincia": "Ciudad Autónoma de Buenos Aires",
        "localidad": "Ciudad Autonoma de Buenos Aires",
        "domicilio": "Caseros Av. 514",
        "categoria": "Centro Cultural / Espacio de Rap"
      },
      "geometry": {
        "type": "Point",
        "coordinates": [
          -58.3728321,
          -34.6268633
        ]
      }
    },
    {
      "type": "Feature",
      "properties": {
        "name": "Centro Cultural G.I.T.",
        "provincia": "Ciudad Autónoma de Buenos Aires",
        "localidad": "Ciudad Autonoma de Buenos Aires",
        "domicilio": "Castro Barros 1046",
        "categoria": "Centro Cultural / Espacio de Rap"
      },
      "geometry": {
        "type": "Point",
        "coordinates": [
          -58.418944,
          -34.6250525
        ]
      }
    },
    {
      "type": "Feature",
      "properties": {
        "name": "Centro Cultural Comunarte",
        "provincia": "Ciudad Autónoma de Buenos Aires",
        "localidad": "Ciudad Autonoma de Buenos Aires",
        "domicilio": "CASTRO BARROS 236",
        "categoria": "Centro Cultural / Espacio de Rap"
      },
      "geometry": {
        "type": "Point",
        "coordinates": [
          -58.420163,
          -34.615067
        ]
      }
    },
    {
      "type": "Feature",
      "properties": {
        "name": "La Conversa",
        "provincia": "Ciudad Autónoma de Buenos Aires",
        "localidad": "Ciudad Autonoma de Buenos Aires",
        "domicilio": "Castro Barros 809",
        "categoria": "Centro Cultural / Espacio de Rap"
      },
      "geometry": {
        "type": "Point",
        "coordinates": [
          -58.41941886,
          -34.62139651
        ]
      }
    },
    {
      "type": "Feature",
      "properties": {
        "name": "Sigue La Polilla",
        "provincia": "Ciudad Autónoma de Buenos Aires",
        "localidad": "Ciudad Autonoma de Buenos Aires",
        "domicilio": "Castro Barros 878",
        "categoria": "Centro Cultural / Espacio de Rap"
      },
      "geometry": {
        "type": "Point",
        "coordinates": [
          -58.41925243,
          -34.6224465
        ]
      }
    },
    {
      "type": "Feature",
      "properties": {
        "name": "Fundación Naum Knop",
        "provincia": "Ciudad Autónoma de Buenos Aires",
        "localidad": "Ciudad Autonoma de Buenos Aires",
        "domicilio": "Catamarca 1747",
        "categoria": "Centro Cultural / Espacio de Rap"
      },
      "geometry": {
        "type": "Point",
        "coordinates": [
          -58.40222567,
          -34.63076659
        ]
      }
    },
    {
      "type": "Feature",
      "properties": {
        "name": "Cátulo. Casa Cultural",
        "provincia": "Ciudad Autónoma de Buenos Aires",
        "localidad": "Ciudad Autonoma de Buenos Aires",
        "domicilio": "Cátulo Castillo 2480",
        "categoria": "Centro Cultural / Espacio de Rap"
      },
      "geometry": {
        "type": "Point",
        "coordinates": [
          -58.39836,
          -34.63226
        ]
      }
    },
    {
      "type": "Feature",
      "properties": {
        "name": "Universidad Popular de Belgrano Alfredo Fazio y Biblioteca Popular",
        "provincia": "Ciudad Autónoma de Buenos Aires",
        "localidad": "Ciudad Autonoma de Buenos Aires",
        "domicilio": "Céspedes 3929",
        "categoria": "Centro Cultural / Espacio de Rap"
      },
      "geometry": {
        "type": "Point",
        "coordinates": [
          -58.45774,
          -34.5836
        ]
      }
    },
    {
      "type": "Feature",
      "properties": {
        "name": "Dottore Malatesta",
        "provincia": "Ciudad Autónoma de Buenos Aires",
        "localidad": "Ciudad Autonoma de Buenos Aires",
        "domicilio": "Chacabuco 917",
        "categoria": "Centro Cultural / Espacio de Rap"
      },
      "geometry": {
        "type": "Point",
        "coordinates": [
          -58.37589,
          -34.6187692
        ]
      }
    },
    {
      "type": "Feature",
      "properties": {
        "name": "Espacio Cultural Eureka",
        "provincia": "Ciudad Autónoma de Buenos Aires",
        "localidad": "Ciudad Autonoma de Buenos Aires",
        "domicilio": "Charcas 4335",
        "categoria": "Centro Cultural / Espacio de Rap"
      },
      "geometry": {
        "type": "Point",
        "coordinates": [
          -58.42336841,
          -34.58344181
        ]
      }
    },
    {
      "type": "Feature",
      "properties": {
        "name": "La Arena",
        "provincia": "Ciudad Autónoma de Buenos Aires",
        "localidad": "Ciudad Autonoma de Buenos Aires",
        "domicilio": "Charcas 5058",
        "categoria": "Centro Cultural / Espacio de Rap"
      },
      "geometry": {
        "type": "Point",
        "coordinates": [
          -58.4296485,
          -34.5789274
        ]
      }
    },
    {
      "type": "Feature",
      "properties": {
        "name": "Centro Cultural Traicionalista El Fortin De Celia Rocha",
        "provincia": "Ciudad Autónoma de Buenos Aires",
        "localidad": "Ciudad Autonoma de Buenos Aires",
        "domicilio": "Chascomus 5240",
        "categoria": "Centro Cultural / Espacio de Rap"
      },
      "geometry": {
        "type": "Point",
        "coordinates": [
          -58.49384325,
          -34.6516615
        ]
      }
    },
    {
      "type": "Feature",
      "properties": {
        "name": "Espacio Cultural Benigno",
        "provincia": "Ciudad Autónoma de Buenos Aires",
        "localidad": "Ciudad Autonoma de Buenos Aires",
        "domicilio": "Chiclana Av. 3045",
        "categoria": "Centro Cultural / Espacio de Rap"
      },
      "geometry": {
        "type": "Point",
        "coordinates": [
          -58.407166,
          -34.6309704
        ]
      }
    },
    {
      "type": "Feature",
      "properties": {
        "name": "CECAM - Centro Cultural de las Artes del Movimiento",
        "provincia": "Ciudad Autónoma de Buenos Aires",
        "localidad": "Ciudad Autonoma de Buenos Aires",
        "domicilio": "Chile 2958",
        "categoria": "Centro Cultural / Espacio de Rap"
      },
      "geometry": {
        "type": "Point",
        "coordinates": [
          -58.40723,
          -34.61896
        ]
      }
    },
    {
      "type": "Feature",
      "properties": {
        "name": "Cangrejos Centro Cultural",
        "provincia": "Ciudad Autónoma de Buenos Aires",
        "localidad": "Ciudad Autonoma de Buenos Aires",
        "domicilio": "Ciudad De La Paz 123",
        "categoria": "Centro Cultural / Espacio de Rap"
      },
      "geometry": {
        "type": "Point",
        "coordinates": [
          -58.43925945,
          -34.57575682
        ]
      }
    },
    {
      "type": "Feature",
      "properties": {
        "name": "CENTRO DE DESARROLLO DEL TANGO Y LA CULTURA RIOPLATENSE",
        "provincia": "Ciudad Autónoma de Buenos Aires",
        "localidad": "Ciudad Autonoma de Buenos Aires",
        "domicilio": "Cochabamba 2536",
        "categoria": "Centro Cultural / Espacio de Rap"
      },
      "geometry": {
        "type": "Point",
        "coordinates": [
          -58.40081501,
          -34.62506987
        ]
      }
    },
    {
      "type": "Feature",
      "properties": {
        "name": "Centro Arzuano Mellidense - Cam -",
        "provincia": "Ciudad Autónoma de Buenos Aires",
        "localidad": "Ciudad Autonoma de Buenos Aires",
        "domicilio": "Cochabamba 3245",
        "categoria": "Centro Cultural / Espacio de Rap"
      },
      "geometry": {
        "type": "Point",
        "coordinates": [
          -58.4110983,
          -34.6263472
        ]
      }
    },
    {
      "type": "Feature",
      "properties": {
        "name": "CASA DE LA CULTURA LOS COMPADRES DEL HORIZONTE",
        "provincia": "Ciudad Autónoma de Buenos Aires",
        "localidad": "Ciudad Autonoma de Buenos Aires",
        "domicilio": "COMBATE DE LOS POZOS 1986",
        "categoria": "Centro Cultural / Espacio de Rap"
      },
      "geometry": {
        "type": "Point",
        "coordinates": [
          -58.3933913,
          -34.6096004
        ]
      }
    },
    {
      "type": "Feature",
      "properties": {
        "name": "Conservatorio Grassi Urquiza",
        "provincia": "Ciudad Autónoma de Buenos Aires",
        "localidad": "Ciudad Autonoma de Buenos Aires",
        "domicilio": "Combatientes De Malvinas Av. 3562",
        "categoria": "Centro Cultural / Espacio de Rap"
      },
      "geometry": {
        "type": "Point",
        "coordinates": [
          -58.47698396,
          -34.57836845
        ]
      }
    },
    {
      "type": "Feature",
      "properties": {
        "name": "Latinoamericana Comunicacion Capacitacion Cultura",
        "provincia": "Ciudad Autónoma de Buenos Aires",
        "localidad": "Ciudad Autonoma de Buenos Aires",
        "domicilio": "Congreso 2361",
        "categoria": "Centro Cultural / Espacio de Rap"
      },
      "geometry": {
        "type": "Point",
        "coordinates": [
          -58.4620021,
          -34.555143
        ]
      }
    },
    {
      "type": "Feature",
      "properties": {
        "name": "Complejo Artmedia",
        "provincia": "Ciudad Autónoma de Buenos Aires",
        "localidad": "Ciudad Autonoma de Buenos Aires",
        "domicilio": "Córdoba 6271",
        "categoria": "Centro Cultural / Espacio de Rap"
      },
      "geometry": {
        "type": "Point",
        "coordinates": [
          -58.44816642,
          -34.59106732
        ]
      }
    },
    {
      "type": "Feature",
      "properties": {
        "name": "Feliza Cultura Arcoiris",
        "provincia": "Ciudad Autónoma de Buenos Aires",
        "localidad": "Ciudad Autonoma de Buenos Aires",
        "domicilio": "Córdoba Av. 3271",
        "categoria": "Centro Cultural / Espacio de Rap"
      },
      "geometry": {
        "type": "Point",
        "coordinates": [
          -58.4128445,
          -34.5978731
        ]
      }
    },
    {
      "type": "Feature",
      "properties": {
        "name": "Vuela El Pez",
        "provincia": "Ciudad Autónoma de Buenos Aires",
        "localidad": "Ciudad Autonoma de Buenos Aires",
        "domicilio": "Córdoba Av. 4379",
        "categoria": "Centro Cultural / Espacio de Rap"
      },
      "geometry": {
        "type": "Point",
        "coordinates": [
          -58.4277851,
          -34.5955917
        ]
      }
    },
    {
      "type": "Feature",
      "properties": {
        "name": "El Arbol Cultural (Sas) / La Casa Del Arbol",
        "provincia": "Ciudad Autónoma de Buenos Aires",
        "localidad": "Ciudad Autonoma de Buenos Aires",
        "domicilio": "Córdoba, Av. 5217/9",
        "categoria": "Centro Cultural / Espacio de Rap"
      },
      "geometry": {
        "type": "Point",
        "coordinates": [
          -58.4289714,
          -34.5778077
        ]
      }
    },
    {
      "type": "Feature",
      "properties": {
        "name": "Centro Cultural Chilavert Recupera",
        "provincia": "Ciudad Autónoma de Buenos Aires",
        "localidad": "Ciudad Autonoma de Buenos Aires",
        "domicilio": "Coronel Martiniano Chilavert 1136",
        "categoria": "Centro Cultural / Espacio de Rap"
      },
      "geometry": {
        "type": "Point",
        "coordinates": [
          -58.4243536,
          -34.64208882
        ]
      }
    },
    {
      "type": "Feature",
      "properties": {
        "name": "Azucar De Artes Y Danzas Argentinas Afro Y Centroamericanas",
        "provincia": "Ciudad Autónoma de Buenos Aires",
        "localidad": "Ciudad Autonoma de Buenos Aires",
        "domicilio": "Corrientes Av. 3330",
        "categoria": "Centro Cultural / Espacio de Rap"
      },
      "geometry": {
        "type": "Point",
        "coordinates": [
          -58.4123952,
          -34.60418654
        ]
      }
    },
    {
      "type": "Feature",
      "properties": {
        "name": "Fundacion Hastinapura",
        "provincia": "Ciudad Autónoma de Buenos Aires",
        "localidad": "Ciudad Autonoma de Buenos Aires",
        "domicilio": "Corrientes Av. 4608",
        "categoria": "Centro Cultural / Espacio de Rap"
      },
      "geometry": {
        "type": "Point",
        "coordinates": [
          -58.43031006,
          -34.6023287
        ]
      }
    },
    {
      "type": "Feature",
      "properties": {
        "name": "La Quince Espacio Cultural",
        "provincia": "Ciudad Autónoma de Buenos Aires",
        "localidad": "Ciudad Autonoma de Buenos Aires",
        "domicilio": "Corrientes Av. 5426",
        "categoria": "Centro Cultural / Espacio de Rap"
      },
      "geometry": {
        "type": "Point",
        "coordinates": [
          -58.44100774,
          -34.59794553
        ]
      }
    },
    {
      "type": "Feature",
      "properties": {
        "name": "Centro Cultural de la Cooperación - CCC -",
        "provincia": "Ciudad Autónoma de Buenos Aires",
        "localidad": "Ciudad Autonoma de Buenos Aires",
        "domicilio": "Corrientes, Av. 1543",
        "categoria": "Centro Cultural / Espacio de Rap"
      },
      "geometry": {
        "type": "Point",
        "coordinates": [
          -58.388526,
          -34.604146
        ]
      }
    },
    {
      "type": "Feature",
      "properties": {
        "name": "Centro Cultural Buda Bar",
        "provincia": "Ciudad Autónoma de Buenos Aires",
        "localidad": "Ciudad Autonoma de Buenos Aires",
        "domicilio": "Costa Rica 4659",
        "categoria": "Centro Cultural / Espacio de Rap"
      },
      "geometry": {
        "type": "Point",
        "coordinates": [
          -58.4266971,
          -34.5883184
        ]
      }
    },
    {
      "type": "Feature",
      "properties": {
        "name": "Espacio Valeu",
        "provincia": "Ciudad Autónoma de Buenos Aires",
        "localidad": "Ciudad Autonoma de Buenos Aires",
        "domicilio": "Costa Rica 4929",
        "categoria": "Centro Cultural / Espacio de Rap"
      },
      "geometry": {
        "type": "Point",
        "coordinates": [
          -58.4294274,
          -34.5864932
        ]
      }
    },
    {
      "type": "Feature",
      "properties": {
        "name": "Shambala",
        "provincia": "Ciudad Autónoma de Buenos Aires",
        "localidad": "Ciudad Autonoma de Buenos Aires",
        "domicilio": "Costa Rica 5673",
        "categoria": "Centro Cultural / Espacio de Rap"
      },
      "geometry": {
        "type": "Point",
        "coordinates": [
          -58.4353197,
          -34.5820934
        ]
      }
    },
    {
      "type": "Feature",
      "properties": {
        "name": "Centro Cultural Plan B",
        "provincia": "Ciudad Autónoma de Buenos Aires",
        "localidad": "Ciudad Autonoma de Buenos Aires",
        "domicilio": "De Los Incas Av. 4544",
        "categoria": "Centro Cultural / Espacio de Rap"
      },
      "geometry": {
        "type": "Point",
        "coordinates": [
          -58.47485696,
          -34.58176899
        ]
      }
    },
    {
      "type": "Feature",
      "properties": {
        "name": "Espacio Cultural Defensa",
        "provincia": "Ciudad Autónoma de Buenos Aires",
        "localidad": "Ciudad Autonoma de Buenos Aires",
        "domicilio": "Defensa 535",
        "categoria": "Centro Cultural / Espacio de Rap"
      },
      "geometry": {
        "type": "Point",
        "coordinates": [
          -58.37186686,
          -34.61414852
        ]
      }
    },
    {
      "type": "Feature",
      "properties": {
        "name": "Centro Cultural de la Memoria Haroldo Conti",
        "provincia": "Ciudad Autónoma de Buenos Aires",
        "localidad": "Ciudad Autonoma de Buenos Aires",
        "domicilio": "Del Libertador, Av. 8151",
        "categoria": "Centro Cultural / Espacio de Rap"
      },
      "geometry": {
        "type": "Point",
        "coordinates": [
          -58.46397707,
          -34.5400103
        ]
      }
    },
    {
      "type": "Feature",
      "properties": {
        "name": "Beethoven Cafe Bar",
        "provincia": "Ciudad Autónoma de Buenos Aires",
        "localidad": "Ciudad Autonoma de Buenos Aires",
        "domicilio": "Directorio Av. 964",
        "categoria": "Centro Cultural / Espacio de Rap"
      },
      "geometry": {
        "type": "Point",
        "coordinates": [
          -58.44085667,
          -34.62912038
        ]
      }
    },
    {
      "type": "Feature",
      "properties": {
        "name": "Espacio Cultural Chacra De Los Remedios",
        "provincia": "Ciudad Autónoma de Buenos Aires",
        "localidad": "Ciudad Autonoma de Buenos Aires",
        "domicilio": "Directorio Av. Y Lacarra",
        "categoria": "Centro Cultural / Espacio de Rap"
      },
      "geometry": {
        "type": "Point",
        "coordinates": [
          -58.4799277,
          -34.6412976
        ]
      }
    },
    {
      "type": "Feature",
      "properties": {
        "name": "Munar",
        "provincia": "Ciudad Autónoma de Buenos Aires",
        "localidad": "Ciudad Autonoma de Buenos Aires",
        "domicilio": "Don Pedro De Mendoza Av 1555",
        "categoria": "Centro Cultural / Espacio de Rap"
      },
      "geometry": {
        "type": "Point",
        "coordinates": [
          -58.35672898,
          -34.63753384
        ]
      }
    },
    {
      "type": "Feature",
      "properties": {
        "name": "Casa Brandon",
        "provincia": "Ciudad Autónoma de Buenos Aires",
        "localidad": "Ciudad Autonoma de Buenos Aires",
        "domicilio": "Drago. Luis Maria 236",
        "categoria": "Centro Cultural / Espacio de Rap"
      },
      "geometry": {
        "type": "Point",
        "coordinates": [
          -58.4368654,
          -34.6019197
        ]
      }
    },
    {
      "type": "Feature",
      "properties": {
        "name": "Espacio37",
        "provincia": "Ciudad Autónoma de Buenos Aires",
        "localidad": "Ciudad Autonoma de Buenos Aires",
        "domicilio": "El Salvador 4607",
        "categoria": "Centro Cultural / Espacio de Rap"
      },
      "geometry": {
        "type": "Point",
        "coordinates": [
          -58.4261291,
          -34.590003
        ]
      }
    },
    {
      "type": "Feature",
      "properties": {
        "name": "ANDUMA, ESPACIO CULTURAL",
        "provincia": "Ciudad Autónoma de Buenos Aires",
        "localidad": "Ciudad Autonoma de Buenos Aires",
        "domicilio": "Escalada de San Martín 4553",
        "categoria": "Centro Cultural / Espacio de Rap"
      },
      "geometry": {
        "type": "Point",
        "coordinates": [
          -58.4495972,
          -34.5999606
        ]
      }
    },
    {
      "type": "Feature",
      "properties": {
        "name": "La Paternal Espacio Proyecto",
        "provincia": "Ciudad Autónoma de Buenos Aires",
        "localidad": "Ciudad Autonoma de Buenos Aires",
        "domicilio": "Espinosa 2672",
        "categoria": "Centro Cultural / Espacio de Rap"
      },
      "geometry": {
        "type": "Point",
        "coordinates": [
          -58.46946284,
          -34.60060512
        ]
      }
    },
    {
      "type": "Feature",
      "properties": {
        "name": "Casa Dasein",
        "provincia": "Ciudad Autónoma de Buenos Aires",
        "localidad": "Ciudad Autonoma de Buenos Aires",
        "domicilio": "Estado De Israel Av. 4116",
        "categoria": "Centro Cultural / Espacio de Rap"
      },
      "geometry": {
        "type": "Point",
        "coordinates": [
          -58.42370978,
          -34.59790803
        ]
      }
    },
    {
      "type": "Feature",
      "properties": {
        "name": "Centro Cultural El Ph",
        "provincia": "Ciudad Autónoma de Buenos Aires",
        "localidad": "Ciudad Autonoma de Buenos Aires",
        "domicilio": "Estado De Palestina 738",
        "categoria": "Centro Cultural / Espacio de Rap"
      },
      "geometry": {
        "type": "Point",
        "coordinates": [
          -58.4256151,
          -34.6021319
        ]
      }
    },
    {
      "type": "Feature",
      "properties": {
        "name": "Espacio Saoco",
        "provincia": "Ciudad Autónoma de Buenos Aires",
        "localidad": "Ciudad Autonoma de Buenos Aires",
        "domicilio": "Estado De Palestina 933",
        "categoria": "Centro Cultural / Espacio de Rap"
      },
      "geometry": {
        "type": "Point",
        "coordinates": [
          -58.42519259,
          -34.59987689
        ]
      }
    },
    {
      "type": "Feature",
      "properties": {
        "name": "Cdca",
        "provincia": "Ciudad Autónoma de Buenos Aires",
        "localidad": "Ciudad Autonoma de Buenos Aires",
        "domicilio": "Estados Unidos 425",
        "categoria": "Centro Cultural / Espacio de Rap"
      },
      "geometry": {
        "type": "Point",
        "coordinates": [
          -58.37180302,
          -34.61843822
        ]
      }
    },
    {
      "type": "Feature",
      "properties": {
        "name": "Otra Historia",
        "provincia": "Ciudad Autónoma de Buenos Aires",
        "localidad": "Ciudad Autonoma de Buenos Aires",
        "domicilio": "Estomba 851",
        "categoria": "Centro Cultural / Espacio de Rap"
      },
      "geometry": {
        "type": "Point",
        "coordinates": [
          -58.4647887,
          -34.5834109
        ]
      }
    },
    {
      "type": "Feature",
      "properties": {
        "name": "Club Cultural Malvinas Argentinas",
        "provincia": "Ciudad Autónoma de Buenos Aires",
        "localidad": "Ciudad Autonoma de Buenos Aires",
        "domicilio": "Eva Perón 1930",
        "categoria": "Centro Cultural / Espacio de Rap"
      },
      "geometry": {
        "type": "Point",
        "coordinates": [
          -58.4839289,
          -34.660961
        ]
      }
    },
    {
      "type": "Feature",
      "properties": {
        "name": "Despierta",
        "provincia": "Ciudad Autónoma de Buenos Aires",
        "localidad": "Ciudad Autonoma de Buenos Aires",
        "domicilio": "Federico Lacroze 3578",
        "categoria": "Centro Cultural / Espacio de Rap"
      },
      "geometry": {
        "type": "Point",
        "coordinates": [
          -58.45130354,
          -34.58121458
        ]
      }
    },
    {
      "type": "Feature",
      "properties": {
        "name": "Casa De Cultura Y Politica Sofia Yussen - Casa Sofia",
        "provincia": "Ciudad Autónoma de Buenos Aires",
        "localidad": "Ciudad Autonoma de Buenos Aires",
        "domicilio": "Fitz Roy 1327",
        "categoria": "Centro Cultural / Espacio de Rap"
      },
      "geometry": {
        "type": "Point",
        "coordinates": [
          -58.43978931,
          -34.58732097
        ]
      }
    },
    {
      "type": "Feature",
      "properties": {
        "name": "Buenos Aires Dance Club",
        "provincia": "Ciudad Autónoma de Buenos Aires",
        "localidad": "Ciudad Autonoma de Buenos Aires",
        "domicilio": "Florida 550",
        "categoria": "Centro Cultural / Espacio de Rap"
      },
      "geometry": {
        "type": "Point",
        "coordinates": [
          -58.37535414,
          -34.6016927
        ]
      }
    },
    {
      "type": "Feature",
      "properties": {
        "name": "Enjambre",
        "provincia": "Ciudad Autónoma de Buenos Aires",
        "localidad": "Ciudad Autonoma de Buenos Aires",
        "domicilio": "Francisco Acuña De Figueroa  1656",
        "categoria": "Centro Cultural / Espacio de Rap"
      },
      "geometry": {
        "type": "Point",
        "coordinates": [
          -58.4207377,
          -34.5922385
        ]
      }
    },
    {
      "type": "Feature",
      "properties": {
        "name": "Xua Espacio Cultural",
        "provincia": "Ciudad Autónoma de Buenos Aires",
        "localidad": "Ciudad Autonoma de Buenos Aires",
        "domicilio": "Freire 1424",
        "categoria": "Centro Cultural / Espacio de Rap"
      },
      "geometry": {
        "type": "Point",
        "coordinates": [
          -58.45717,
          -34.57309
        ]
      }
    },
    {
      "type": "Feature",
      "properties": {
        "name": "El Emergente Abasto",
        "provincia": "Ciudad Autónoma de Buenos Aires",
        "localidad": "Ciudad Autonoma de Buenos Aires",
        "domicilio": "Gallo 333",
        "categoria": "Centro Cultural / Espacio de Rap"
      },
      "geometry": {
        "type": "Point",
        "coordinates": [
          -58.41326264,
          -34.60471385
        ]
      }
    },
    {
      "type": "Feature",
      "properties": {
        "name": "Casa Colombo",
        "provincia": "Ciudad Autónoma de Buenos Aires",
        "localidad": "Ciudad Autonoma de Buenos Aires",
        "domicilio": "Gallo 557",
        "categoria": "Centro Cultural / Espacio de Rap"
      },
      "geometry": {
        "type": "Point",
        "coordinates": [
          -58.41280358,
          -34.60277234
        ]
      }
    },
    {
      "type": "Feature",
      "properties": {
        "name": "ESQUINA REBELDE",
        "provincia": "Ciudad Autónoma de Buenos Aires",
        "localidad": "Ciudad Autonoma de Buenos Aires",
        "domicilio": "Gallo 769",
        "categoria": "Centro Cultural / Espacio de Rap"
      },
      "geometry": {
        "type": "Point",
        "coordinates": [
          -58.41227039,
          -34.60073653
        ]
      }
    },
    {
      "type": "Feature",
      "properties": {
        "name": "Otro Lado",
        "provincia": "Ciudad Autónoma de Buenos Aires",
        "localidad": "Ciudad Autonoma de Buenos Aires",
        "domicilio": "Gallo 769",
        "categoria": "Centro Cultural / Espacio de Rap"
      },
      "geometry": {
        "type": "Point",
        "coordinates": [
          -58.41233674,
          -34.60076339
        ]
      }
    },
    {
      "type": "Feature",
      "properties": {
        "name": "La Brecha",
        "provincia": "Ciudad Autónoma de Buenos Aires",
        "localidad": "Ciudad Autonoma de Buenos Aires",
        "domicilio": "Garay, Juan De Av. 2900",
        "categoria": "Centro Cultural / Espacio de Rap"
      },
      "geometry": {
        "type": "Point",
        "coordinates": [
          -58.40533161,
          -34.62925567
        ]
      }
    },
    {
      "type": "Feature",
      "properties": {
        "name": "Dulce",
        "provincia": "Ciudad Autónoma de Buenos Aires",
        "localidad": "Ciudad Autonoma de Buenos Aires",
        "domicilio": "General Juan G.Lemos 299",
        "categoria": "Centro Cultural / Espacio de Rap"
      },
      "geometry": {
        "type": "Point",
        "coordinates": [
          -58.4495569,
          -34.5882529
        ]
      }
    },
    {
      "type": "Feature",
      "properties": {
        "name": "Cumaco",
        "provincia": "Ciudad Autónoma de Buenos Aires",
        "localidad": "Ciudad Autonoma de Buenos Aires",
        "domicilio": "Godoy Cruz 1725",
        "categoria": "Centro Cultural / Espacio de Rap"
      },
      "geometry": {
        "type": "Point",
        "coordinates": [
          -58.43364317,
          -34.58736814
        ]
      }
    },
    {
      "type": "Feature",
      "properties": {
        "name": "Centro Cultural De La Ciencia - C3",
        "provincia": "Ciudad Autónoma de Buenos Aires",
        "localidad": "Ciudad Autonoma de Buenos Aires",
        "domicilio": "Godoy Cruz 2270",
        "categoria": "Centro Cultural / Espacio de Rap"
      },
      "geometry": {
        "type": "Point",
        "coordinates": [
          -58.42904505,
          -34.58298315
        ]
      }
    },
    {
      "type": "Feature",
      "properties": {
        "name": "Espacio Cultural Juan Rodo",
        "provincia": "Ciudad Autónoma de Buenos Aires",
        "localidad": "Ciudad Autonoma de Buenos Aires",
        "domicilio": "Godoy Cruz 2655",
        "categoria": "Centro Cultural / Espacio de Rap"
      },
      "geometry": {
        "type": "Point",
        "coordinates": [
          -58.42570636,
          -34.57925887
        ]
      }
    },
    {
      "type": "Feature",
      "properties": {
        "name": "Laboratorio De Festival",
        "provincia": "Ciudad Autónoma de Buenos Aires",
        "localidad": "Ciudad Autonoma de Buenos Aires",
        "domicilio": "Gorriti 5741",
        "categoria": "Centro Cultural / Espacio de Rap"
      },
      "geometry": {
        "type": "Point",
        "coordinates": [
          -58.43866223,
          -34.58381806
        ]
      }
    },
    {
      "type": "Feature",
      "properties": {
        "name": "Club Social Y Deportivo Yupanqui",
        "provincia": "Ciudad Autónoma de Buenos Aires",
        "localidad": "Ciudad Autonoma de Buenos Aires",
        "domicilio": "Guamini 4512",
        "categoria": "Centro Cultural / Espacio de Rap"
      },
      "geometry": {
        "type": "Point",
        "coordinates": [
          -58.481586,
          -34.6840483
        ]
      }
    },
    {
      "type": "Feature",
      "properties": {
        "name": "Jungla Habitat Cultural",
        "provincia": "Ciudad Autónoma de Buenos Aires",
        "localidad": "Ciudad Autonoma de Buenos Aires",
        "domicilio": "Guardia Vieja 3580",
        "categoria": "Centro Cultural / Espacio de Rap"
      },
      "geometry": {
        "type": "Point",
        "coordinates": [
          -58.41500159,
          -34.60191277
        ]
      }
    },
    {
      "type": "Feature",
      "properties": {
        "name": "Ladran Sancho",
        "provincia": "Ciudad Autónoma de Buenos Aires",
        "localidad": "Ciudad Autonoma de Buenos Aires",
        "domicilio": "Guardia Vieja 3811",
        "categoria": "Centro Cultural / Espacio de Rap"
      },
      "geometry": {
        "type": "Point",
        "coordinates": [
          -58.41807338,
          -34.60088501
        ]
      }
    },
    {
      "type": "Feature",
      "properties": {
        "name": "Vibra",
        "provincia": "Ciudad Autónoma de Buenos Aires",
        "localidad": "Ciudad Autonoma de Buenos Aires",
        "domicilio": "Guardia Vieja 4085",
        "categoria": "Centro Cultural / Espacio de Rap"
      },
      "geometry": {
        "type": "Point",
        "coordinates": [
          -58.42191103,
          -34.60051171
        ]
      }
    },
    {
      "type": "Feature",
      "properties": {
        "name": "The Monkeys",
        "provincia": "Ciudad Autónoma de Buenos Aires",
        "localidad": "Ciudad Autonoma de Buenos Aires",
        "domicilio": "Guatemala 4462",
        "categoria": "Centro Cultural / Espacio de Rap"
      },
      "geometry": {
        "type": "Point",
        "coordinates": [
          -58.42226396,
          -34.58810727
        ]
      }
    },
    {
      "type": "Feature",
      "properties": {
        "name": "El Quetzal",
        "provincia": "Ciudad Autónoma de Buenos Aires",
        "localidad": "Ciudad Autonoma de Buenos Aires",
        "domicilio": "Guatemala 4516",
        "categoria": "Centro Cultural / Espacio de Rap"
      },
      "geometry": {
        "type": "Point",
        "coordinates": [
          -58.42278,
          -34.58775
        ]
      }
    },
    {
      "type": "Feature",
      "properties": {
        "name": "Fundacion Hastinapura",
        "provincia": "Ciudad Autónoma de Buenos Aires",
        "localidad": "Ciudad Autonoma de Buenos Aires",
        "domicilio": "Guayaquil 777",
        "categoria": "Centro Cultural / Espacio de Rap"
      },
      "geometry": {
        "type": "Point",
        "coordinates": [
          -58.43913,
          -34.6216606
        ]
      }
    },
    {
      "type": "Feature",
      "properties": {
        "name": "Fundacion Hastinapura",
        "provincia": "Ciudad Autónoma de Buenos Aires",
        "localidad": "Ciudad Autonoma de Buenos Aires",
        "domicilio": "Guemes 2981",
        "categoria": "Centro Cultural / Espacio de Rap"
      },
      "geometry": {
        "type": "Point",
        "coordinates": [
          -58.408611,
          -34.5919628
        ]
      }
    },
    {
      "type": "Feature",
      "properties": {
        "name": "El Donn",
        "provincia": "Ciudad Autónoma de Buenos Aires",
        "localidad": "Ciudad Autonoma de Buenos Aires",
        "domicilio": "Guemes 3825",
        "categoria": "Centro Cultural / Espacio de Rap"
      },
      "geometry": {
        "type": "Point",
        "coordinates": [
          -58.4158694,
          -34.58703857
        ]
      }
    },
    {
      "type": "Feature",
      "properties": {
        "name": "Work",
        "provincia": "Ciudad Autónoma de Buenos Aires",
        "localidad": "Ciudad Autonoma de Buenos Aires",
        "domicilio": "Gurruchaga 1830",
        "categoria": "Centro Cultural / Espacio de Rap"
      },
      "geometry": {
        "type": "Point",
        "coordinates": [
          -58.4270201,
          -34.5878449
        ]
      }
    },
    {
      "type": "Feature",
      "properties": {
        "name": "Espacio Pichuco",
        "provincia": "Ciudad Autónoma de Buenos Aires",
        "localidad": "Ciudad Autonoma de Buenos Aires",
        "domicilio": "Hipólito Yrigoyen 3824",
        "categoria": "Centro Cultural / Espacio de Rap"
      },
      "geometry": {
        "type": "Point",
        "coordinates": [
          -58.42070797,
          -34.61472933
        ]
      }
    },
    {
      "type": "Feature",
      "properties": {
        "name": "Asociacion Calabresa Mutual Y Cultural",
        "provincia": "Ciudad Autónoma de Buenos Aires",
        "localidad": "Ciudad Autonoma de Buenos Aires",
        "domicilio": "Hipolito Yrigoyen 3950",
        "categoria": "Centro Cultural / Espacio de Rap"
      },
      "geometry": {
        "type": "Point",
        "coordinates": [
          -58.42241823,
          -34.61478784
        ]
      }
    },
    {
      "type": "Feature",
      "properties": {
        "name": "Feeling Multiespacio",
        "provincia": "Ciudad Autónoma de Buenos Aires",
        "localidad": "Ciudad Autonoma de Buenos Aires",
        "domicilio": "Honduras 4648",
        "categoria": "Centro Cultural / Espacio de Rap"
      },
      "geometry": {
        "type": "Point",
        "coordinates": [
          -58.4264688,
          -34.5912141
        ]
      }
    },
    {
      "type": "Feature",
      "properties": {
        "name": "Centro Cultural Richards",
        "provincia": "Ciudad Autónoma de Buenos Aires",
        "localidad": "Ciudad Autonoma de Buenos Aires",
        "domicilio": "Honduras 5272",
        "categoria": "Centro Cultural / Espacio de Rap"
      },
      "geometry": {
        "type": "Point",
        "coordinates": [
          -58.43263082,
          -34.58704309
        ]
      }
    },
    {
      "type": "Feature",
      "properties": {
        "name": "Mango",
        "provincia": "Ciudad Autónoma de Buenos Aires",
        "localidad": "Ciudad Autonoma de Buenos Aires",
        "domicilio": "Honduras 5275",
        "categoria": "Centro Cultural / Espacio de Rap"
      },
      "geometry": {
        "type": "Point",
        "coordinates": [
          -58.43261607,
          -34.58699954
        ]
      }
    },
    {
      "type": "Feature",
      "properties": {
        "name": "Congo Club Cultural",
        "provincia": "Ciudad Autónoma de Buenos Aires",
        "localidad": "Ciudad Autonoma de Buenos Aires",
        "domicilio": "Honduras 5329",
        "categoria": "Centro Cultural / Espacio de Rap"
      },
      "geometry": {
        "type": "Point",
        "coordinates": [
          -58.433119,
          -34.5865949
        ]
      }
    },
    {
      "type": "Feature",
      "properties": {
        "name": "La Herreria",
        "provincia": "Ciudad Autónoma de Buenos Aires",
        "localidad": "Ciudad Autonoma de Buenos Aires",
        "domicilio": "Hugo. Victor 960",
        "categoria": "Centro Cultural / Espacio de Rap"
      },
      "geometry": {
        "type": "Point",
        "coordinates": [
          -58.50968474,
          -34.63041412
        ]
      }
    },
    {
      "type": "Feature",
      "properties": {
        "name": "Casona Cultural Humahuaca",
        "provincia": "Ciudad Autónoma de Buenos Aires",
        "localidad": "Ciudad Autonoma de Buenos Aires",
        "domicilio": "Humahuaca 3508",
        "categoria": "Centro Cultural / Espacio de Rap"
      },
      "geometry": {
        "type": "Point",
        "coordinates": [
          -58.41450437,
          -34.60292999
        ]
      }
    },
    {
      "type": "Feature",
      "properties": {
        "name": "Urda Espacio Cultural",
        "provincia": "Ciudad Autónoma de Buenos Aires",
        "localidad": "Ciudad Autonoma de Buenos Aires",
        "domicilio": "Humahuaca 4130",
        "categoria": "Centro Cultural / Espacio de Rap"
      },
      "geometry": {
        "type": "Point",
        "coordinates": [
          -58.42287978,
          -34.60174118
        ]
      }
    },
    {
      "type": "Feature",
      "properties": {
        "name": "Celia Blanco",
        "provincia": "Ciudad Autónoma de Buenos Aires",
        "localidad": "Ciudad Autonoma de Buenos Aires",
        "domicilio": "Humberto 1° 1783",
        "categoria": "Centro Cultural / Espacio de Rap"
      },
      "geometry": {
        "type": "Point",
        "coordinates": [
          -58.3913064,
          -34.6215005
        ]
      }
    },
    {
      "type": "Feature",
      "properties": {
        "name": "Escape",
        "provincia": "Ciudad Autónoma de Buenos Aires",
        "localidad": "Ciudad Autonoma de Buenos Aires",
        "domicilio": "Humberto 1° 623",
        "categoria": "Centro Cultural / Espacio de Rap"
      },
      "geometry": {
        "type": "Point",
        "coordinates": [
          -58.3746888,
          -34.6207397
        ]
      }
    },
    {
      "type": "Feature",
      "properties": {
        "name": "Fundacion Mercedes Sosa",
        "provincia": "Ciudad Autónoma de Buenos Aires",
        "localidad": "Ciudad Autonoma de Buenos Aires",
        "domicilio": "Humberto 1º 378",
        "categoria": "Centro Cultural / Espacio de Rap"
      },
      "geometry": {
        "type": "Point",
        "coordinates": [
          -58.3732735,
          -34.6207092
        ]
      }
    },
    {
      "type": "Feature",
      "properties": {
        "name": "Chela",
        "provincia": "Ciudad Autónoma de Buenos Aires",
        "localidad": "Ciudad Autonoma de Buenos Aires",
        "domicilio": "Iguazú 451",
        "categoria": "Centro Cultural / Espacio de Rap"
      },
      "geometry": {
        "type": "Point",
        "coordinates": [
          -58.40599408,
          -34.64293841
        ]
      }
    },
    {
      "type": "Feature",
      "properties": {
        "name": "Centro Cultural Leopoldo Gonzalez",
        "provincia": "Ciudad Autónoma de Buenos Aires",
        "localidad": "Ciudad Autonoma de Buenos Aires",
        "domicilio": "Independencia 446",
        "categoria": "Centro Cultural / Espacio de Rap"
      },
      "geometry": {
        "type": "Point",
        "coordinates": [
          -58.37232433,
          -34.61727359
        ]
      }
    },
    {
      "type": "Feature",
      "properties": {
        "name": "Auditorio CTA Capital",
        "provincia": "Ciudad Autónoma de Buenos Aires",
        "localidad": "Ciudad Autonoma de Buenos Aires",
        "domicilio": "Independencia 766",
        "categoria": "Centro Cultural / Espacio de Rap"
      },
      "geometry": {
        "type": "Point",
        "coordinates": [
          -58.37688753,
          -34.61739352
        ]
      }
    },
    {
      "type": "Feature",
      "properties": {
        "name": "Jj Circuito Cultural",
        "provincia": "Ciudad Autónoma de Buenos Aires",
        "localidad": "Ciudad Autonoma de Buenos Aires",
        "domicilio": "Jaures. Jean 347",
        "categoria": "Centro Cultural / Espacio de Rap"
      },
      "geometry": {
        "type": "Point",
        "coordinates": [
          -58.40963211,
          -34.60598804
        ]
      }
    },
    {
      "type": "Feature",
      "properties": {
        "name": "Tano Cabrón",
        "provincia": "Ciudad Autónoma de Buenos Aires",
        "localidad": "Ciudad Autonoma de Buenos Aires",
        "domicilio": "Jean Jaures 715",
        "categoria": "Centro Cultural / Espacio de Rap"
      },
      "geometry": {
        "type": "Point",
        "coordinates": [
          -58.40778,
          -34.60182
        ]
      }
    },
    {
      "type": "Feature",
      "properties": {
        "name": "Espacio EK' arte.movimiento",
        "provincia": "Ciudad Autónoma de Buenos Aires",
        "localidad": "Ciudad Autonoma de Buenos Aires",
        "domicilio": "Jorge Newbery y Guevara",
        "categoria": "Centro Cultural / Espacio de Rap"
      },
      "geometry": {
        "type": "Point",
        "coordinates": [
          -58.45021,
          -34.58693
        ]
      }
    },
    {
      "type": "Feature",
      "properties": {
        "name": "Centro Cultural De La India Güngur",
        "provincia": "Ciudad Autónoma de Buenos Aires",
        "localidad": "Ciudad Autonoma de Buenos Aires",
        "domicilio": "José A. Cabrera 4175",
        "categoria": "Centro Cultural / Espacio de Rap"
      },
      "geometry": {
        "type": "Point",
        "coordinates": [
          -58.42456571,
          -34.59562834
        ]
      }
    },
    {
      "type": "Feature",
      "properties": {
        "name": "Espacio Cultural Marco Del Pont",
        "provincia": "Ciudad Autónoma de Buenos Aires",
        "localidad": "Ciudad Autonoma de Buenos Aires",
        "domicilio": "Jose Gervasio. Gral. Artigas 202",
        "categoria": "Centro Cultural / Espacio de Rap"
      },
      "geometry": {
        "type": "Point",
        "coordinates": [
          -58.46495333,
          -34.62744037
        ]
      }
    },
    {
      "type": "Feature",
      "properties": {
        "name": "La Escalera Espacio De Arte",
        "provincia": "Ciudad Autónoma de Buenos Aires",
        "localidad": "Ciudad Autonoma de Buenos Aires",
        "domicilio": "Juan B. Justo 889",
        "categoria": "Centro Cultural / Espacio de Rap"
      },
      "geometry": {
        "type": "Point",
        "coordinates": [
          -58.4289234,
          -34.5806999
        ]
      }
    },
    {
      "type": "Feature",
      "properties": {
        "name": "Doup",
        "provincia": "Ciudad Autónoma de Buenos Aires",
        "localidad": "Ciudad Autonoma de Buenos Aires",
        "domicilio": "Juan B. Justo Av. 2261",
        "categoria": "Centro Cultural / Espacio de Rap"
      },
      "geometry": {
        "type": "Point",
        "coordinates": [
          -58.443625,
          -34.5925845
        ]
      }
    },
    {
      "type": "Feature",
      "properties": {
        "name": "Centro Cultural Nuestra América",
        "provincia": "Ciudad Autónoma de Buenos Aires",
        "localidad": "Ciudad Autonoma de Buenos Aires",
        "domicilio": "Juan Domingo Peron 3390",
        "categoria": "Centro Cultural / Espacio de Rap"
      },
      "geometry": {
        "type": "Point",
        "coordinates": [
          -58.41455153,
          -34.60724854
        ]
      }
    },
    {
      "type": "Feature",
      "properties": {
        "name": "Centro Cultural Teatro Fray Mocho",
        "provincia": "Ciudad Autónoma de Buenos Aires",
        "localidad": "Ciudad Autonoma de Buenos Aires",
        "domicilio": "Juan Domingo Peron 3644",
        "categoria": "Centro Cultural / Espacio de Rap"
      },
      "geometry": {
        "type": "Point",
        "coordinates": [
          -58.417838,
          -34.606844
        ]
      }
    },
    {
      "type": "Feature",
      "properties": {
        "name": "Casailda",
        "provincia": "Ciudad Autónoma de Buenos Aires",
        "localidad": "Ciudad Autonoma de Buenos Aires",
        "domicilio": "Julián Alvarez 1861",
        "categoria": "Centro Cultural / Espacio de Rap"
      },
      "geometry": {
        "type": "Point",
        "coordinates": [
          -58.4207049,
          -34.5904491
        ]
      }
    },
    {
      "type": "Feature",
      "properties": {
        "name": "Chana - Usina Juan Gelman",
        "provincia": "Ciudad Autónoma de Buenos Aires",
        "localidad": "Ciudad Autonoma de Buenos Aires",
        "domicilio": "Julian Alvarez Y Warnes",
        "categoria": "Centro Cultural / Espacio de Rap"
      },
      "geometry": {
        "type": "Point",
        "coordinates": [
          -58.4399486,
          -34.60305477
        ]
      }
    },
    {
      "type": "Feature",
      "properties": {
        "name": "Centro Cultural Recoleta",
        "provincia": "Ciudad Autónoma de Buenos Aires",
        "localidad": "Ciudad Autonoma de Buenos Aires",
        "domicilio": "Junin 1930",
        "categoria": "Centro Cultural / Espacio de Rap"
      },
      "geometry": {
        "type": "Point",
        "coordinates": [
          -58.391788,
          -34.587068
        ]
      }
    },
    {
      "type": "Feature",
      "properties": {
        "name": "Casa Rock",
        "provincia": "Ciudad Autónoma de Buenos Aires",
        "localidad": "Ciudad Autonoma de Buenos Aires",
        "domicilio": "Justo. Juan B. Av. 1477",
        "categoria": "Centro Cultural / Espacio de Rap"
      },
      "geometry": {
        "type": "Point",
        "coordinates": [
          -58.4345889,
          -34.5851021
        ]
      }
    },
    {
      "type": "Feature",
      "properties": {
        "name": "Gorriti Art Center",
        "provincia": "Ciudad Autónoma de Buenos Aires",
        "localidad": "Ciudad Autonoma de Buenos Aires",
        "domicilio": "Justo. Juan B. Av. 1617",
        "categoria": "Centro Cultural / Espacio de Rap"
      },
      "geometry": {
        "type": "Point",
        "coordinates": [
          -58.43594605,
          -34.58610296
        ]
      }
    },
    {
      "type": "Feature",
      "properties": {
        "name": "El Ceibo - Espacio Cultural",
        "provincia": "Ciudad Autónoma de Buenos Aires",
        "localidad": "Ciudad Autonoma de Buenos Aires",
        "domicilio": "Justo. Juan B. Av. 5495",
        "categoria": "Centro Cultural / Espacio de Rap"
      },
      "geometry": {
        "type": "Point",
        "coordinates": [
          -58.47393853,
          -34.61590149
        ]
      }
    },
    {
      "type": "Feature",
      "properties": {
        "name": "Espacio Sueños",
        "provincia": "Ciudad Autónoma de Buenos Aires",
        "localidad": "Ciudad Autonoma de Buenos Aires",
        "domicilio": "La Plata Av. 1255",
        "categoria": "Centro Cultural / Espacio de Rap"
      },
      "geometry": {
        "type": "Point",
        "coordinates": [
          -58.42619158,
          -34.62993155
        ]
      }
    },
    {
      "type": "Feature",
      "properties": {
        "name": "Centro Barrial y Cultural La Bonavena",
        "provincia": "Ciudad Autónoma de Buenos Aires",
        "localidad": "Ciudad Autonoma de Buenos Aires",
        "domicilio": "La Rioja 1763",
        "categoria": "Centro Cultural / Espacio de Rap"
      },
      "geometry": {
        "type": "Point",
        "coordinates": [
          -58.40636439,
          -34.63146451
        ]
      }
    },
    {
      "type": "Feature",
      "properties": {
        "name": "La Confiteria",
        "provincia": "Ciudad Autónoma de Buenos Aires",
        "localidad": "Ciudad Autonoma de Buenos Aires",
        "domicilio": "Lacroze. Federico Av. 2963",
        "categoria": "Centro Cultural / Espacio de Rap"
      },
      "geometry": {
        "type": "Point",
        "coordinates": [
          -58.448152,
          -34.5754115
        ]
      }
    },
    {
      "type": "Feature",
      "properties": {
        "name": "Espacio La Tribu",
        "provincia": "Ciudad Autónoma de Buenos Aires",
        "localidad": "Ciudad Autonoma de Buenos Aires",
        "domicilio": "Lambare 873",
        "categoria": "Centro Cultural / Espacio de Rap"
      },
      "geometry": {
        "type": "Point",
        "coordinates": [
          -58.4304482,
          -34.60464264
        ]
      }
    },
    {
      "type": "Feature",
      "properties": {
        "name": "Centro Cultural No Me Olvides",
        "provincia": "Ciudad Autónoma de Buenos Aires",
        "localidad": "Ciudad Autonoma de Buenos Aires",
        "domicilio": "Lavalleja 1008",
        "categoria": "Centro Cultural / Espacio de Rap"
      },
      "geometry": {
        "type": "Point",
        "coordinates": [
          -58.42885145,
          -34.59722399
        ]
      }
    },
    {
      "type": "Feature",
      "properties": {
        "name": "Espacio Marechal",
        "provincia": "Ciudad Autónoma de Buenos Aires",
        "localidad": "Ciudad Autonoma de Buenos Aires",
        "domicilio": "Leopoldo Marechal 1160",
        "categoria": "Centro Cultural / Espacio de Rap"
      },
      "geometry": {
        "type": "Point",
        "coordinates": [
          -58.43976591,
          -34.60500244
        ]
      }
    },
    {
      "type": "Feature",
      "properties": {
        "name": "Espacio Cultural Almagro",
        "provincia": "Ciudad Autónoma de Buenos Aires",
        "localidad": "Ciudad Autonoma de Buenos Aires",
        "domicilio": "Llavalle 3946",
        "categoria": "Centro Cultural / Espacio de Rap"
      },
      "geometry": {
        "type": "Point",
        "coordinates": [
          -58.42129426,
          -34.59852713
        ]
      }
    },
    {
      "type": "Feature",
      "properties": {
        "name": "Deira",
        "provincia": "Ciudad Autónoma de Buenos Aires",
        "localidad": "Ciudad Autonoma de Buenos Aires",
        "domicilio": "Lope De Vega Av. 964",
        "categoria": "Centro Cultural / Espacio de Rap"
      },
      "geometry": {
        "type": "Point",
        "coordinates": [
          -58.50406263,
          -34.63004784
        ]
      }
    },
    {
      "type": "Feature",
      "properties": {
        "name": "Espacio Salvo",
        "provincia": "Ciudad Autónoma de Buenos Aires",
        "localidad": "Ciudad Autonoma de Buenos Aires",
        "domicilio": "Luis Viale 89",
        "categoria": "Centro Cultural / Espacio de Rap"
      },
      "geometry": {
        "type": "Point",
        "coordinates": [
          -58.44385231,
          -34.60211973
        ]
      }
    },
    {
      "type": "Feature",
      "properties": {
        "name": "Luzuriaga Club Social",
        "provincia": "Ciudad Autónoma de Buenos Aires",
        "localidad": "Ciudad Autonoma de Buenos Aires",
        "domicilio": "Luzuriaga 348",
        "categoria": "Centro Cultural / Espacio de Rap"
      },
      "geometry": {
        "type": "Point",
        "coordinates": [
          -58.3884594,
          -34.6382908
        ]
      }
    },
    {
      "type": "Feature",
      "properties": {
        "name": "Poncho Club Cultural",
        "provincia": "Ciudad Autónoma de Buenos Aires",
        "localidad": "Ciudad Autonoma de Buenos Aires",
        "domicilio": "Marechal. Leopoldo 1219",
        "categoria": "Centro Cultural / Espacio de Rap"
      },
      "geometry": {
        "type": "Point",
        "coordinates": [
          -58.440146,
          -34.604266
        ]
      }
    },
    {
      "type": "Feature",
      "properties": {
        "name": "ARQUEOTERRA",
        "provincia": "Ciudad Autónoma de Buenos Aires",
        "localidad": "Ciudad Autonoma de Buenos Aires",
        "domicilio": "Mariano Acha 1964",
        "categoria": "Centro Cultural / Espacio de Rap"
      },
      "geometry": {
        "type": "Point",
        "coordinates": [
          -58.47503,
          -34.57472
        ]
      }
    },
    {
      "type": "Feature",
      "properties": {
        "name": "Wara Wara",
        "provincia": "Ciudad Autónoma de Buenos Aires",
        "localidad": "Ciudad Autonoma de Buenos Aires",
        "domicilio": "Martinez Rosas 969",
        "categoria": "Centro Cultural / Espacio de Rap"
      },
      "geometry": {
        "type": "Point",
        "coordinates": [
          -58.44836801,
          -34.59987657
        ]
      }
    },
    {
      "type": "Feature",
      "properties": {
        "name": "Galpon Cultural El Hueco",
        "provincia": "Ciudad Autónoma de Buenos Aires",
        "localidad": "Ciudad Autonoma de Buenos Aires",
        "domicilio": "Maturín 2439",
        "categoria": "Centro Cultural / Espacio de Rap"
      },
      "geometry": {
        "type": "Point",
        "coordinates": [
          -58.4609152,
          -34.59992301
        ]
      }
    },
    {
      "type": "Feature",
      "properties": {
        "name": "Casa Maza",
        "provincia": "Ciudad Autónoma de Buenos Aires",
        "localidad": "Ciudad Autonoma de Buenos Aires",
        "domicilio": "Maza 1160",
        "categoria": "Centro Cultural / Espacio de Rap"
      },
      "geometry": {
        "type": "Point",
        "coordinates": [
          -58.41465448,
          -34.62494556
        ]
      }
    },
    {
      "type": "Feature",
      "properties": {
        "name": "La Minga Club Cultural",
        "provincia": "Ciudad Autónoma de Buenos Aires",
        "localidad": "Ciudad Autonoma de Buenos Aires",
        "domicilio": "Maza 1165",
        "categoria": "Centro Cultural / Espacio de Rap"
      },
      "geometry": {
        "type": "Point",
        "coordinates": [
          -58.41485,
          -34.62503
        ]
      }
    },
    {
      "type": "Feature",
      "properties": {
        "name": "Las Mil Y Un Artes Centro Cultural",
        "provincia": "Ciudad Autónoma de Buenos Aires",
        "localidad": "Ciudad Autonoma de Buenos Aires",
        "domicilio": "Medrano 645",
        "categoria": "Centro Cultural / Espacio de Rap"
      },
      "geometry": {
        "type": "Point",
        "coordinates": [
          -58.42079997,
          -34.60254744
        ]
      }
    },
    {
      "type": "Feature",
      "properties": {
        "name": "Batacazo Cultural",
        "provincia": "Ciudad Autónoma de Buenos Aires",
        "localidad": "Ciudad Autonoma de Buenos Aires",
        "domicilio": "Medrano Av. 627",
        "categoria": "Centro Cultural / Espacio de Rap"
      },
      "geometry": {
        "type": "Point",
        "coordinates": [
          -58.4208235,
          -34.6027045
        ]
      }
    },
    {
      "type": "Feature",
      "properties": {
        "name": "Espacio Cultural Lineas De Fuga",
        "provincia": "Ciudad Autónoma de Buenos Aires",
        "localidad": "Ciudad Autonoma de Buenos Aires",
        "domicilio": "Melincue 4276",
        "categoria": "Centro Cultural / Espacio de Rap"
      },
      "geometry": {
        "type": "Point",
        "coordinates": [
          -58.50551937,
          -34.60992549
        ]
      }
    },
    {
      "type": "Feature",
      "properties": {
        "name": "Centro Cultural La Estrada",
        "provincia": "Ciudad Autónoma de Buenos Aires",
        "localidad": "Ciudad Autonoma de Buenos Aires",
        "domicilio": "Mexico 2849",
        "categoria": "Centro Cultural / Espacio de Rap"
      },
      "geometry": {
        "type": "Point",
        "coordinates": [
          -58.4060916,
          -34.6176116
        ]
      }
    },
    {
      "type": "Feature",
      "properties": {
        "name": "Bonus Truck",
        "provincia": "Ciudad Autónoma de Buenos Aires",
        "localidad": "Ciudad Autonoma de Buenos Aires",
        "domicilio": "Mexico 3659",
        "categoria": "Centro Cultural / Espacio de Rap"
      },
      "geometry": {
        "type": "Point",
        "coordinates": [
          -58.4174445,
          -34.6198109
        ]
      }
    },
    {
      "type": "Feature",
      "properties": {
        "name": "Cacuca",
        "provincia": "Ciudad Autónoma de Buenos Aires",
        "localidad": "Ciudad Autonoma de Buenos Aires",
        "domicilio": "Moldes 807",
        "categoria": "Centro Cultural / Espacio de Rap"
      },
      "geometry": {
        "type": "Point",
        "coordinates": [
          -58.44874333,
          -34.57182844
        ]
      }
    },
    {
      "type": "Feature",
      "properties": {
        "name": "Casa Clorinda",
        "provincia": "Ciudad Autónoma de Buenos Aires",
        "localidad": "Ciudad Autonoma de Buenos Aires",
        "domicilio": "Monroe 4831",
        "categoria": "Centro Cultural / Espacio de Rap"
      },
      "geometry": {
        "type": "Point",
        "coordinates": [
          -58.4831042,
          -34.5723509
        ]
      }
    },
    {
      "type": "Feature",
      "properties": {
        "name": "Nueva Caledonia",
        "provincia": "Ciudad Autónoma de Buenos Aires",
        "localidad": "Ciudad Autonoma de Buenos Aires",
        "domicilio": "Montes De Oca, Manuel Av.",
        "categoria": "Centro Cultural / Espacio de Rap"
      },
      "geometry": {
        "type": "Point",
        "coordinates": [
          -58.37453077,
          -34.63943042
        ]
      }
    },
    {
      "type": "Feature",
      "properties": {
        "name": "La Paz Arriba",
        "provincia": "Ciudad Autónoma de Buenos Aires",
        "localidad": "Ciudad Autonoma de Buenos Aires",
        "domicilio": "Montevideo 421",
        "categoria": "Centro Cultural / Espacio de Rap"
      },
      "geometry": {
        "type": "Point",
        "coordinates": [
          -58.38936315,
          -34.60398484
        ]
      }
    },
    {
      "type": "Feature",
      "properties": {
        "name": "Cultural Moran",
        "provincia": "Ciudad Autónoma de Buenos Aires",
        "localidad": "Ciudad Autonoma de Buenos Aires",
        "domicilio": "Moran. Pedro 2147",
        "categoria": "Centro Cultural / Espacio de Rap"
      },
      "geometry": {
        "type": "Point",
        "coordinates": [
          -58.4875811,
          -34.587331
        ]
      }
    },
    {
      "type": "Feature",
      "properties": {
        "name": "Estacion de los Deseos",
        "provincia": "Ciudad Autónoma de Buenos Aires",
        "localidad": "Ciudad Autonoma de Buenos Aires",
        "domicilio": "Morelos 109",
        "categoria": "Centro Cultural / Espacio de Rap"
      },
      "geometry": {
        "type": "Point",
        "coordinates": [
          -58.45354333,
          -34.62385126
        ]
      }
    },
    {
      "type": "Feature",
      "properties": {
        "name": "La Cazona De Flores",
        "provincia": "Ciudad Autónoma de Buenos Aires",
        "localidad": "Ciudad Autonoma de Buenos Aires",
        "domicilio": "Moron 2453",
        "categoria": "Centro Cultural / Espacio de Rap"
      },
      "geometry": {
        "type": "Point",
        "coordinates": [
          -58.4666805,
          -34.6223035
        ]
      }
    },
    {
      "type": "Feature",
      "properties": {
        "name": "Hunterbier De Pezzano Roberto Ariel",
        "provincia": "Ciudad Autónoma de Buenos Aires",
        "localidad": "Ciudad Autonoma de Buenos Aires",
        "domicilio": "Newbery. Jorge Av. 3519",
        "categoria": "Centro Cultural / Espacio de Rap"
      },
      "geometry": {
        "type": "Point",
        "coordinates": [
          -58.4490341,
          -34.5829884
        ]
      }
    },
    {
      "type": "Feature",
      "properties": {
        "name": "Leon Leon",
        "provincia": "Ciudad Autónoma de Buenos Aires",
        "localidad": "Ciudad Autonoma de Buenos Aires",
        "domicilio": "Nicaragua 4432",
        "categoria": "Centro Cultural / Espacio de Rap"
      },
      "geometry": {
        "type": "Point",
        "coordinates": [
          -58.4236136,
          -34.5894925
        ]
      }
    },
    {
      "type": "Feature",
      "properties": {
        "name": "Casa Rodolfo Walsh",
        "provincia": "Ciudad Autónoma de Buenos Aires",
        "localidad": "Ciudad Autonoma de Buenos Aires",
        "domicilio": "Nicaragua 4441",
        "categoria": "Centro Cultural / Espacio de Rap"
      },
      "geometry": {
        "type": "Point",
        "coordinates": [
          -58.4236025,
          -34.5893633
        ]
      }
    },
    {
      "type": "Feature",
      "properties": {
        "name": "Cultural Vivvo",
        "provincia": "Ciudad Autónoma de Buenos Aires",
        "localidad": "Ciudad Autonoma de Buenos Aires",
        "domicilio": "Nicaragua 4462",
        "categoria": "Centro Cultural / Espacio de Rap"
      },
      "geometry": {
        "type": "Point",
        "coordinates": [
          -58.42389613,
          -34.58929626
        ]
      }
    },
    {
      "type": "Feature",
      "properties": {
        "name": "Centro Cultural Sofía Gempel Arte",
        "provincia": "Ciudad Autónoma de Buenos Aires",
        "localidad": "Ciudad Autonoma de Buenos Aires",
        "domicilio": "Nogoya 3455",
        "categoria": "Centro Cultural / Espacio de Rap"
      },
      "geometry": {
        "type": "Point",
        "coordinates": [
          -58.49596924,
          -34.60520891
        ]
      }
    },
    {
      "type": "Feature",
      "properties": {
        "name": "Espacio Cultural Que Tren Que Tren",
        "provincia": "Ciudad Autónoma de Buenos Aires",
        "localidad": "Ciudad Autonoma de Buenos Aires",
        "domicilio": "Olazábal 1784",
        "categoria": "Centro Cultural / Espacio de Rap"
      },
      "geometry": {
        "type": "Point",
        "coordinates": [
          -58.4685789,
          -34.5662754
        ]
      }
    },
    {
      "type": "Feature",
      "properties": {
        "name": "Multiespacio La Comunidad Del Sotano / Comunidad Multiespacio",
        "provincia": "Ciudad Autónoma de Buenos Aires",
        "localidad": "Ciudad Autonoma de Buenos Aires",
        "domicilio": "Oroño. Nicasio 2480",
        "categoria": "Centro Cultural / Espacio de Rap"
      },
      "geometry": {
        "type": "Point",
        "coordinates": [
          -58.4598137,
          -34.5982899
        ]
      }
    },
    {
      "type": "Feature",
      "properties": {
        "name": "Laboratori Estudio",
        "provincia": "Ciudad Autónoma de Buenos Aires",
        "localidad": "Ciudad Autonoma de Buenos Aires",
        "domicilio": "Otero 233",
        "categoria": "Centro Cultural / Espacio de Rap"
      },
      "geometry": {
        "type": "Point",
        "coordinates": [
          -58.45260284,
          -34.59279208
        ]
      }
    },
    {
      "type": "Feature",
      "properties": {
        "name": "Laborando",
        "provincia": "Ciudad Autónoma de Buenos Aires",
        "localidad": "Ciudad Autonoma de Buenos Aires",
        "domicilio": "Otero 246",
        "categoria": "Centro Cultural / Espacio de Rap"
      },
      "geometry": {
        "type": "Point",
        "coordinates": [
          -58.45284663,
          -34.59282265
        ]
      }
    },
    {
      "type": "Feature",
      "properties": {
        "name": "Multiespacio Korova",
        "provincia": "Ciudad Autónoma de Buenos Aires",
        "localidad": "Ciudad Autonoma de Buenos Aires",
        "domicilio": "Paraguay 4667",
        "categoria": "Centro Cultural / Espacio de Rap"
      },
      "geometry": {
        "type": "Point",
        "coordinates": [
          -58.425783,
          -34.583414
        ]
      }
    },
    {
      "type": "Feature",
      "properties": {
        "name": "Club De Musica",
        "provincia": "Ciudad Autónoma de Buenos Aires",
        "localidad": "Ciudad Autonoma de Buenos Aires",
        "domicilio": "Paraguay 5519",
        "categoria": "Centro Cultural / Espacio de Rap"
      },
      "geometry": {
        "type": "Point",
        "coordinates": [
          -58.4341985,
          -34.5768242
        ]
      }
    },
    {
      "type": "Feature",
      "properties": {
        "name": "Stand Up Club",
        "provincia": "Ciudad Autónoma de Buenos Aires",
        "localidad": "Ciudad Autonoma de Buenos Aires",
        "domicilio": "Paraná 1021",
        "categoria": "Centro Cultural / Espacio de Rap"
      },
      "geometry": {
        "type": "Point",
        "coordinates": [
          -58.38824,
          -34.5968
        ]
      }
    },
    {
      "type": "Feature",
      "properties": {
        "name": "Centro Cultural de España en Buenos Aires",
        "provincia": "Ciudad Autónoma de Buenos Aires",
        "localidad": "Ciudad Autonoma de Buenos Aires",
        "domicilio": "Paraná 1159",
        "categoria": "Centro Cultural / Espacio de Rap"
      },
      "geometry": {
        "type": "Point",
        "coordinates": [
          -58.38823,
          -34.59507
        ]
      }
    },
    {
      "type": "Feature",
      "properties": {
        "name": "La Scala De San Telmo",
        "provincia": "Ciudad Autónoma de Buenos Aires",
        "localidad": "Ciudad Autonoma de Buenos Aires",
        "domicilio": "Pasaje Giuffra 371",
        "categoria": "Centro Cultural / Espacio de Rap"
      },
      "geometry": {
        "type": "Point",
        "coordinates": [
          -58.3712137,
          -34.6178073
        ]
      }
    },
    {
      "type": "Feature",
      "properties": {
        "name": "La Casa Roja",
        "provincia": "Ciudad Autónoma de Buenos Aires",
        "localidad": "Ciudad Autonoma de Buenos Aires",
        "domicilio": "Pasaje Honorio Leguizamon 3726",
        "categoria": "Centro Cultural / Espacio de Rap"
      },
      "geometry": {
        "type": "Point",
        "coordinates": [
          -58.48770251,
          -34.5678665
        ]
      }
    },
    {
      "type": "Feature",
      "properties": {
        "name": "Area 623",
        "provincia": "Ciudad Autónoma de Buenos Aires",
        "localidad": "Ciudad Autonoma de Buenos Aires",
        "domicilio": "Pasco 623",
        "categoria": "Centro Cultural / Espacio de Rap"
      },
      "geometry": {
        "type": "Point",
        "coordinates": [
          -58.39779,
          -34.61645
        ]
      }
    },
    {
      "type": "Feature",
      "properties": {
        "name": "Multiespacio Pasco",
        "provincia": "Ciudad Autónoma de Buenos Aires",
        "localidad": "Ciudad Autonoma de Buenos Aires",
        "domicilio": "Pasco 689",
        "categoria": "Centro Cultural / Espacio de Rap"
      },
      "geometry": {
        "type": "Point",
        "coordinates": [
          -58.39769011,
          -34.61715189
        ]
      }
    },
    {
      "type": "Feature",
      "properties": {
        "name": "ESPACIO EL ZONKO",
        "provincia": "Ciudad Autónoma de Buenos Aires",
        "localidad": "Ciudad Autonoma de Buenos Aires",
        "domicilio": "Pavón, Av. 2552",
        "categoria": "Centro Cultural / Espacio de Rap"
      },
      "geometry": {
        "type": "Point",
        "coordinates": [
          -58.4158891,
          -34.6301615
        ]
      }
    },
    {
      "type": "Feature",
      "properties": {
        "name": "Ame Triglav",
        "provincia": "Ciudad Autónoma de Buenos Aires",
        "localidad": "Ciudad Autonoma de Buenos Aires",
        "domicilio": "Peralta 1458",
        "categoria": "Centro Cultural / Espacio de Rap"
      },
      "geometry": {
        "type": "Point",
        "coordinates": [
          -58.52928097,
          -34.62175967
        ]
      }
    },
    {
      "type": "Feature",
      "properties": {
        "name": "Asoc. Civil La Bombocova",
        "provincia": "Ciudad Autónoma de Buenos Aires",
        "localidad": "Ciudad Autonoma de Buenos Aires",
        "domicilio": "Perdriel 449",
        "categoria": "Centro Cultural / Espacio de Rap"
      },
      "geometry": {
        "type": "Point",
        "coordinates": [
          -58.38665846,
          -34.63848045
        ]
      }
    },
    {
      "type": "Feature",
      "properties": {
        "name": "Centro Cultural Adan Buenos Aires",
        "provincia": "Ciudad Autónoma de Buenos Aires",
        "localidad": "Ciudad Autonoma de Buenos Aires",
        "domicilio": "Peron. Eva Av. 1400",
        "categoria": "Centro Cultural / Espacio de Rap"
      },
      "geometry": {
        "type": "Point",
        "coordinates": [
          -58.44471219,
          -34.63287073
        ]
      }
    },
    {
      "type": "Feature",
      "properties": {
        "name": "Espacio Cultural San Andres",
        "provincia": "Ciudad Autónoma de Buenos Aires",
        "localidad": "Ciudad Autonoma de Buenos Aires",
        "domicilio": "Peru 352",
        "categoria": "Centro Cultural / Espacio de Rap"
      },
      "geometry": {
        "type": "Point",
        "coordinates": [
          -58.37471016,
          -34.61221242
        ]
      }
    },
    {
      "type": "Feature",
      "properties": {
        "name": "Clasico Fernandez",
        "provincia": "Ciudad Autónoma de Buenos Aires",
        "localidad": "Ciudad Autonoma de Buenos Aires",
        "domicilio": "Piedras 1020",
        "categoria": "Centro Cultural / Espacio de Rap"
      },
      "geometry": {
        "type": "Point",
        "coordinates": [
          -58.3772266,
          -34.61997003
        ]
      }
    },
    {
      "type": "Feature",
      "properties": {
        "name": "El Universal",
        "provincia": "Ciudad Autónoma de Buenos Aires",
        "localidad": "Ciudad Autonoma de Buenos Aires",
        "domicilio": "Pje. Pablo Soria 4940",
        "categoria": "Centro Cultural / Espacio de Rap"
      },
      "geometry": {
        "type": "Point",
        "coordinates": [
          -58.4323086,
          -34.5894264
        ]
      }
    },
    {
      "type": "Feature",
      "properties": {
        "name": "Centro Cultural Vamos A Andar",
        "provincia": "Ciudad Autónoma de Buenos Aires",
        "localidad": "Ciudad Autonoma de Buenos Aires",
        "domicilio": "Pres. Ramón Castillo Av",
        "categoria": "Centro Cultural / Espacio de Rap"
      },
      "geometry": {
        "type": "Point",
        "coordinates": [
          -58.3830649,
          -34.5801613
        ]
      }
    },
    {
      "type": "Feature",
      "properties": {
        "name": "REDUCI- MUTUALIDAD ITALIANA DE EX COMBATIENTES",
        "provincia": "Ciudad Autónoma de Buenos Aires",
        "localidad": "Ciudad Autonoma de Buenos Aires",
        "domicilio": "Presidente Luis Sáenz Peña 1442",
        "categoria": "Centro Cultural / Espacio de Rap"
      },
      "geometry": {
        "type": "Point",
        "coordinates": [
          -58.38705786,
          -34.625387
        ]
      }
    },
    {
      "type": "Feature",
      "properties": {
        "name": "Club Cultural Matienzo",
        "provincia": "Ciudad Autónoma de Buenos Aires",
        "localidad": "Ciudad Autonoma de Buenos Aires",
        "domicilio": "Pringles 1249",
        "categoria": "Centro Cultural / Espacio de Rap"
      },
      "geometry": {
        "type": "Point",
        "coordinates": [
          -58.42630148,
          -34.59732357
        ]
      }
    },
    {
      "type": "Feature",
      "properties": {
        "name": "Estudio Kalo",
        "provincia": "Ciudad Autónoma de Buenos Aires",
        "localidad": "Ciudad Autonoma de Buenos Aires",
        "domicilio": "Puán 481",
        "categoria": "Centro Cultural / Espacio de Rap"
      },
      "geometry": {
        "type": "Point",
        "coordinates": [
          -58.44682,
          -34.62827
        ]
      }
    },
    {
      "type": "Feature",
      "properties": {
        "name": "Espacio Pujol",
        "provincia": "Ciudad Autónoma de Buenos Aires",
        "localidad": "Ciudad Autonoma de Buenos Aires",
        "domicilio": "Pujol 1110",
        "categoria": "Centro Cultural / Espacio de Rap"
      },
      "geometry": {
        "type": "Point",
        "coordinates": [
          -58.45120406,
          -34.60973823
        ]
      }
    },
    {
      "type": "Feature",
      "properties": {
        "name": "IMPA Centro Cultural IMPA La Fábrica",
        "provincia": "Ciudad Autónoma de Buenos Aires",
        "localidad": "Ciudad Autonoma de Buenos Aires",
        "domicilio": "Querandíes 4290",
        "categoria": "Centro Cultural / Espacio de Rap"
      },
      "geometry": {
        "type": "Point",
        "coordinates": [
          -58.427187,
          -34.611258
        ]
      }
    },
    {
      "type": "Feature",
      "properties": {
        "name": "El Taller De Jacinto Espacio De Arte",
        "provincia": "Ciudad Autónoma de Buenos Aires",
        "localidad": "Ciudad Autonoma de Buenos Aires",
        "domicilio": "Quinquela Martin. Benito 1201",
        "categoria": "Centro Cultural / Espacio de Rap"
      },
      "geometry": {
        "type": "Point",
        "coordinates": [
          -58.3673207,
          -34.6427011
        ]
      }
    },
    {
      "type": "Feature",
      "properties": {
        "name": "Oceanario Club Cultural",
        "provincia": "Ciudad Autónoma de Buenos Aires",
        "localidad": "Ciudad Autonoma de Buenos Aires",
        "domicilio": "Remedios de Escalada de San Martín 332",
        "categoria": "Centro Cultural / Espacio de Rap"
      },
      "geometry": {
        "type": "Point",
        "coordinates": [
          -58.44977626,
          -34.60013055
        ]
      }
    },
    {
      "type": "Feature",
      "properties": {
        "name": "Complejo Cultural Sanidad",
        "provincia": "Ciudad Autónoma de Buenos Aires",
        "localidad": "Ciudad Autonoma de Buenos Aires",
        "domicilio": "Republica Bolivariana De Venezuela 2255",
        "categoria": "Centro Cultural / Espacio de Rap"
      },
      "geometry": {
        "type": "Point",
        "coordinates": [
          -58.3986715,
          -34.6149751
        ]
      }
    },
    {
      "type": "Feature",
      "properties": {
        "name": "Rincon Casa Cultural",
        "provincia": "Ciudad Autónoma de Buenos Aires",
        "localidad": "Ciudad Autonoma de Buenos Aires",
        "domicilio": "Rincon 1330",
        "categoria": "Centro Cultural / Espacio de Rap"
      },
      "geometry": {
        "type": "Point",
        "coordinates": [
          -58.39468162,
          -34.62457711
        ]
      }
    },
    {
      "type": "Feature",
      "properties": {
        "name": "Jaciento Oviedo",
        "provincia": "Ciudad Autónoma de Buenos Aires",
        "localidad": "Ciudad Autonoma de Buenos Aires",
        "domicilio": "Riobamba 434",
        "categoria": "Centro Cultural / Espacio de Rap"
      },
      "geometry": {
        "type": "Point",
        "coordinates": [
          -58.39394799,
          -34.60406026
        ]
      }
    },
    {
      "type": "Feature",
      "properties": {
        "name": "Planta Alta",
        "provincia": "Ciudad Autónoma de Buenos Aires",
        "localidad": "Ciudad Autonoma de Buenos Aires",
        "domicilio": "Rivadavia Av. 7609",
        "categoria": "Centro Cultural / Espacio de Rap"
      },
      "geometry": {
        "type": "Point",
        "coordinates": [
          -58.472555,
          -34.6313889
        ]
      }
    },
    {
      "type": "Feature",
      "properties": {
        "name": "Ter",
        "provincia": "Ciudad Autónoma de Buenos Aires",
        "localidad": "Ciudad Autonoma de Buenos Aires",
        "domicilio": "Rivadavia Av. 8535",
        "categoria": "Centro Cultural / Espacio de Rap"
      },
      "geometry": {
        "type": "Point",
        "coordinates": [
          -58.4838443,
          -34.6341842
        ]
      }
    },
    {
      "type": "Feature",
      "properties": {
        "name": "El Puente",
        "provincia": "Ciudad Autónoma de Buenos Aires",
        "localidad": "Ciudad Autonoma de Buenos Aires",
        "domicilio": "Rivadavia Av. 9810",
        "categoria": "Centro Cultural / Espacio de Rap"
      },
      "geometry": {
        "type": "Point",
        "coordinates": [
          -58.50231866,
          -34.6379429
        ]
      }
    },
    {
      "type": "Feature",
      "properties": {
        "name": "EspecialCultural Bar",
        "provincia": "Ciudad Autónoma de Buenos Aires",
        "localidad": "Ciudad Autonoma de Buenos Aires",
        "domicilio": "Rivadavia, Av. 1261",
        "categoria": "Centro Cultural / Espacio de Rap"
      },
      "geometry": {
        "type": "Point",
        "coordinates": [
          -58.38431,
          -34.60854
        ]
      }
    },
    {
      "type": "Feature",
      "properties": {
        "name": "Espacio Cultural Tinta Roja",
        "provincia": "Ciudad Autónoma de Buenos Aires",
        "localidad": "Ciudad Autonoma de Buenos Aires",
        "domicilio": "Roque Pérez 2910",
        "categoria": "Centro Cultural / Espacio de Rap"
      },
      "geometry": {
        "type": "Point",
        "coordinates": [
          -58.47404239,
          -34.56119622
        ]
      }
    },
    {
      "type": "Feature",
      "properties": {
        "name": "La Chilinga",
        "provincia": "Ciudad Autónoma de Buenos Aires",
        "localidad": "Ciudad Autonoma de Buenos Aires",
        "domicilio": "Ruiz Huidobro 4228",
        "categoria": "Centro Cultural / Espacio de Rap"
      },
      "geometry": {
        "type": "Point",
        "coordinates": [
          -58.4639935,
          -34.5408086
        ]
      }
    },
    {
      "type": "Feature",
      "properties": {
        "name": "Comunes",
        "provincia": "Ciudad Autónoma de Buenos Aires",
        "localidad": "Ciudad Autonoma de Buenos Aires",
        "domicilio": "s/d",
        "categoria": "Centro Cultural / Espacio de Rap"
      },
      "geometry": {
        "type": "Point",
        "coordinates": [
          -58.3887254,
          -34.61092523
        ]
      }
    },
    {
      "type": "Feature",
      "properties": {
        "name": "Casa Epuyen",
        "provincia": "Ciudad Autónoma de Buenos Aires",
        "localidad": "Ciudad Autonoma de Buenos Aires",
        "domicilio": "s/d",
        "categoria": "Centro Cultural / Espacio de Rap"
      },
      "geometry": {
        "type": "Point",
        "coordinates": [
          -58.4370894,
          -34.6075682
        ]
      }
    },
    {
      "type": "Feature",
      "properties": {
        "name": "Casa Safiras",
        "provincia": "Ciudad Autónoma de Buenos Aires",
        "localidad": "Ciudad Autonoma de Buenos Aires",
        "domicilio": "s/d",
        "categoria": "Centro Cultural / Espacio de Rap"
      },
      "geometry": {
        "type": "Point",
        "coordinates": [
          -58.4370894,
          -34.6075682
        ]
      }
    },
    {
      "type": "Feature",
      "properties": {
        "name": "Centro Cultural Maleza",
        "provincia": "Ciudad Autónoma de Buenos Aires",
        "localidad": "Ciudad Autonoma de Buenos Aires",
        "domicilio": "s/d",
        "categoria": "Centro Cultural / Espacio de Rap"
      },
      "geometry": {
        "type": "Point",
        "coordinates": [
          -58.4370894,
          -34.6075682
        ]
      }
    },
    {
      "type": "Feature",
      "properties": {
        "name": "La Peatonal, Espacio Cultural",
        "provincia": "Ciudad Autónoma de Buenos Aires",
        "localidad": "Ciudad Autonoma de Buenos Aires",
        "domicilio": "s/d",
        "categoria": "Centro Cultural / Espacio de Rap"
      },
      "geometry": {
        "type": "Point",
        "coordinates": [
          -58.4370894,
          -34.6075682
        ]
      }
    },
    {
      "type": "Feature",
      "properties": {
        "name": "Zugarra Casa Cultural",
        "provincia": "Ciudad Autónoma de Buenos Aires",
        "localidad": "Ciudad Autonoma de Buenos Aires",
        "domicilio": "s/d",
        "categoria": "Centro Cultural / Espacio de Rap"
      },
      "geometry": {
        "type": "Point",
        "coordinates": [
          -58.3887254,
          -34.61092523
        ]
      }
    },
    {
      "type": "Feature",
      "properties": {
        "name": "MAGMA",
        "provincia": "Ciudad Autónoma de Buenos Aires",
        "localidad": "Ciudad Autonoma de Buenos Aires",
        "domicilio": "s/d",
        "categoria": "Centro Cultural / Espacio de Rap"
      },
      "geometry": {
        "type": "Point",
        "coordinates": [
          -58.3887254,
          -34.61092523
        ]
      }
    },
    {
      "type": "Feature",
      "properties": {
        "name": "Polo Bandoneon",
        "provincia": "Ciudad Autónoma de Buenos Aires",
        "localidad": "Ciudad Autonoma de Buenos Aires",
        "domicilio": "Saenz Av. 1480",
        "categoria": "Centro Cultural / Espacio de Rap"
      },
      "geometry": {
        "type": "Point",
        "coordinates": [
          -58.41605657,
          -34.65823322
        ]
      }
    },
    {
      "type": "Feature",
      "properties": {
        "name": "La Muda",
        "provincia": "Ciudad Autónoma de Buenos Aires",
        "localidad": "Ciudad Autonoma de Buenos Aires",
        "domicilio": "Salta 611",
        "categoria": "Centro Cultural / Espacio de Rap"
      },
      "geometry": {
        "type": "Point",
        "coordinates": [
          -58.38326,
          -34.6156
        ]
      }
    },
    {
      "type": "Feature",
      "properties": {
        "name": "921 Casa Cultural",
        "provincia": "Ciudad Autónoma de Buenos Aires",
        "localidad": "Ciudad Autonoma de Buenos Aires",
        "domicilio": "San José De Calasanz 921",
        "categoria": "Centro Cultural / Espacio de Rap"
      },
      "geometry": {
        "type": "Point",
        "coordinates": [
          -58.43685772,
          -34.63015128
        ]
      }
    },
    {
      "type": "Feature",
      "properties": {
        "name": "El Tipografico",
        "provincia": "Ciudad Autónoma de Buenos Aires",
        "localidad": "Ciudad Autonoma de Buenos Aires",
        "domicilio": "San Juan Av. 3246",
        "categoria": "Centro Cultural / Espacio de Rap"
      },
      "geometry": {
        "type": "Point",
        "coordinates": [
          -58.41114731,
          -34.62494295
        ]
      }
    },
    {
      "type": "Feature",
      "properties": {
        "name": "Fundacion Hastinapura",
        "provincia": "Ciudad Autónoma de Buenos Aires",
        "localidad": "Ciudad Autonoma de Buenos Aires",
        "domicilio": "San Juan Av. 3679",
        "categoria": "Centro Cultural / Espacio de Rap"
      },
      "geometry": {
        "type": "Point",
        "coordinates": [
          -58.4173197,
          -34.6255219
        ]
      }
    },
    {
      "type": "Feature",
      "properties": {
        "name": "La Bisagra",
        "provincia": "Ciudad Autónoma de Buenos Aires",
        "localidad": "Ciudad Autonoma de Buenos Aires",
        "domicilio": "San Juan, Av. 1826",
        "categoria": "Centro Cultural / Espacio de Rap"
      },
      "geometry": {
        "type": "Point",
        "coordinates": [
          -58.3940945,
          -34.6228981
        ]
      }
    },
    {
      "type": "Feature",
      "properties": {
        "name": "Cusca Risun",
        "provincia": "Ciudad Autónoma de Buenos Aires",
        "localidad": "Ciudad Autonoma de Buenos Aires",
        "domicilio": "San Lorenzo 365",
        "categoria": "Centro Cultural / Espacio de Rap"
      },
      "geometry": {
        "type": "Point",
        "coordinates": [
          -58.3711252,
          -34.6166016
        ]
      }
    },
    {
      "type": "Feature",
      "properties": {
        "name": "Alter Ego",
        "provincia": "Ciudad Autónoma de Buenos Aires",
        "localidad": "Ciudad Autonoma de Buenos Aires",
        "domicilio": "San Martin Av. 5759",
        "categoria": "Centro Cultural / Espacio de Rap"
      },
      "geometry": {
        "type": "Point",
        "coordinates": [
          -58.4975951,
          -34.5965288
        ]
      }
    },
    {
      "type": "Feature",
      "properties": {
        "name": "Saldias Polo Cultural",
        "provincia": "Ciudad Autónoma de Buenos Aires",
        "localidad": "Ciudad Autonoma de Buenos Aires",
        "domicilio": "San Pedro De Jujuy",
        "categoria": "Centro Cultural / Espacio de Rap"
      },
      "geometry": {
        "type": "Point",
        "coordinates": [
          -58.400907,
          -34.5743652
        ]
      }
    },
    {
      "type": "Feature",
      "properties": {
        "name": "Otro Divague Espacio De Arte",
        "provincia": "Ciudad Autónoma de Buenos Aires",
        "localidad": "Ciudad Autonoma de Buenos Aires",
        "domicilio": "Sanchez De Bustamante 136",
        "categoria": "Centro Cultural / Espacio de Rap"
      },
      "geometry": {
        "type": "Point",
        "coordinates": [
          -58.4147202,
          -34.6080303
        ]
      }
    },
    {
      "type": "Feature",
      "properties": {
        "name": "Arte Xxi",
        "provincia": "Ciudad Autónoma de Buenos Aires",
        "localidad": "Ciudad Autonoma de Buenos Aires",
        "domicilio": "Sanchez De Bustamante 158",
        "categoria": "Centro Cultural / Espacio de Rap"
      },
      "geometry": {
        "type": "Point",
        "coordinates": [
          -58.4147429,
          -34.6077147
        ]
      }
    },
    {
      "type": "Feature",
      "properties": {
        "name": "Amarama Patio Cultural",
        "provincia": "Ciudad Autónoma de Buenos Aires",
        "localidad": "Ciudad Autonoma de Buenos Aires",
        "domicilio": "Sanchez de Bustamante 543",
        "categoria": "Centro Cultural / Espacio de Rap"
      },
      "geometry": {
        "type": "Point",
        "coordinates": [
          -58.4143322,
          -34.6035528
        ]
      }
    },
    {
      "type": "Feature",
      "properties": {
        "name": "Casa Gatica",
        "provincia": "Ciudad Autónoma de Buenos Aires",
        "localidad": "Ciudad Autonoma de Buenos Aires",
        "domicilio": "Sanchez De Bustamante 551",
        "categoria": "Centro Cultural / Espacio de Rap"
      },
      "geometry": {
        "type": "Point",
        "coordinates": [
          -58.41436226,
          -34.60347338
        ]
      }
    },
    {
      "type": "Feature",
      "properties": {
        "name": "Caff - Club Atletico Fernandez Fierro",
        "provincia": "Ciudad Autónoma de Buenos Aires",
        "localidad": "Ciudad Autonoma de Buenos Aires",
        "domicilio": "Sanchez De Bustamante 722",
        "categoria": "Centro Cultural / Espacio de Rap"
      },
      "geometry": {
        "type": "Point",
        "coordinates": [
          -58.4141308,
          -34.6015264
        ]
      }
    },
    {
      "type": "Feature",
      "properties": {
        "name": "Cultural Titi Rossi",
        "provincia": "Ciudad Autónoma de Buenos Aires",
        "localidad": "Ciudad Autonoma de Buenos Aires",
        "domicilio": "Sanchez De Loria 695",
        "categoria": "Centro Cultural / Espacio de Rap"
      },
      "geometry": {
        "type": "Point",
        "coordinates": [
          -58.41283561,
          -34.61800623
        ]
      }
    },
    {
      "type": "Feature",
      "properties": {
        "name": "Naranja Verde",
        "provincia": "Ciudad Autónoma de Buenos Aires",
        "localidad": "Ciudad Autonoma de Buenos Aires",
        "domicilio": "Santa Fe, Av. 1284",
        "categoria": "Centro Cultural / Espacio de Rap"
      },
      "geometry": {
        "type": "Point",
        "coordinates": [
          -58.38538704,
          -34.59580508
        ]
      }
    },
    {
      "type": "Feature",
      "properties": {
        "name": "Cc Amigos De Eladia Blasquez",
        "provincia": "Ciudad Autónoma de Buenos Aires",
        "localidad": "Ciudad Autonoma de Buenos Aires",
        "domicilio": "Santa Fe, Av. 5362",
        "categoria": "Centro Cultural / Espacio de Rap"
      },
      "geometry": {
        "type": "Point",
        "coordinates": [
          -58.435167,
          -34.57537897
        ]
      }
    },
    {
      "type": "Feature",
      "properties": {
        "name": "Casa El Mate",
        "provincia": "Ciudad Autónoma de Buenos Aires",
        "localidad": "Ciudad Autonoma de Buenos Aires",
        "domicilio": "Santiago Del Estero 638",
        "categoria": "Centro Cultural / Espacio de Rap"
      },
      "geometry": {
        "type": "Point",
        "coordinates": [
          -58.38435892,
          -34.61593732
        ]
      }
    },
    {
      "type": "Feature",
      "properties": {
        "name": "Centro Cultural San Martin",
        "provincia": "Ciudad Autónoma de Buenos Aires",
        "localidad": "Ciudad Autonoma de Buenos Aires",
        "domicilio": "Sarmiento 1551",
        "categoria": "Centro Cultural / Espacio de Rap"
      },
      "geometry": {
        "type": "Point",
        "coordinates": [
          -58.388585,
          -34.6053678
        ]
      }
    },
    {
      "type": "Feature",
      "properties": {
        "name": "Panda Rojo Espacio Cultural",
        "provincia": "Ciudad Autónoma de Buenos Aires",
        "localidad": "Ciudad Autonoma de Buenos Aires",
        "domicilio": "Sarmiento 3096",
        "categoria": "Centro Cultural / Espacio de Rap"
      },
      "geometry": {
        "type": "Point",
        "coordinates": [
          -58.40991132,
          -34.6067529
        ]
      }
    },
    {
      "type": "Feature",
      "properties": {
        "name": "Ciudad Cultural Konex",
        "provincia": "Ciudad Autónoma de Buenos Aires",
        "localidad": "Ciudad Autonoma de Buenos Aires",
        "domicilio": "Sarmiento 3125",
        "categoria": "Centro Cultural / Espacio de Rap"
      },
      "geometry": {
        "type": "Point",
        "coordinates": [
          -58.410406,
          -34.606676
        ]
      }
    },
    {
      "type": "Feature",
      "properties": {
        "name": "Centro Cultural Macedonia",
        "provincia": "Ciudad Autónoma de Buenos Aires",
        "localidad": "Ciudad Autonoma de Buenos Aires",
        "domicilio": "Sarmiento 3632",
        "categoria": "Centro Cultural / Espacio de Rap"
      },
      "geometry": {
        "type": "Point",
        "coordinates": [
          -58.41655138,
          -34.6057005
        ]
      }
    },
    {
      "type": "Feature",
      "properties": {
        "name": "Swing City",
        "provincia": "Ciudad Autónoma de Buenos Aires",
        "localidad": "Ciudad Autonoma de Buenos Aires",
        "domicilio": "Scalabrini Ortiz 103",
        "categoria": "Centro Cultural / Espacio de Rap"
      },
      "geometry": {
        "type": "Point",
        "coordinates": [
          -58.44096221,
          -34.60134246
        ]
      }
    },
    {
      "type": "Feature",
      "properties": {
        "name": "Ifa",
        "provincia": "Ciudad Autónoma de Buenos Aires",
        "localidad": "Ciudad Autonoma de Buenos Aires",
        "domicilio": "Scalabrini Ortiz. Raul Av. 326",
        "categoria": "Centro Cultural / Espacio de Rap"
      },
      "geometry": {
        "type": "Point",
        "coordinates": [
          -58.43835,
          -34.5994928
        ]
      }
    },
    {
      "type": "Feature",
      "properties": {
        "name": "Centro Cultural De Arte Y Movimiento - Baila Ba!",
        "provincia": "Ciudad Autónoma de Buenos Aires",
        "localidad": "Ciudad Autonoma de Buenos Aires",
        "domicilio": "Scalabrini Ortiz. Raul Av. 540",
        "categoria": "Centro Cultural / Espacio de Rap"
      },
      "geometry": {
        "type": "Point",
        "coordinates": [
          -58.4362014,
          -34.5981175
        ]
      }
    },
    {
      "type": "Feature",
      "properties": {
        "name": "Club Boddah",
        "provincia": "Ciudad Autónoma de Buenos Aires",
        "localidad": "Ciudad Autonoma de Buenos Aires",
        "domicilio": "Serrano 1291",
        "categoria": "Centro Cultural / Espacio de Rap"
      },
      "geometry": {
        "type": "Point",
        "coordinates": [
          -58.43216464,
          -34.59009247
        ]
      }
    },
    {
      "type": "Feature",
      "properties": {
        "name": "Asociacion Ucrania De Cultura Provista En La Republica Argentina",
        "provincia": "Ciudad Autónoma de Buenos Aires",
        "localidad": "Ciudad Autonoma de Buenos Aires",
        "domicilio": "Soler 5039",
        "categoria": "Centro Cultural / Espacio de Rap"
      },
      "geometry": {
        "type": "Point",
        "coordinates": [
          -58.4281124,
          -34.5843509
        ]
      }
    },
    {
      "type": "Feature",
      "properties": {
        "name": "Soria",
        "provincia": "Ciudad Autónoma de Buenos Aires",
        "localidad": "Ciudad Autonoma de Buenos Aires",
        "domicilio": "Soria 5148",
        "categoria": "Centro Cultural / Espacio de Rap"
      },
      "geometry": {
        "type": "Point",
        "coordinates": [
          -58.4323366,
          -34.5881733
        ]
      }
    },
    {
      "type": "Feature",
      "properties": {
        "name": "Sociedad Luz",
        "provincia": "Ciudad Autónoma de Buenos Aires",
        "localidad": "Ciudad Autonoma de Buenos Aires",
        "domicilio": "Suarez 1301",
        "categoria": "Centro Cultural / Espacio de Rap"
      },
      "geometry": {
        "type": "Point",
        "coordinates": [
          -58.3707579,
          -34.6381033
        ]
      }
    },
    {
      "type": "Feature",
      "properties": {
        "name": "Centro Ana Frank",
        "provincia": "Ciudad Autónoma de Buenos Aires",
        "localidad": "Ciudad Autonoma de Buenos Aires",
        "domicilio": "Superí 2647",
        "categoria": "Centro Cultural / Espacio de Rap"
      },
      "geometry": {
        "type": "Point",
        "coordinates": [
          -58.47082,
          -34.56282
        ]
      }
    },
    {
      "type": "Feature",
      "properties": {
        "name": "Tacuari Tango",
        "provincia": "Ciudad Autónoma de Buenos Aires",
        "localidad": "Ciudad Autonoma de Buenos Aires",
        "domicilio": "Tacuari 1557",
        "categoria": "Centro Cultural / Espacio de Rap"
      },
      "geometry": {
        "type": "Point",
        "coordinates": [
          -58.37759987,
          -34.62646866
        ]
      }
    },
    {
      "type": "Feature",
      "properties": {
        "name": "Tierra Violeta",
        "provincia": "Ciudad Autónoma de Buenos Aires",
        "localidad": "Ciudad Autonoma de Buenos Aires",
        "domicilio": "Tacuari 538",
        "categoria": "Centro Cultural / Espacio de Rap"
      },
      "geometry": {
        "type": "Point",
        "coordinates": [
          -58.3789243,
          -34.61450077
        ]
      }
    },
    {
      "type": "Feature",
      "properties": {
        "name": "La Casa",
        "provincia": "Ciudad Autónoma de Buenos Aires",
        "localidad": "Ciudad Autonoma de Buenos Aires",
        "domicilio": "Tarija 3900",
        "categoria": "Centro Cultural / Espacio de Rap"
      },
      "geometry": {
        "type": "Point",
        "coordinates": [
          -58.41928893,
          -34.62930985
        ]
      }
    },
    {
      "type": "Feature",
      "properties": {
        "name": "Cooperativa Cultural Qi",
        "provincia": "Ciudad Autónoma de Buenos Aires",
        "localidad": "Ciudad Autonoma de Buenos Aires",
        "domicilio": "Thames 240",
        "categoria": "Centro Cultural / Espacio de Rap"
      },
      "geometry": {
        "type": "Point",
        "coordinates": [
          -58.446262,
          -34.5976238
        ]
      }
    },
    {
      "type": "Feature",
      "properties": {
        "name": "La Senda",
        "provincia": "Ciudad Autónoma de Buenos Aires",
        "localidad": "Ciudad Autonoma de Buenos Aires",
        "domicilio": "Thorne 493",
        "categoria": "Centro Cultural / Espacio de Rap"
      },
      "geometry": {
        "type": "Point",
        "coordinates": [
          -58.45058,
          -34.63038
        ]
      }
    },
    {
      "type": "Feature",
      "properties": {
        "name": "Centro Cultural El Sueñero",
        "provincia": "Ciudad Autónoma de Buenos Aires",
        "localidad": "Ciudad Autonoma de Buenos Aires",
        "domicilio": "Tomas Liberti 1133",
        "categoria": "Centro Cultural / Espacio de Rap"
      },
      "geometry": {
        "type": "Point",
        "coordinates": [
          -58.3695674,
          -34.63160182
        ]
      }
    },
    {
      "type": "Feature",
      "properties": {
        "name": "Centro Cultural 25 De Mayo",
        "provincia": "Ciudad Autónoma de Buenos Aires",
        "localidad": "Ciudad Autonoma de Buenos Aires",
        "domicilio": "Triunvirato 4444",
        "categoria": "Centro Cultural / Espacio de Rap"
      },
      "geometry": {
        "type": "Point",
        "coordinates": [
          -58.48356807,
          -34.5761768
        ]
      }
    },
    {
      "type": "Feature",
      "properties": {
        "name": "Escash Espacio Cultural",
        "provincia": "Ciudad Autónoma de Buenos Aires",
        "localidad": "Ciudad Autonoma de Buenos Aires",
        "domicilio": "Triunvirato 5786",
        "categoria": "Centro Cultural / Espacio de Rap"
      },
      "geometry": {
        "type": "Point",
        "coordinates": [
          -58.49548772,
          -34.56522926
        ]
      }
    },
    {
      "type": "Feature",
      "properties": {
        "name": "Espacio Cultural Domus Artis",
        "provincia": "Ciudad Autónoma de Buenos Aires",
        "localidad": "Ciudad Autonoma de Buenos Aires",
        "domicilio": "Triunvirato, Av.   4307",
        "categoria": "Centro Cultural / Espacio de Rap"
      },
      "geometry": {
        "type": "Point",
        "coordinates": [
          -58.4815295,
          -34.5772614
        ]
      }
    },
    {
      "type": "Feature",
      "properties": {
        "name": "Centro Cultural Nueva Uriarte",
        "provincia": "Ciudad Autónoma de Buenos Aires",
        "localidad": "Ciudad Autonoma de Buenos Aires",
        "domicilio": "Uriarte 1289",
        "categoria": "Centro Cultural / Espacio de Rap"
      },
      "geometry": {
        "type": "Point",
        "coordinates": [
          -58.43536079,
          -34.58968043
        ]
      }
    },
    {
      "type": "Feature",
      "properties": {
        "name": "Centro Cultural Ernesto Sabato",
        "provincia": "Ciudad Autónoma de Buenos Aires",
        "localidad": "Ciudad Autonoma de Buenos Aires",
        "domicilio": "Uriburu 763",
        "categoria": "Centro Cultural / Espacio de Rap"
      },
      "geometry": {
        "type": "Point",
        "coordinates": [
          -58.410106,
          -34.620198
        ]
      }
    },
    {
      "type": "Feature",
      "properties": {
        "name": "Espacio Dos Puntos",
        "provincia": "Ciudad Autónoma de Buenos Aires",
        "localidad": "Ciudad Autonoma de Buenos Aires",
        "domicilio": "Uruguay 1223",
        "categoria": "Centro Cultural / Espacio de Rap"
      },
      "geometry": {
        "type": "Point",
        "coordinates": [
          -58.38724711,
          -34.59421623
        ]
      }
    },
    {
      "type": "Feature",
      "properties": {
        "name": "Flores Solidario",
        "provincia": "Ciudad Autónoma de Buenos Aires",
        "localidad": "Ciudad Autonoma de Buenos Aires",
        "domicilio": "Varela 336",
        "categoria": "Centro Cultural / Espacio de Rap"
      },
      "geometry": {
        "type": "Point",
        "coordinates": [
          -58.46356,
          -34.63354
        ]
      }
    },
    {
      "type": "Feature",
      "properties": {
        "name": "La Turba",
        "provincia": "Ciudad Autónoma de Buenos Aires",
        "localidad": "Ciudad Autonoma de Buenos Aires",
        "domicilio": "Varela Av. 503",
        "categoria": "Centro Cultural / Espacio de Rap"
      },
      "geometry": {
        "type": "Point",
        "coordinates": [
          -58.46293421,
          -34.63557136
        ]
      }
    },
    {
      "type": "Feature",
      "properties": {
        "name": "Morris",
        "provincia": "Ciudad Autónoma de Buenos Aires",
        "localidad": "Ciudad Autonoma de Buenos Aires",
        "domicilio": "Vega. Niceto. Cnel. Av. 5642",
        "categoria": "Centro Cultural / Espacio de Rap"
      },
      "geometry": {
        "type": "Point",
        "coordinates": [
          -58.43981873,
          -34.58648247
        ]
      }
    },
    {
      "type": "Feature",
      "properties": {
        "name": "El Galpon",
        "provincia": "Ciudad Autónoma de Buenos Aires",
        "localidad": "Ciudad Autonoma de Buenos Aires",
        "domicilio": "Vega. Niceto. Cnel. Av. 5976",
        "categoria": "Centro Cultural / Espacio de Rap"
      },
      "geometry": {
        "type": "Point",
        "coordinates": [
          -58.44338857,
          -34.58399114
        ]
      }
    },
    {
      "type": "Feature",
      "properties": {
        "name": "Chau Che Clu",
        "provincia": "Ciudad Autónoma de Buenos Aires",
        "localidad": "Ciudad Autonoma de Buenos Aires",
        "domicilio": "Velez Sarsfield Av. 216",
        "categoria": "Centro Cultural / Espacio de Rap"
      },
      "geometry": {
        "type": "Point",
        "coordinates": [
          -58.39003747,
          -34.63680291
        ]
      }
    },
    {
      "type": "Feature",
      "properties": {
        "name": "Oliverio Girondo",
        "provincia": "Ciudad Autónoma de Buenos Aires",
        "localidad": "Ciudad Autonoma de Buenos Aires",
        "domicilio": "Vera 574",
        "categoria": "Centro Cultural / Espacio de Rap"
      },
      "geometry": {
        "type": "Point",
        "coordinates": [
          -58.43830128,
          -34.59845732
        ]
      }
    },
    {
      "type": "Feature",
      "properties": {
        "name": "Centro Cultural Borges- Fund.Para Artes",
        "provincia": "Ciudad Autónoma de Buenos Aires",
        "localidad": "Ciudad Autonoma de Buenos Aires",
        "domicilio": "Viamonte 525",
        "categoria": "Centro Cultural / Espacio de Rap"
      },
      "geometry": {
        "type": "Point",
        "coordinates": [
          -58.374208,
          -34.599926
        ]
      }
    },
    {
      "type": "Feature",
      "properties": {
        "name": "Espacio Cultural Garcia",
        "provincia": "Ciudad Autónoma de Buenos Aires",
        "localidad": "Ciudad Autonoma de Buenos Aires",
        "domicilio": "Vidal 3801",
        "categoria": "Centro Cultural / Espacio de Rap"
      },
      "geometry": {
        "type": "Point",
        "coordinates": [
          -58.47320258,
          -34.54904524
        ]
      }
    },
    {
      "type": "Feature",
      "properties": {
        "name": "Cazadores De Arte",
        "provincia": "Ciudad Autónoma de Buenos Aires",
        "localidad": "Ciudad Autonoma de Buenos Aires",
        "domicilio": "Villaroel 1438",
        "categoria": "Centro Cultural / Espacio de Rap"
      },
      "geometry": {
        "type": "Point",
        "coordinates": [
          -58.44619488,
          -34.59167808
        ]
      }
    },
    {
      "type": "Feature",
      "properties": {
        "name": "Espacio Inboccalupo",
        "provincia": "Ciudad Autónoma de Buenos Aires",
        "localidad": "Ciudad Autonoma de Buenos Aires",
        "domicilio": "Virrey Arredondo 2493",
        "categoria": "Centro Cultural / Espacio de Rap"
      },
      "geometry": {
        "type": "Point",
        "coordinates": [
          -58.4517116,
          -34.5680166
        ]
      }
    },
    {
      "type": "Feature",
      "properties": {
        "name": "DYNART, Espacio de arte",
        "provincia": "Ciudad Autónoma de Buenos Aires",
        "localidad": "Ciudad Autonoma de Buenos Aires",
        "domicilio": "Vuelta de Obligado 3587",
        "categoria": "Centro Cultural / Espacio de Rap"
      },
      "geometry": {
        "type": "Point",
        "coordinates": [
          -58.46684,
          -34.54854
        ]
      }
    },
    {
      "type": "Feature",
      "properties": {
        "name": "Mojitos De Cuba",
        "provincia": "Ciudad Autónoma de Buenos Aires",
        "localidad": "Ciudad Autonoma de Buenos Aires",
        "domicilio": "Yerbal 1655",
        "categoria": "Centro Cultural / Espacio de Rap"
      },
      "geometry": {
        "type": "Point",
        "coordinates": [
          -58.4537702,
          -34.6241042
        ]
      }
    },
    {
      "type": "Feature",
      "properties": {
        "name": "Centro Politico Cultural El Hormiguero",
        "provincia": "Ciudad Autónoma de Buenos Aires",
        "localidad": "Ciudad Autonoma de Buenos Aires",
        "domicilio": "Yrigoyen. Hipolito 1440",
        "categoria": "Centro Cultural / Espacio de Rap"
      },
      "geometry": {
        "type": "Point",
        "coordinates": [
          -58.3868399,
          -34.61002739
        ]
      }
    },
    {
      "type": "Feature",
      "properties": {
        "name": "Galpon Cultural Piedrabuenarte",
        "provincia": "Ciudad Autónoma de Buenos Aires",
        "localidad": "Ciudad Autonoma de Buenos Aires",
        "domicilio": "Zuviria 6654",
        "categoria": "Centro Cultural / Espacio de Rap"
      },
      "geometry": {
        "type": "Point",
        "coordinates": [
          -58.4935744,
          -34.6759324
        ]
      }
    },
    {
      "type": "Feature",
      "properties": {
        "name": "Centro Cultural de Adolfo Alsina",
        "provincia": "Buenos Aires",
        "localidad": "Adolfo Alsina",
        "domicilio": "Mitre y Urquiza",
        "categoria": "Centro Cultural / Espacio de Rap"
      },
      "geometry": {
        "type": "Point",
        "coordinates": [
          -58.36525,
          -34.66271
        ]
      }
    },
    {
      "type": "Feature",
      "properties": {
        "name": "Centro Cultural Poeta Barbieri",
        "provincia": "Buenos Aires",
        "localidad": "Alberti",
        "domicilio": "Almirante Brown 46",
        "categoria": "Centro Cultural / Espacio de Rap"
      },
      "geometry": {
        "type": "Point",
        "coordinates": [
          -60.27897,
          -35.03033
        ]
      }
    },
    {
      "type": "Feature",
      "properties": {
        "name": "Espacio y Casa Cultural \"El Refugio\"",
        "provincia": "Buenos Aires",
        "localidad": "Almirante Brown",
        "domicilio": "Adolfo Alsina 1655",
        "categoria": "Centro Cultural / Espacio de Rap"
      },
      "geometry": {
        "type": "Point",
        "coordinates": [
          -58.37794,
          -34.82188
        ]
      }
    },
    {
      "type": "Feature",
      "properties": {
        "name": "Centro Cultural de Adrogue - Sala Bárbara Mujica",
        "provincia": "Buenos Aires",
        "localidad": "Almirante Brown",
        "domicilio": "Castelli 953",
        "categoria": "Centro Cultural / Espacio de Rap"
      },
      "geometry": {
        "type": "Point",
        "coordinates": [
          -58.388018,
          -34.80112
        ]
      }
    },
    {
      "type": "Feature",
      "properties": {
        "name": "La Casa Espacio de Debate y Cultura",
        "provincia": "Buenos Aires",
        "localidad": "Almirante Brown",
        "domicilio": "Collet 1021",
        "categoria": "Centro Cultural / Espacio de Rap"
      },
      "geometry": {
        "type": "Point",
        "coordinates": [
          -58.33402,
          -34.79776
        ]
      }
    },
    {
      "type": "Feature",
      "properties": {
        "name": "Los Bemoles",
        "provincia": "Buenos Aires",
        "localidad": "Almirante Brown",
        "domicilio": "Espora, Av. 4417",
        "categoria": "Centro Cultural / Espacio de Rap"
      },
      "geometry": {
        "type": "Point",
        "coordinates": [
          -58.38202,
          -34.83805
        ]
      }
    },
    {
      "type": "Feature",
      "properties": {
        "name": "Casa Municipal de la Cultura de Almte. Brown",
        "provincia": "Buenos Aires",
        "localidad": "Almirante Brown",
        "domicilio": "Esteban Adrogué 1224",
        "categoria": "Centro Cultural / Espacio de Rap"
      },
      "geometry": {
        "type": "Point",
        "coordinates": [
          -58.3901,
          -34.79862
        ]
      }
    },
    {
      "type": "Feature",
      "properties": {
        "name": "El Derrumblé",
        "provincia": "Buenos Aires",
        "localidad": "Almirante Brown",
        "domicilio": "Eugenio de Burzaco 716",
        "categoria": "Centro Cultural / Espacio de Rap"
      },
      "geometry": {
        "type": "Point",
        "coordinates": [
          -58.39286,
          -34.82629
        ]
      }
    },
    {
      "type": "Feature",
      "properties": {
        "name": "Arte en Movimiento",
        "provincia": "Buenos Aires",
        "localidad": "Almirante Brown",
        "domicilio": "Jorge Santiago Bynnón 1719",
        "categoria": "Centro Cultural / Espacio de Rap"
      },
      "geometry": {
        "type": "Point",
        "coordinates": [
          -58.3847,
          -34.79524
        ]
      }
    },
    {
      "type": "Feature",
      "properties": {
        "name": "Centro Cultural Lanza Sabaris",
        "provincia": "Buenos Aires",
        "localidad": "Almirante Brown",
        "domicilio": "Juan B. Azopardo 53",
        "categoria": "Centro Cultural / Espacio de Rap"
      },
      "geometry": {
        "type": "Point",
        "coordinates": [
          -58.38357,
          -34.79811
        ]
      }
    },
    {
      "type": "Feature",
      "properties": {
        "name": "Casa Elefante",
        "provincia": "Buenos Aires",
        "localidad": "Almirante Brown",
        "domicilio": "Pellegrini 970",
        "categoria": "Centro Cultural / Espacio de Rap"
      },
      "geometry": {
        "type": "Point",
        "coordinates": [
          -58.3905395,
          -34.8244444
        ]
      }
    },
    {
      "type": "Feature",
      "properties": {
        "name": "Deshoras Club de Música y Artes",
        "provincia": "Buenos Aires",
        "localidad": "Almirante Brown",
        "domicilio": "Roca 757",
        "categoria": "Centro Cultural / Espacio de Rap"
      },
      "geometry": {
        "type": "Point",
        "coordinates": [
          -58.39191,
          -34.8266
        ]
      }
    },
    {
      "type": "Feature",
      "properties": {
        "name": "LA CASA",
        "provincia": "Buenos Aires",
        "localidad": "Claypole",
        "domicilio": "Rodolfo Collet 1021",
        "categoria": "Centro Cultural / Espacio de Rap"
      },
      "geometry": {
        "type": "Point",
        "coordinates": [
          -58.33443378,
          -34.79763246
        ]
      }
    },
    {
      "type": "Feature",
      "properties": {
        "name": "Centro de Participación Comunitaria del Suburbio",
        "provincia": "Buenos Aires",
        "localidad": "Longchamps",
        "domicilio": "Alsina 355",
        "categoria": "Centro Cultural / Espacio de Rap"
      },
      "geometry": {
        "type": "Point",
        "coordinates": [
          -58.39119,
          -34.85632
        ]
      }
    },
    {
      "type": "Feature",
      "properties": {
        "name": "Casa De Chamigos",
        "provincia": "Buenos Aires",
        "localidad": "Longchamps",
        "domicilio": "Hipolito Yrigoyen 18015",
        "categoria": "Centro Cultural / Espacio de Rap"
      },
      "geometry": {
        "type": "Point",
        "coordinates": [
          -58.39221,
          -34.85774
        ]
      }
    },
    {
      "type": "Feature",
      "properties": {
        "name": "Centro Cultural Florentino Ameghino",
        "provincia": "Buenos Aires",
        "localidad": "Avellaneda",
        "domicilio": "25 de Mayo 851",
        "categoria": "Centro Cultural / Espacio de Rap"
      },
      "geometry": {
        "type": "Point",
        "coordinates": [
          -58.35612,
          -34.65575
        ]
      }
    },
    {
      "type": "Feature",
      "properties": {
        "name": "Centro Cultural Bella Vista",
        "provincia": "Buenos Aires",
        "localidad": "Avellaneda",
        "domicilio": "Almafuerte 559",
        "categoria": "Centro Cultural / Espacio de Rap"
      },
      "geometry": {
        "type": "Point",
        "coordinates": [
          -58.36132393,
          -34.65737168
        ]
      }
    },
    {
      "type": "Feature",
      "properties": {
        "name": "Centro Cultural La Casa del Flaco",
        "provincia": "Buenos Aires",
        "localidad": "Avellaneda",
        "domicilio": "Barcelo 537",
        "categoria": "Centro Cultural / Espacio de Rap"
      },
      "geometry": {
        "type": "Point",
        "coordinates": [
          -58.34119,
          -34.69488
        ]
      }
    },
    {
      "type": "Feature",
      "properties": {
        "name": "Asociación Cultural y Folklórica Martín Fierro",
        "provincia": "Buenos Aires",
        "localidad": "Avellaneda",
        "domicilio": "Bartolomé Mitre 2226",
        "categoria": "Centro Cultural / Espacio de Rap"
      },
      "geometry": {
        "type": "Point",
        "coordinates": [
          -58.35187,
          -34.67202
        ]
      }
    },
    {
      "type": "Feature",
      "properties": {
        "name": "Barracas al Sud",
        "provincia": "Buenos Aires",
        "localidad": "Avellaneda",
        "domicilio": "Bartolomé Mitre, Av. 366",
        "categoria": "Centro Cultural / Espacio de Rap"
      },
      "geometry": {
        "type": "Point",
        "coordinates": [
          -58.36909,
          -34.65908
        ]
      }
    },
    {
      "type": "Feature",
      "properties": {
        "name": "Centro Cultural A Cielo Abierto",
        "provincia": "Buenos Aires",
        "localidad": "Avellaneda",
        "domicilio": "Bartolomé Mitre, Av. y Maipú",
        "categoria": "Centro Cultural / Espacio de Rap"
      },
      "geometry": {
        "type": "Point",
        "coordinates": [
          -58.369878,
          -34.659001
        ]
      }
    },
    {
      "type": "Feature",
      "properties": {
        "name": "Sociedad de Fomento Bartolomé Mitre",
        "provincia": "Buenos Aires",
        "localidad": "Avellaneda",
        "domicilio": "Belgrano 6468",
        "categoria": "Centro Cultural / Espacio de Rap"
      },
      "geometry": {
        "type": "Point",
        "coordinates": [
          -58.3186,
          -34.70705
        ]
      }
    },
    {
      "type": "Feature",
      "properties": {
        "name": "Centro Cultural Justo Lynch",
        "provincia": "Buenos Aires",
        "localidad": "Avellaneda",
        "domicilio": "Bragado 5709",
        "categoria": "Centro Cultural / Espacio de Rap"
      },
      "geometry": {
        "type": "Point",
        "coordinates": [
          -58.320735,
          -34.698025
        ]
      }
    },
    {
      "type": "Feature",
      "properties": {
        "name": "Centro Cultural Patas Arriba",
        "provincia": "Buenos Aires",
        "localidad": "Avellaneda",
        "domicilio": "Brandsen 1517",
        "categoria": "Centro Cultural / Espacio de Rap"
      },
      "geometry": {
        "type": "Point",
        "coordinates": [
          -58.36089,
          -34.6695
        ]
      }
    },
    {
      "type": "Feature",
      "properties": {
        "name": "Centro Cultural La Curtiembre",
        "provincia": "Buenos Aires",
        "localidad": "Avellaneda",
        "domicilio": "Brandsen 3461",
        "categoria": "Centro Cultural / Espacio de Rap"
      },
      "geometry": {
        "type": "Point",
        "coordinates": [
          -58.34315,
          -34.68593
        ]
      }
    },
    {
      "type": "Feature",
      "properties": {
        "name": "Centro Cultural Hogares La Paz",
        "provincia": "Buenos Aires",
        "localidad": "Avellaneda",
        "domicilio": "Campichuelo 6757",
        "categoria": "Centro Cultural / Espacio de Rap"
      },
      "geometry": {
        "type": "Point",
        "coordinates": [
          -58.33049,
          -34.72228
        ]
      }
    },
    {
      "type": "Feature",
      "properties": {
        "name": "Hugo Caruso",
        "provincia": "Buenos Aires",
        "localidad": "Avellaneda",
        "domicilio": "Colón 450",
        "categoria": "Centro Cultural / Espacio de Rap"
      },
      "geometry": {
        "type": "Point",
        "coordinates": [
          -58.3711633,
          -34.6634132
        ]
      }
    },
    {
      "type": "Feature",
      "properties": {
        "name": "Sociedad de Fomento Villa J. Nuñez",
        "provincia": "Buenos Aires",
        "localidad": "Avellaneda",
        "domicilio": "Colonia 3800",
        "categoria": "Centro Cultural / Espacio de Rap"
      },
      "geometry": {
        "type": "Point",
        "coordinates": [
          -58.33654,
          -34.6808
        ]
      }
    },
    {
      "type": "Feature",
      "properties": {
        "name": "Sociedad de Fomento y Cultura Gral. Lavalle",
        "provincia": "Buenos Aires",
        "localidad": "Avellaneda",
        "domicilio": "Constitucion 627",
        "categoria": "Centro Cultural / Espacio de Rap"
      },
      "geometry": {
        "type": "Point",
        "coordinates": [
          -58.3707007,
          -34.6663808
        ]
      }
    },
    {
      "type": "Feature",
      "properties": {
        "name": "Sociedad de Fomento y Cultura Barrio Agüero",
        "provincia": "Buenos Aires",
        "localidad": "Avellaneda",
        "domicilio": "Crisólogo Larralde 114",
        "categoria": "Centro Cultural / Espacio de Rap"
      },
      "geometry": {
        "type": "Point",
        "coordinates": [
          -58.37887,
          -34.66974
        ]
      }
    },
    {
      "type": "Feature",
      "properties": {
        "name": "Sociedad de Fomento Villa Argentina",
        "provincia": "Buenos Aires",
        "localidad": "Avellaneda",
        "domicilio": "De la Serna 2022",
        "categoria": "Centro Cultural / Espacio de Rap"
      },
      "geometry": {
        "type": "Point",
        "coordinates": [
          -58.36384,
          -34.69227
        ]
      }
    },
    {
      "type": "Feature",
      "properties": {
        "name": "El Semillero - Fábrica de Arte",
        "provincia": "Buenos Aires",
        "localidad": "Avellaneda",
        "domicilio": "Debenedetti 3450",
        "categoria": "Centro Cultural / Espacio de Rap"
      },
      "geometry": {
        "type": "Point",
        "coordinates": [
          -58.34411,
          -34.67474
        ]
      }
    },
    {
      "type": "Feature",
      "properties": {
        "name": "Centro Cultural 13 de Julio",
        "provincia": "Buenos Aires",
        "localidad": "Avellaneda",
        "domicilio": "Defensa 1558",
        "categoria": "Centro Cultural / Espacio de Rap"
      },
      "geometry": {
        "type": "Point",
        "coordinates": [
          -58.4534,
          -34.62044
        ]
      }
    },
    {
      "type": "Feature",
      "properties": {
        "name": "Sociedad de Fomento Villa Mercado",
        "provincia": "Buenos Aires",
        "localidad": "Avellaneda",
        "domicilio": "Elizalde 1132",
        "categoria": "Centro Cultural / Espacio de Rap"
      },
      "geometry": {
        "type": "Point",
        "coordinates": [
          -58.36671,
          -34.68207
        ]
      }
    },
    {
      "type": "Feature",
      "properties": {
        "name": "Sociedad de Fomento Villa Echenagucia",
        "provincia": "Buenos Aires",
        "localidad": "Avellaneda",
        "domicilio": "Elizalde 1545",
        "categoria": "Centro Cultural / Espacio de Rap"
      },
      "geometry": {
        "type": "Point",
        "coordinates": [
          -58.37092,
          -34.68546
        ]
      }
    },
    {
      "type": "Feature",
      "properties": {
        "name": "Sociedad de Fomento Martin de Guemes",
        "provincia": "Buenos Aires",
        "localidad": "Avellaneda",
        "domicilio": "Emilio Berisso 1201",
        "categoria": "Centro Cultural / Espacio de Rap"
      },
      "geometry": {
        "type": "Point",
        "coordinates": [
          -58.36637,
          -34.67274
        ]
      }
    },
    {
      "type": "Feature",
      "properties": {
        "name": "Sociedad de Fomento Villa Bernasconi",
        "provincia": "Buenos Aires",
        "localidad": "Avellaneda",
        "domicilio": "Emilio Zola 3967",
        "categoria": "Centro Cultural / Espacio de Rap"
      },
      "geometry": {
        "type": "Point",
        "coordinates": [
          -58.33601,
          -34.6842
        ]
      }
    },
    {
      "type": "Feature",
      "properties": {
        "name": "Sociedad de Fomento y Cultura Juan Bautista Alberdi",
        "provincia": "Buenos Aires",
        "localidad": "Avellaneda",
        "domicilio": "Estanislao Zeballos 5652",
        "categoria": "Centro Cultural / Espacio de Rap"
      },
      "geometry": {
        "type": "Point",
        "coordinates": [
          -58.32101,
          -34.69758
        ]
      }
    },
    {
      "type": "Feature",
      "properties": {
        "name": "Surdanza",
        "provincia": "Buenos Aires",
        "localidad": "Avellaneda",
        "domicilio": "Estanislao Zeballos 5824",
        "categoria": "Centro Cultural / Espacio de Rap"
      },
      "geometry": {
        "type": "Point",
        "coordinates": [
          -58.33166,
          -34.68958
        ]
      }
    },
    {
      "type": "Feature",
      "properties": {
        "name": "Sociedad Cosmopolita de Socorros Mutuos Unión de Wilde",
        "provincia": "Buenos Aires",
        "localidad": "Avellaneda",
        "domicilio": "Estanislao Zeballos 6256",
        "categoria": "Centro Cultural / Espacio de Rap"
      },
      "geometry": {
        "type": "Point",
        "coordinates": [
          -58.31471,
          -34.70274
        ]
      }
    },
    {
      "type": "Feature",
      "properties": {
        "name": "Sociedad de Fomento Lucio Mansilla",
        "provincia": "Buenos Aires",
        "localidad": "Avellaneda",
        "domicilio": "Eva Peron 1350",
        "categoria": "Centro Cultural / Espacio de Rap"
      },
      "geometry": {
        "type": "Point",
        "coordinates": [
          -58.36407,
          -34.68029
        ]
      }
    },
    {
      "type": "Feature",
      "properties": {
        "name": "Sociedad de Fomento Honor y Fuerza",
        "provincia": "Buenos Aires",
        "localidad": "Avellaneda",
        "domicilio": "Florencio Varela 2198",
        "categoria": "Centro Cultural / Espacio de Rap"
      },
      "geometry": {
        "type": "Point",
        "coordinates": [
          -58.38042,
          -34.68753
        ]
      }
    },
    {
      "type": "Feature",
      "properties": {
        "name": "Centro Cultural Carlino II",
        "provincia": "Buenos Aires",
        "localidad": "Avellaneda",
        "domicilio": "Galicia 401",
        "categoria": "Centro Cultural / Espacio de Rap"
      },
      "geometry": {
        "type": "Point",
        "coordinates": [
          -58.38666,
          -34.67365
        ]
      }
    },
    {
      "type": "Feature",
      "properties": {
        "name": "Centro Cultural Alas del Sur",
        "provincia": "Buenos Aires",
        "localidad": "Avellaneda",
        "domicilio": "General Mansilla 798",
        "categoria": "Centro Cultural / Espacio de Rap"
      },
      "geometry": {
        "type": "Point",
        "coordinates": [
          -58.36642,
          -34.67719
        ]
      }
    },
    {
      "type": "Feature",
      "properties": {
        "name": "Centro Cultural Lo de Alber",
        "provincia": "Buenos Aires",
        "localidad": "Avellaneda",
        "domicilio": "Giribone 655",
        "categoria": "Centro Cultural / Espacio de Rap"
      },
      "geometry": {
        "type": "Point",
        "coordinates": [
          -58.37968742,
          -34.66309009
        ]
      }
    },
    {
      "type": "Feature",
      "properties": {
        "name": "Sociedad de Fomento Villa Marconi",
        "provincia": "Buenos Aires",
        "localidad": "Avellaneda",
        "domicilio": "Gral. Acha 1726",
        "categoria": "Centro Cultural / Espacio de Rap"
      },
      "geometry": {
        "type": "Point",
        "coordinates": [
          -58.36,
          -34.69589
        ]
      }
    },
    {
      "type": "Feature",
      "properties": {
        "name": "Azucena Villaflor",
        "provincia": "Buenos Aires",
        "localidad": "Avellaneda",
        "domicilio": "Güemes 1411",
        "categoria": "Centro Cultural / Espacio de Rap"
      },
      "geometry": {
        "type": "Point",
        "coordinates": [
          -58.36162,
          -34.67275
        ]
      }
    },
    {
      "type": "Feature",
      "properties": {
        "name": "Sociedad de Fomento Manuel Benito Gonnet",
        "provincia": "Buenos Aires",
        "localidad": "Avellaneda",
        "domicilio": "Heredia 6489",
        "categoria": "Centro Cultural / Espacio de Rap"
      },
      "geometry": {
        "type": "Point",
        "coordinates": [
          -58.32812,
          -34.71651
        ]
      }
    },
    {
      "type": "Feature",
      "properties": {
        "name": "Club de Circo Kamaj Pacha",
        "provincia": "Buenos Aires",
        "localidad": "Avellaneda",
        "domicilio": "Hipolito Yrigoyen 1201",
        "categoria": "Centro Cultural / Espacio de Rap"
      },
      "geometry": {
        "type": "Point",
        "coordinates": [
          -58.3813807,
          -34.6712221
        ]
      }
    },
    {
      "type": "Feature",
      "properties": {
        "name": "Centro Cultural Carlino",
        "provincia": "Buenos Aires",
        "localidad": "Avellaneda",
        "domicilio": "Hipólito Yrigoyen 1299",
        "categoria": "Centro Cultural / Espacio de Rap"
      },
      "geometry": {
        "type": "Point",
        "coordinates": [
          -58.38169,
          -34.67187
        ]
      }
    },
    {
      "type": "Feature",
      "properties": {
        "name": "Polideportivo Gabino Alegre",
        "provincia": "Buenos Aires",
        "localidad": "Avellaneda",
        "domicilio": "Homero Manzi 174",
        "categoria": "Centro Cultural / Espacio de Rap"
      },
      "geometry": {
        "type": "Point",
        "coordinates": [
          -58.34463,
          -34.70553
        ]
      }
    },
    {
      "type": "Feature",
      "properties": {
        "name": "Centro Cultural Un Grito de Corazón",
        "provincia": "Buenos Aires",
        "localidad": "Avellaneda",
        "domicilio": "Independencia 15",
        "categoria": "Centro Cultural / Espacio de Rap"
      },
      "geometry": {
        "type": "Point",
        "coordinates": [
          -58.34823,
          -34.67721
        ]
      }
    },
    {
      "type": "Feature",
      "properties": {
        "name": "Casa Rayuela",
        "provincia": "Buenos Aires",
        "localidad": "Avellaneda",
        "domicilio": "La Rioja",
        "categoria": "Centro Cultural / Espacio de Rap"
      },
      "geometry": {
        "type": "Point",
        "coordinates": [
          -58.39405,
          -34.67775
        ]
      }
    },
    {
      "type": "Feature",
      "properties": {
        "name": "Giros",
        "provincia": "Buenos Aires",
        "localidad": "Avellaneda",
        "domicilio": "Lacarra 1633",
        "categoria": "Centro Cultural / Espacio de Rap"
      },
      "geometry": {
        "type": "Point",
        "coordinates": [
          -58.37396,
          -34.68481
        ]
      }
    },
    {
      "type": "Feature",
      "properties": {
        "name": "Centro Cultural La Calle Larga",
        "provincia": "Buenos Aires",
        "localidad": "Avellaneda",
        "domicilio": "Laprida 298",
        "categoria": "Centro Cultural / Espacio de Rap"
      },
      "geometry": {
        "type": "Point",
        "coordinates": [
          -58.35872,
          -34.66121
        ]
      }
    },
    {
      "type": "Feature",
      "properties": {
        "name": "Fundación Isla Maciel",
        "provincia": "Buenos Aires",
        "localidad": "Avellaneda",
        "domicilio": "Las Heras 249",
        "categoria": "Centro Cultural / Espacio de Rap"
      },
      "geometry": {
        "type": "Point",
        "coordinates": [
          -58.36098382,
          -34.66701977
        ]
      }
    },
    {
      "type": "Feature",
      "properties": {
        "name": "Sociedad de Fomento Villa Avellaneda",
        "provincia": "Buenos Aires",
        "localidad": "Avellaneda",
        "domicilio": "Manuel Galvez 4650",
        "categoria": "Centro Cultural / Espacio de Rap"
      },
      "geometry": {
        "type": "Point",
        "coordinates": [
          -58.34248,
          -34.70144
        ]
      }
    },
    {
      "type": "Feature",
      "properties": {
        "name": "Centro Cultural Nosotros Somos Ellos",
        "provincia": "Buenos Aires",
        "localidad": "Avellaneda",
        "domicilio": "Montes de Oca y V. López",
        "categoria": "Centro Cultural / Espacio de Rap"
      },
      "geometry": {
        "type": "Point",
        "coordinates": [
          -58.3598,
          -34.65432
        ]
      }
    },
    {
      "type": "Feature",
      "properties": {
        "name": "Juana Azurduy",
        "provincia": "Buenos Aires",
        "localidad": "Avellaneda",
        "domicilio": "Montes y Campichuelo sobre la plaza, Estación tren Gerli",
        "categoria": "Centro Cultural / Espacio de Rap"
      },
      "geometry": {
        "type": "Point",
        "coordinates": [
          -58.382265,
          -34.683734
        ]
      }
    },
    {
      "type": "Feature",
      "properties": {
        "name": "Centro Cultural 1° De Mayo",
        "provincia": "Buenos Aires",
        "localidad": "Avellaneda",
        "domicilio": "Morse y Escalada",
        "categoria": "Centro Cultural / Espacio de Rap"
      },
      "geometry": {
        "type": "Point",
        "coordinates": [
          -58.33968,
          -34.67425
        ]
      }
    },
    {
      "type": "Feature",
      "properties": {
        "name": "Centro Cultural A Cielo Abierto Armando Labollita",
        "provincia": "Buenos Aires",
        "localidad": "Avellaneda",
        "domicilio": "Pavón 64",
        "categoria": "Centro Cultural / Espacio de Rap"
      },
      "geometry": {
        "type": "Point",
        "coordinates": [
          -58.40432,
          -34.62783
        ]
      }
    },
    {
      "type": "Feature",
      "properties": {
        "name": "Centro Cultural Nueva Esperanza 2000",
        "provincia": "Buenos Aires",
        "localidad": "Avellaneda",
        "domicilio": "Pinzón entre Estévez y Levalle",
        "categoria": "Centro Cultural / Espacio de Rap"
      },
      "geometry": {
        "type": "Point",
        "coordinates": [
          -58.35353,
          -34.64927
        ]
      }
    },
    {
      "type": "Feature",
      "properties": {
        "name": "Sociedad de Fomento Gral. Pico",
        "provincia": "Buenos Aires",
        "localidad": "Avellaneda",
        "domicilio": "Posadas 1653",
        "categoria": "Centro Cultural / Espacio de Rap"
      },
      "geometry": {
        "type": "Point",
        "coordinates": [
          -58.34911,
          -34.70649
        ]
      }
    },
    {
      "type": "Feature",
      "properties": {
        "name": "Sala de exhibición de artes visuales Del Carmen Casa Club",
        "provincia": "Buenos Aires",
        "localidad": "Avellaneda",
        "domicilio": "Raquel Español 325",
        "categoria": "Centro Cultural / Espacio de Rap"
      },
      "geometry": {
        "type": "Point",
        "coordinates": [
          -58.31158,
          -34.70295
        ]
      }
    },
    {
      "type": "Feature",
      "properties": {
        "name": "Centro Cultural Quinta Galli Este",
        "provincia": "Buenos Aires",
        "localidad": "Avellaneda",
        "domicilio": "Ricardo Gutierrez 2102",
        "categoria": "Centro Cultural / Espacio de Rap"
      },
      "geometry": {
        "type": "Point",
        "coordinates": [
          -58.3465312,
          -34.6682666
        ]
      }
    },
    {
      "type": "Feature",
      "properties": {
        "name": "Centro Cultural La Sociedad / Sociedad de Fomento y Cultura Manuel Ocampo",
        "provincia": "Buenos Aires",
        "localidad": "Avellaneda",
        "domicilio": "Rivadavia 1952",
        "categoria": "Centro Cultural / Espacio de Rap"
      },
      "geometry": {
        "type": "Point",
        "coordinates": [
          -58.35859,
          -34.67598
        ]
      }
    },
    {
      "type": "Feature",
      "properties": {
        "name": "Cooperativa Cimarrón de Comunicación y Cultura",
        "provincia": "Buenos Aires",
        "localidad": "Avellaneda",
        "domicilio": "Rivero y Olidén",
        "categoria": "Centro Cultural / Espacio de Rap"
      },
      "geometry": {
        "type": "Point",
        "coordinates": [
          -58.38558,
          -34.66146
        ]
      }
    },
    {
      "type": "Feature",
      "properties": {
        "name": "Sarandiarte Espacio Cultural",
        "provincia": "Buenos Aires",
        "localidad": "Avellaneda",
        "domicilio": "Salto 63",
        "categoria": "Centro Cultural / Espacio de Rap"
      },
      "geometry": {
        "type": "Point",
        "coordinates": [
          -58.33934744,
          -34.68577801
        ]
      }
    },
    {
      "type": "Feature",
      "properties": {
        "name": "Sembrando Soberanía",
        "provincia": "Buenos Aires",
        "localidad": "Avellaneda",
        "domicilio": "San Marino y Paez Altura 1200 de Av. H. Yrigoyen",
        "categoria": "Centro Cultural / Espacio de Rap"
      },
      "geometry": {
        "type": "Point",
        "coordinates": [
          -58.38314086,
          -34.67071737
        ]
      }
    },
    {
      "type": "Feature",
      "properties": {
        "name": "Centro Municipal de Arte de Avellaneda  CMA",
        "provincia": "Buenos Aires",
        "localidad": "Avellaneda",
        "domicilio": "San Martín 797",
        "categoria": "Centro Cultural / Espacio de Rap"
      },
      "geometry": {
        "type": "Point",
        "coordinates": [
          -58.36546817,
          -34.66320198
        ]
      }
    },
    {
      "type": "Feature",
      "properties": {
        "name": "Sociedad de Fomento Wilde Este",
        "provincia": "Buenos Aires",
        "localidad": "Avellaneda",
        "domicilio": "San Nicolas 6132",
        "categoria": "Centro Cultural / Espacio de Rap"
      },
      "geometry": {
        "type": "Point",
        "coordinates": [
          -58.30867624,
          -34.69536408
        ]
      }
    },
    {
      "type": "Feature",
      "properties": {
        "name": "Sociedad de Fomento Villa San Martín e Ideal",
        "provincia": "Buenos Aires",
        "localidad": "Avellaneda",
        "domicilio": "Sarmiento 2064",
        "categoria": "Centro Cultural / Espacio de Rap"
      },
      "geometry": {
        "type": "Point",
        "coordinates": [
          -58.37115,
          -34.69245
        ]
      }
    },
    {
      "type": "Feature",
      "properties": {
        "name": "Club Reconquista de Suipacha",
        "provincia": "Buenos Aires",
        "localidad": "Avellaneda",
        "domicilio": "Suipacha 1937",
        "categoria": "Centro Cultural / Espacio de Rap"
      },
      "geometry": {
        "type": "Point",
        "coordinates": [
          -58.35866,
          -34.70369
        ]
      }
    },
    {
      "type": "Feature",
      "properties": {
        "name": "Sociedad Recreativa Cultural Deportiva y Fomento Idea Felíz",
        "provincia": "Buenos Aires",
        "localidad": "Avellaneda",
        "domicilio": "Triunvirato 1900",
        "categoria": "Centro Cultural / Espacio de Rap"
      },
      "geometry": {
        "type": "Point",
        "coordinates": [
          -58.38205,
          -34.6811
        ]
      }
    },
    {
      "type": "Feature",
      "properties": {
        "name": "Sociedad de Fomento Villa Gral San Martin de Pobladora",
        "provincia": "Buenos Aires",
        "localidad": "Avellaneda",
        "domicilio": "Uruguay 961",
        "categoria": "Centro Cultural / Espacio de Rap"
      },
      "geometry": {
        "type": "Point",
        "coordinates": [
          -58.39126,
          -34.66685
        ]
      }
    },
    {
      "type": "Feature",
      "properties": {
        "name": "Centro Cultural Nueva Esperanza",
        "provincia": "Buenos Aires",
        "localidad": "Avellaneda",
        "domicilio": "Vicente López 1660",
        "categoria": "Centro Cultural / Espacio de Rap"
      },
      "geometry": {
        "type": "Point",
        "coordinates": [
          -58.35166,
          -34.66485
        ]
      }
    },
    {
      "type": "Feature",
      "properties": {
        "name": "Centro Cultural Azucena Villaflor",
        "provincia": "Buenos Aires",
        "localidad": "Gerli",
        "domicilio": "General Güemes 1411",
        "categoria": "Centro Cultural / Espacio de Rap"
      },
      "geometry": {
        "type": "Point",
        "coordinates": [
          -58.37248,
          -34.68196
        ]
      }
    },
    {
      "type": "Feature",
      "properties": {
        "name": "Centro Cultural Giros",
        "provincia": "Buenos Aires",
        "localidad": "Gerli",
        "domicilio": "José Martín de la Serna 710",
        "categoria": "Centro Cultural / Espacio de Rap"
      },
      "geometry": {
        "type": "Point",
        "coordinates": [
          -58.3755,
          -34.68273
        ]
      }
    },
    {
      "type": "Feature",
      "properties": {
        "name": "Centro Cultural El Matute Cultural",
        "provincia": "Buenos Aires",
        "localidad": "Gerli",
        "domicilio": "Sarmiento 2102",
        "categoria": "Centro Cultural / Espacio de Rap"
      },
      "geometry": {
        "type": "Point",
        "coordinates": [
          -58.37165,
          -34.69297
        ]
      }
    },
    {
      "type": "Feature",
      "properties": {
        "name": "Centro Cultural Juana Azurduy",
        "provincia": "Buenos Aires",
        "localidad": "Gerli",
        "domicilio": "Victoriano Montes 2020",
        "categoria": "Centro Cultural / Espacio de Rap"
      },
      "geometry": {
        "type": "Point",
        "coordinates": [
          -58.38203,
          -34.68363
        ]
      }
    },
    {
      "type": "Feature",
      "properties": {
        "name": "Centro Cultural El Bastión",
        "provincia": "Buenos Aires",
        "localidad": "Sarandí",
        "domicilio": "Comodoro Rivadavia 2640",
        "categoria": "Centro Cultural / Espacio de Rap"
      },
      "geometry": {
        "type": "Point",
        "coordinates": [
          -58.3521,
          -34.68116
        ]
      }
    },
    {
      "type": "Feature",
      "properties": {
        "name": "Casa Cultural Mapuche ´´Ruka Kimun Mapuche´´",
        "provincia": "Buenos Aires",
        "localidad": "Bahía Blanca",
        "domicilio": "Alberti 198",
        "categoria": "Centro Cultural / Espacio de Rap"
      },
      "geometry": {
        "type": "Point",
        "coordinates": [
          -62.2847465,
          -38.7005005
        ]
      }
    },
    {
      "type": "Feature",
      "properties": {
        "name": "KÁNIKA",
        "provincia": "Buenos Aires",
        "localidad": "Bahía Blanca",
        "domicilio": "Belgrano 249",
        "categoria": "Centro Cultural / Espacio de Rap"
      },
      "geometry": {
        "type": "Point",
        "coordinates": [
          -62.26088643,
          -38.71717612
        ]
      }
    },
    {
      "type": "Feature",
      "properties": {
        "name": "Maroma",
        "provincia": "Buenos Aires",
        "localidad": "Bahía Blanca",
        "domicilio": "Charlone 386",
        "categoria": "Centro Cultural / Espacio de Rap"
      },
      "geometry": {
        "type": "Point",
        "coordinates": [
          -62.28286,
          -38.71388
        ]
      }
    },
    {
      "type": "Feature",
      "properties": {
        "name": "Vitró",
        "provincia": "Buenos Aires",
        "localidad": "Bahía Blanca",
        "domicilio": "Dorrego 378",
        "categoria": "Centro Cultural / Espacio de Rap"
      },
      "geometry": {
        "type": "Point",
        "coordinates": [
          -62.25718,
          -38.71729
        ]
      }
    },
    {
      "type": "Feature",
      "properties": {
        "name": "Espacio por el Arte EPA",
        "provincia": "Buenos Aires",
        "localidad": "Bahía Blanca",
        "domicilio": "Israel 88",
        "categoria": "Centro Cultural / Espacio de Rap"
      },
      "geometry": {
        "type": "Point",
        "coordinates": [
          -62.25737856,
          -38.72318408
        ]
      }
    },
    {
      "type": "Feature",
      "properties": {
        "name": "Centro Cultural La Panadería",
        "provincia": "Buenos Aires",
        "localidad": "Bahía Blanca",
        "domicilio": "Lamadrid 544",
        "categoria": "Centro Cultural / Espacio de Rap"
      },
      "geometry": {
        "type": "Point",
        "coordinates": [
          -62.25644775,
          -38.71985769
        ]
      }
    },
    {
      "type": "Feature",
      "properties": {
        "name": "Espacio Cultural Motor Colectivo",
        "provincia": "Buenos Aires",
        "localidad": "Bahía Blanca",
        "domicilio": "Misiones 89",
        "categoria": "Centro Cultural / Espacio de Rap"
      },
      "geometry": {
        "type": "Point",
        "coordinates": [
          -62.25582,
          -38.72904
        ]
      }
    },
    {
      "type": "Feature",
      "properties": {
        "name": "Pez Dorado Espacio Cultural",
        "provincia": "Buenos Aires",
        "localidad": "Bahía Blanca",
        "domicilio": "O'Higgins 578",
        "categoria": "Centro Cultural / Espacio de Rap"
      },
      "geometry": {
        "type": "Point",
        "coordinates": [
          -62.27231,
          -38.72509
        ]
      }
    },
    {
      "type": "Feature",
      "properties": {
        "name": "Espacio Hamaca",
        "provincia": "Buenos Aires",
        "localidad": "Bahía Blanca",
        "domicilio": "O'Higgins 584",
        "categoria": "Centro Cultural / Espacio de Rap"
      },
      "geometry": {
        "type": "Point",
        "coordinates": [
          -62.27242,
          -38.72525
        ]
      }
    },
    {
      "type": "Feature",
      "properties": {
        "name": "Centro cultural Evita",
        "provincia": "Buenos Aires",
        "localidad": "Bahía Blanca",
        "domicilio": "S/D",
        "categoria": "Centro Cultural / Espacio de Rap"
      },
      "geometry": {
        "type": "Point",
        "coordinates": [
          -62.2659599,
          -38.71380524
        ]
      }
    },
    {
      "type": "Feature",
      "properties": {
        "name": "Factor C Espacio de encuentro",
        "provincia": "Buenos Aires",
        "localidad": "Bahía Blanca",
        "domicilio": "Zeballos 275",
        "categoria": "Centro Cultural / Espacio de Rap"
      },
      "geometry": {
        "type": "Point",
        "coordinates": [
          -62.25785151,
          -38.71606336
        ]
      }
    },
    {
      "type": "Feature",
      "properties": {
        "name": "La Casa Del Fondo",
        "provincia": "Buenos Aires",
        "localidad": "Balcarce",
        "domicilio": "Calle 12 N°505",
        "categoria": "Centro Cultural / Espacio de Rap"
      },
      "geometry": {
        "type": "Point",
        "coordinates": [
          -58.2566,
          -37.84271
        ]
      }
    },
    {
      "type": "Feature",
      "properties": {
        "name": "Zirkoa Espacio en movimiento",
        "provincia": "Buenos Aires",
        "localidad": "Balcarce",
        "domicilio": "Calle 18 826",
        "categoria": "Centro Cultural / Espacio de Rap"
      },
      "geometry": {
        "type": "Point",
        "coordinates": [
          -58.25891,
          -37.85077
        ]
      }
    },
    {
      "type": "Feature",
      "properties": {
        "name": "Centro Cultural Atilio Marinelli",
        "provincia": "Buenos Aires",
        "localidad": "Benito Juarez",
        "domicilio": "Av. Otamendi 3",
        "categoria": "Centro Cultural / Espacio de Rap"
      },
      "geometry": {
        "type": "Point",
        "coordinates": [
          -59.806048,
          -37.674451
        ]
      }
    },
    {
      "type": "Feature",
      "properties": {
        "name": "Casa Cultural Julieta Lanteri",
        "provincia": "Buenos Aires",
        "localidad": "Berazategui",
        "domicilio": "Calle 15 A nº 4952",
        "categoria": "Centro Cultural / Espacio de Rap"
      },
      "geometry": {
        "type": "Point",
        "coordinates": [
          -58.2061786,
          -34.7618184
        ]
      }
    },
    {
      "type": "Feature",
      "properties": {
        "name": "Centro Cultural Leon F. Rigolleau",
        "provincia": "Buenos Aires",
        "localidad": "Berazategui",
        "domicilio": "Calle 15 n°5675",
        "categoria": "Centro Cultural / Espacio de Rap"
      },
      "geometry": {
        "type": "Point",
        "coordinates": [
          -58.199336,
          -34.757853
        ]
      }
    },
    {
      "type": "Feature",
      "properties": {
        "name": "Casa Zeta",
        "provincia": "Buenos Aires",
        "localidad": "Berisso",
        "domicilio": "Calle 8 y La Habana",
        "categoria": "Centro Cultural / Espacio de Rap"
      },
      "geometry": {
        "type": "Point",
        "coordinates": [
          -57.88976,
          -34.87216
        ]
      }
    },
    {
      "type": "Feature",
      "properties": {
        "name": "Florencio Constantino",
        "provincia": "Buenos Aires",
        "localidad": "Bragado",
        "domicilio": "Belgrano 1260",
        "categoria": "Centro Cultural / Espacio de Rap"
      },
      "geometry": {
        "type": "Point",
        "coordinates": [
          -60.489691,
          -35.11499
        ]
      }
    },
    {
      "type": "Feature",
      "properties": {
        "name": "EL MOLINO CULTURAL",
        "provincia": "Buenos Aires",
        "localidad": "Coronel Brandsen",
        "domicilio": "Av. Las Heras 634",
        "categoria": "Centro Cultural / Espacio de Rap"
      },
      "geometry": {
        "type": "Point",
        "coordinates": [
          -58.23763943,
          -35.16636196
        ]
      }
    },
    {
      "type": "Feature",
      "properties": {
        "name": "Centro Cultural La Rosa",
        "provincia": "Buenos Aires",
        "localidad": "Campana",
        "domicilio": "Sivori 916",
        "categoria": "Centro Cultural / Espacio de Rap"
      },
      "geometry": {
        "type": "Point",
        "coordinates": [
          -58.962552,
          -34.171598
        ]
      }
    },
    {
      "type": "Feature",
      "properties": {
        "name": "Centro Cultural Volver",
        "provincia": "Buenos Aires",
        "localidad": "Cañuelas",
        "domicilio": "s/d",
        "categoria": "Centro Cultural / Espacio de Rap"
      },
      "geometry": {
        "type": "Point",
        "coordinates": [
          -58.759215,
          -35.05203
        ]
      }
    },
    {
      "type": "Feature",
      "properties": {
        "name": "Centro Cultural 7 de Mayo",
        "provincia": "Buenos Aires",
        "localidad": "Carlos Casares",
        "domicilio": "Rodriguez Peña 525",
        "categoria": "Centro Cultural / Espacio de Rap"
      },
      "geometry": {
        "type": "Point",
        "coordinates": [
          -61.35434,
          -35.61624
        ]
      }
    },
    {
      "type": "Feature",
      "properties": {
        "name": "Isidoro espacio de Arte",
        "provincia": "Buenos Aires",
        "localidad": "Coronel Suarez",
        "domicilio": "Av. Casey 1052",
        "categoria": "Centro Cultural / Espacio de Rap"
      },
      "geometry": {
        "type": "Point",
        "coordinates": [
          -61.93126202,
          -37.45981178
        ]
      }
    },
    {
      "type": "Feature",
      "properties": {
        "name": "Escuela de Actividades Culturales Dora Pietranera de Donadio",
        "provincia": "Buenos Aires",
        "localidad": "Chacabuco",
        "domicilio": "Avellaneda 127",
        "categoria": "Centro Cultural / Espacio de Rap"
      },
      "geometry": {
        "type": "Point",
        "coordinates": [
          -60.47523948,
          -34.64162576
        ]
      }
    },
    {
      "type": "Feature",
      "properties": {
        "name": "Cuerpos en Movimiento Espacio de Arte Escénico",
        "provincia": "Buenos Aires",
        "localidad": "Chivilcoy",
        "domicilio": "Pueyrredón 466",
        "categoria": "Centro Cultural / Espacio de Rap"
      },
      "geometry": {
        "type": "Point",
        "coordinates": [
          -60.01349,
          -34.88901
        ]
      }
    },
    {
      "type": "Feature",
      "properties": {
        "name": "Restituyendo derechos, construyendo futuro",
        "provincia": "Buenos Aires",
        "localidad": "Dolores",
        "domicilio": "Ingeniero Quadri 35",
        "categoria": "Centro Cultural / Espacio de Rap"
      },
      "geometry": {
        "type": "Point",
        "coordinates": [
          -57.67862,
          -36.31566
        ]
      }
    },
    {
      "type": "Feature",
      "properties": {
        "name": "Residencia Artística Dos Ombúes",
        "provincia": "Buenos Aires",
        "localidad": "Dolores",
        "domicilio": "Pilotto sección quintas",
        "categoria": "Centro Cultural / Espacio de Rap"
      },
      "geometry": {
        "type": "Point",
        "coordinates": [
          -57.68436,
          -36.31906
        ]
      }
    },
    {
      "type": "Feature",
      "properties": {
        "name": "Centro Cultural Malvinas Argentinas",
        "provincia": "Buenos Aires",
        "localidad": "Ensenada",
        "domicilio": "La Merced 121",
        "categoria": "Centro Cultural / Espacio de Rap"
      },
      "geometry": {
        "type": "Point",
        "coordinates": [
          -57.90160803,
          -34.86152343
        ]
      }
    },
    {
      "type": "Feature",
      "properties": {
        "name": "Centro Cultural Mil Flores",
        "provincia": "Buenos Aires",
        "localidad": "Ensenada",
        "domicilio": "Sidotti 555",
        "categoria": "Centro Cultural / Espacio de Rap"
      },
      "geometry": {
        "type": "Point",
        "coordinates": [
          -57.9020785,
          -34.8627129
        ]
      }
    },
    {
      "type": "Feature",
      "properties": {
        "name": "Sala Ensueños",
        "provincia": "Buenos Aires",
        "localidad": "Escobar",
        "domicilio": "Av. San Martín 2068",
        "categoria": "Centro Cultural / Espacio de Rap"
      },
      "geometry": {
        "type": "Point",
        "coordinates": [
          -58.76932,
          -34.331
        ]
      }
    },
    {
      "type": "Feature",
      "properties": {
        "name": "Unión Vecinal Garin Oeste",
        "provincia": "Buenos Aires",
        "localidad": "Escobar",
        "domicilio": "Lavalle 4060",
        "categoria": "Centro Cultural / Espacio de Rap"
      },
      "geometry": {
        "type": "Point",
        "coordinates": [
          -58.74892,
          -34.41827
        ]
      }
    },
    {
      "type": "Feature",
      "properties": {
        "name": "ALMA, Espacio de Arte",
        "provincia": "Buenos Aires",
        "localidad": "Ingeniero Maschwitz",
        "domicilio": "El Dorado 2500",
        "categoria": "Centro Cultural / Espacio de Rap"
      },
      "geometry": {
        "type": "Point",
        "coordinates": [
          -58.7507663,
          -34.3778449
        ]
      }
    },
    {
      "type": "Feature",
      "properties": {
        "name": "Casa Popular Marielle Franco",
        "provincia": "Buenos Aires",
        "localidad": "Ingeniero Maschwitz",
        "domicilio": "Falucho 1418",
        "categoria": "Centro Cultural / Espacio de Rap"
      },
      "geometry": {
        "type": "Point",
        "coordinates": [
          -58.7375702,
          -34.3895605
        ]
      }
    },
    {
      "type": "Feature",
      "properties": {
        "name": "Centro Cultural El Galpón",
        "provincia": "Buenos Aires",
        "localidad": "Monte Grande",
        "domicilio": "Maximo Paz 146",
        "categoria": "Centro Cultural / Espacio de Rap"
      },
      "geometry": {
        "type": "Point",
        "coordinates": [
          -58.471927,
          -34.814956
        ]
      }
    },
    {
      "type": "Feature",
      "properties": {
        "name": "Casa de la Cultura de Madariaga",
        "provincia": "Buenos Aires",
        "localidad": "General Juan Madariaga",
        "domicilio": "Dr. Carlos Madariaga 499",
        "categoria": "Centro Cultural / Espacio de Rap"
      },
      "geometry": {
        "type": "Point",
        "coordinates": [
          -57.134141,
          -36.9974841
        ]
      }
    },
    {
      "type": "Feature",
      "properties": {
        "name": "Espacio cultural producciones independientes",
        "provincia": "Buenos Aires",
        "localidad": "General Juan Madariaga",
        "domicilio": "Rivadavia 608",
        "categoria": "Centro Cultural / Espacio de Rap"
      },
      "geometry": {
        "type": "Point",
        "coordinates": [
          -57.14187,
          -36.99484
        ]
      }
    },
    {
      "type": "Feature",
      "properties": {
        "name": "Mundo Dios",
        "provincia": "Buenos Aires",
        "localidad": "Mar del Plata",
        "domicilio": "12 de Octubre s/n",
        "categoria": "Centro Cultural / Espacio de Rap"
      },
      "geometry": {
        "type": "Point",
        "coordinates": [
          -57.5439013,
          -38.0447433
        ]
      }
    },
    {
      "type": "Feature",
      "properties": {
        "name": "Club Tri",
        "provincia": "Buenos Aires",
        "localidad": "Mar del Plata",
        "domicilio": "20 de Septiembre 2650",
        "categoria": "Centro Cultural / Espacio de Rap"
      },
      "geometry": {
        "type": "Point",
        "coordinates": [
          -57.5632,
          -38.00199
        ]
      }
    },
    {
      "type": "Feature",
      "properties": {
        "name": "América Libre",
        "provincia": "Buenos Aires",
        "localidad": "Mar del Plata",
        "domicilio": "20 de Septiembre y San Martín",
        "categoria": "Centro Cultural / Espacio de Rap"
      },
      "geometry": {
        "type": "Point",
        "coordinates": [
          -57.557067,
          -37.99426964
        ]
      }
    },
    {
      "type": "Feature",
      "properties": {
        "name": "Centro Cultural Osvaldo Soriano (Ex J. M. De Pueyrredón)",
        "provincia": "Buenos Aires",
        "localidad": "Mar del Plata",
        "domicilio": "25 de Mayo y Catamarca",
        "categoria": "Centro Cultural / Espacio de Rap"
      },
      "geometry": {
        "type": "Point",
        "coordinates": [
          -57.55082,
          -37.99517
        ]
      }
    },
    {
      "type": "Feature",
      "properties": {
        "name": "Espacio de arte AmArt",
        "provincia": "Buenos Aires",
        "localidad": "Mar del Plata",
        "domicilio": "Av. Edison 1293",
        "categoria": "Centro Cultural / Espacio de Rap"
      },
      "geometry": {
        "type": "Point",
        "coordinates": [
          -57.55551,
          -38.04739
        ]
      }
    },
    {
      "type": "Feature",
      "properties": {
        "name": "La Casa de Enfrente",
        "provincia": "Buenos Aires",
        "localidad": "Mar del Plata",
        "domicilio": "Diag. Alberdi Norte 2599",
        "categoria": "Centro Cultural / Espacio de Rap"
      },
      "geometry": {
        "type": "Point",
        "coordinates": [
          -57.54529,
          -37.99774
        ]
      }
    },
    {
      "type": "Feature",
      "properties": {
        "name": "Centro Cultural Taller Lascano",
        "provincia": "Buenos Aires",
        "localidad": "Mar del Plata",
        "domicilio": "España 2300",
        "categoria": "Centro Cultural / Espacio de Rap"
      },
      "geometry": {
        "type": "Point",
        "coordinates": [
          -57.559769,
          -37.999644
        ]
      }
    },
    {
      "type": "Feature",
      "properties": {
        "name": "Casa Intermitente",
        "provincia": "Buenos Aires",
        "localidad": "Mar del Plata",
        "domicilio": "Genova 2036",
        "categoria": "Centro Cultural / Espacio de Rap"
      },
      "geometry": {
        "type": "Point",
        "coordinates": [
          -57.55205649,
          -38.06490263
        ]
      }
    },
    {
      "type": "Feature",
      "properties": {
        "name": "Los Duendes",
        "provincia": "Buenos Aires",
        "localidad": "Mar del Plata",
        "domicilio": "Hipólito Yrigoyen 1984",
        "categoria": "Centro Cultural / Espacio de Rap"
      },
      "geometry": {
        "type": "Point",
        "coordinates": [
          -57.55158,
          -38.00018
        ]
      }
    },
    {
      "type": "Feature",
      "properties": {
        "name": "La Papallona Tetería Cultural",
        "provincia": "Buenos Aires",
        "localidad": "Mar del Plata",
        "domicilio": "Moreno 4164",
        "categoria": "Centro Cultural / Espacio de Rap"
      },
      "geometry": {
        "type": "Point",
        "coordinates": [
          -57.56466,
          -37.99393
        ]
      }
    },
    {
      "type": "Feature",
      "properties": {
        "name": "Casa Popular Maria Claudia Falcone",
        "provincia": "Buenos Aires",
        "localidad": "General San Martin",
        "domicilio": "Bonifacini 1785",
        "categoria": "Centro Cultural / Espacio de Rap"
      },
      "geometry": {
        "type": "Point",
        "coordinates": [
          -58.533575,
          -34.57842114
        ]
      }
    },
    {
      "type": "Feature",
      "properties": {
        "name": "Centro Cultural y Deportivo los Amigos de Villa Sarmiento",
        "provincia": "Buenos Aires",
        "localidad": "General San Martin",
        "domicilio": "Calle 119",
        "categoria": "Centro Cultural / Espacio de Rap"
      },
      "geometry": {
        "type": "Point",
        "coordinates": [
          -58.58212579,
          -34.55973538
        ]
      }
    },
    {
      "type": "Feature",
      "properties": {
        "name": "Centro Cultural Plaza",
        "provincia": "Buenos Aires",
        "localidad": "General San Martin",
        "domicilio": "Campos 2089",
        "categoria": "Centro Cultural / Espacio de Rap"
      },
      "geometry": {
        "type": "Point",
        "coordinates": [
          -58.537735,
          -34.57655
        ]
      }
    },
    {
      "type": "Feature",
      "properties": {
        "name": "IF Investigaciones del Futuro",
        "provincia": "Buenos Aires",
        "localidad": "General San Martin",
        "domicilio": "Intendente Boers 937",
        "categoria": "Centro Cultural / Espacio de Rap"
      },
      "geometry": {
        "type": "Point",
        "coordinates": [
          -58.52525,
          -34.58534
        ]
      }
    },
    {
      "type": "Feature",
      "properties": {
        "name": "Auditorio Hugo del Carril",
        "provincia": "Buenos Aires",
        "localidad": "General San Martín",
        "domicilio": "Diagonal 164 n°4151",
        "categoria": "Centro Cultural / Espacio de Rap"
      },
      "geometry": {
        "type": "Point",
        "coordinates": [
          -58.5805763,
          -34.54786341
        ]
      }
    },
    {
      "type": "Feature",
      "properties": {
        "name": "Centro Cultural y Biblioteca Popular la Carcova",
        "provincia": "Buenos Aires",
        "localidad": "Jose Leon Suarez",
        "domicilio": "Beltran 717",
        "categoria": "Centro Cultural / Espacio de Rap"
      },
      "geometry": {
        "type": "Point",
        "coordinates": [
          -58.57645,
          -34.52316
        ]
      }
    },
    {
      "type": "Feature",
      "properties": {
        "name": "MÚSICA EN SAN MARTÍN",
        "provincia": "Buenos Aires",
        "localidad": "San Martín",
        "domicilio": "S/D",
        "categoria": "Centro Cultural / Espacio de Rap"
      },
      "geometry": {
        "type": "Point",
        "coordinates": [
          -58.53495435,
          -34.56965338
        ]
      }
    },
    {
      "type": "Feature",
      "properties": {
        "name": "Centro Cultural La Bemba",
        "provincia": "Buenos Aires",
        "localidad": "Villa Ballester",
        "domicilio": "Balcarce 2915",
        "categoria": "Centro Cultural / Espacio de Rap"
      },
      "geometry": {
        "type": "Point",
        "coordinates": [
          -58.55762,
          -34.55013
        ]
      }
    },
    {
      "type": "Feature",
      "properties": {
        "name": "Centro Cultural y artístico Ana Pavlova",
        "provincia": "Buenos Aires",
        "localidad": "Villa Ballester",
        "domicilio": "Lavalle 2567",
        "categoria": "Centro Cultural / Espacio de Rap"
      },
      "geometry": {
        "type": "Point",
        "coordinates": [
          -58.5543,
          -34.54745
        ]
      }
    },
    {
      "type": "Feature",
      "properties": {
        "name": "Centro Cultural Espacios",
        "provincia": "Buenos Aires",
        "localidad": "Villa Ballester",
        "domicilio": "Witcomb 2623",
        "categoria": "Centro Cultural / Espacio de Rap"
      },
      "geometry": {
        "type": "Point",
        "coordinates": [
          -58.550875,
          -34.551174
        ]
      }
    },
    {
      "type": "Feature",
      "properties": {
        "name": "Centro Cultural Leopoldo Marechal",
        "provincia": "Buenos Aires",
        "localidad": "Hurlingham",
        "domicilio": "Av. Vergara 2396",
        "categoria": "Centro Cultural / Espacio de Rap"
      },
      "geometry": {
        "type": "Point",
        "coordinates": [
          -58.64208,
          -34.57673
        ]
      }
    },
    {
      "type": "Feature",
      "properties": {
        "name": "La Bicicletería",
        "provincia": "Buenos Aires",
        "localidad": "Ituzaingo",
        "domicilio": "Brandsen 517",
        "categoria": "Centro Cultural / Espacio de Rap"
      },
      "geometry": {
        "type": "Point",
        "coordinates": [
          -58.67365463,
          -34.65646035
        ]
      }
    },
    {
      "type": "Feature",
      "properties": {
        "name": "Casa Frida",
        "provincia": "Buenos Aires",
        "localidad": "Ituzaingo",
        "domicilio": "Domingo Olivera 1587",
        "categoria": "Centro Cultural / Espacio de Rap"
      },
      "geometry": {
        "type": "Point",
        "coordinates": [
          -58.67482,
          -34.66513
        ]
      }
    },
    {
      "type": "Feature",
      "properties": {
        "name": "Centro Cultural Bernardino Rivadavia",
        "provincia": "Buenos Aires",
        "localidad": "Ituzaingo",
        "domicilio": "Gobernador Mariano Acosta 255",
        "categoria": "Centro Cultural / Espacio de Rap"
      },
      "geometry": {
        "type": "Point",
        "coordinates": [
          -58.666186,
          -34.66239
        ]
      }
    },
    {
      "type": "Feature",
      "properties": {
        "name": "Huellas de Fuego",
        "provincia": "Buenos Aires",
        "localidad": "Jose C. Paz",
        "domicilio": "Jose Antonio Paez 4204",
        "categoria": "Centro Cultural / Espacio de Rap"
      },
      "geometry": {
        "type": "Point",
        "coordinates": [
          -58.78441705,
          -34.52344319
        ]
      }
    },
    {
      "type": "Feature",
      "properties": {
        "name": "Centro Cultural Paceño Asociación Civil",
        "provincia": "Buenos Aires",
        "localidad": "Jose C. Paz",
        "domicilio": "Zuviria 4852",
        "categoria": "Centro Cultural / Espacio de Rap"
      },
      "geometry": {
        "type": "Point",
        "coordinates": [
          -58.749764,
          -34.5211178
        ]
      }
    },
    {
      "type": "Feature",
      "properties": {
        "name": "CASA DE LA CULTURA PENSAR JUNIN",
        "provincia": "Buenos Aires",
        "localidad": "Junin",
        "domicilio": "Belgrano 32",
        "categoria": "Centro Cultural / Espacio de Rap"
      },
      "geometry": {
        "type": "Point",
        "coordinates": [
          -60.947612,
          -34.593261
        ]
      }
    },
    {
      "type": "Feature",
      "properties": {
        "name": "Dada club de arte",
        "provincia": "Buenos Aires",
        "localidad": "Junin",
        "domicilio": "Primera Junta 791",
        "categoria": "Centro Cultural / Espacio de Rap"
      },
      "geometry": {
        "type": "Point",
        "coordinates": [
          -60.94361,
          -34.57616
        ]
      }
    },
    {
      "type": "Feature",
      "properties": {
        "name": "Junta Vecinal de Laferrere 12 de Octubre",
        "provincia": "Buenos Aires",
        "localidad": "Gregorio de Laferrere",
        "domicilio": "Martin Coronado 3302",
        "categoria": "Centro Cultural / Espacio de Rap"
      },
      "geometry": {
        "type": "Point",
        "coordinates": [
          -58.59547,
          -34.74465
        ]
      }
    },
    {
      "type": "Feature",
      "properties": {
        "name": "Centro Cultural Leopoldo Marechal",
        "provincia": "Buenos Aires",
        "localidad": "Ramos Mejia",
        "domicilio": "Belgrano 75",
        "categoria": "Centro Cultural / Espacio de Rap"
      },
      "geometry": {
        "type": "Point",
        "coordinates": [
          -58.563168,
          -34.641555
        ]
      }
    },
    {
      "type": "Feature",
      "properties": {
        "name": "Centro de Estudios Sociales y Culturales La Locomotora",
        "provincia": "Buenos Aires",
        "localidad": "Lanús",
        "domicilio": "Marraspin 3471",
        "categoria": "Centro Cultural / Espacio de Rap"
      },
      "geometry": {
        "type": "Point",
        "coordinates": [
          -58.4038045,
          -34.7246725
        ]
      }
    },
    {
      "type": "Feature",
      "properties": {
        "name": "Espacio Disparate Casa de Artes",
        "provincia": "Buenos Aires",
        "localidad": "Lanús",
        "domicilio": "Sitio de Montevideo 1265",
        "categoria": "Centro Cultural / Espacio de Rap"
      },
      "geometry": {
        "type": "Point",
        "coordinates": [
          -58.387169,
          -34.707508
        ]
      }
    },
    {
      "type": "Feature",
      "properties": {
        "name": "Casa de La Cultura Villa Elisa",
        "provincia": "Buenos Aires",
        "localidad": "La Plata",
        "domicilio": "Arana 236",
        "categoria": "Centro Cultural / Espacio de Rap"
      },
      "geometry": {
        "type": "Point",
        "coordinates": [
          -58.076237,
          -34.851053
        ]
      }
    },
    {
      "type": "Feature",
      "properties": {
        "name": "Centro Recreativo Intercultural de Artes Crisoles",
        "provincia": "Buenos Aires",
        "localidad": "La Plata",
        "domicilio": "Av. 1 nº 477",
        "categoria": "Centro Cultural / Espacio de Rap"
      },
      "geometry": {
        "type": "Point",
        "coordinates": [
          -58.049417,
          -34.872163
        ]
      }
    },
    {
      "type": "Feature",
      "properties": {
        "name": "Viejo Almacen El Obrero",
        "provincia": "Buenos Aires",
        "localidad": "La Plata",
        "domicilio": "Av. 13 nº 1900",
        "categoria": "Centro Cultural / Espacio de Rap"
      },
      "geometry": {
        "type": "Point",
        "coordinates": [
          -57.942608,
          -34.897228
        ]
      }
    },
    {
      "type": "Feature",
      "properties": {
        "name": "Centro cultural de buena madera",
        "provincia": "Buenos Aires",
        "localidad": "La Plata",
        "domicilio": "Av. 38 N°170",
        "categoria": "Centro Cultural / Espacio de Rap"
      },
      "geometry": {
        "type": "Point",
        "coordinates": [
          -57.95304,
          -34.89771
        ]
      }
    },
    {
      "type": "Feature",
      "properties": {
        "name": "Centro Cultural Joaquín Areta",
        "provincia": "Buenos Aires",
        "localidad": "La Plata",
        "domicilio": "Calle 1 e/49y50",
        "categoria": "Centro Cultural / Espacio de Rap"
      },
      "geometry": {
        "type": "Point",
        "coordinates": [
          -57.9617,
          -34.89581
        ]
      }
    },
    {
      "type": "Feature",
      "properties": {
        "name": "Centro Cultural Calle Uno",
        "provincia": "Buenos Aires",
        "localidad": "La Plata",
        "domicilio": "Calle 1 N°236",
        "categoria": "Centro Cultural / Espacio de Rap"
      },
      "geometry": {
        "type": "Point",
        "coordinates": [
          -57.9573,
          -34.89868
        ]
      }
    },
    {
      "type": "Feature",
      "properties": {
        "name": "El Sótano Club Cultural",
        "provincia": "Buenos Aires",
        "localidad": "La Plata",
        "domicilio": "Calle 10 n° 967",
        "categoria": "Centro Cultural / Espacio de Rap"
      },
      "geometry": {
        "type": "Point",
        "coordinates": [
          -57.95178,
          -34.91855
        ]
      }
    },
    {
      "type": "Feature",
      "properties": {
        "name": "Colibrí arte y cultura platense",
        "provincia": "Buenos Aires",
        "localidad": "La Plata",
        "domicilio": "Calle 10 nº1305",
        "categoria": "Centro Cultural / Espacio de Rap"
      },
      "geometry": {
        "type": "Point",
        "coordinates": [
          -57.95348649,
          -34.9170755
        ]
      }
    },
    {
      "type": "Feature",
      "properties": {
        "name": "El Medio Aljibe",
        "provincia": "Buenos Aires",
        "localidad": "La Plata",
        "domicilio": "Calle 11 N° 1674",
        "categoria": "Centro Cultural / Espacio de Rap"
      },
      "geometry": {
        "type": "Point",
        "coordinates": [
          -57.93821,
          -34.93
        ]
      }
    },
    {
      "type": "Feature",
      "properties": {
        "name": "Sala El Angel Gris",
        "provincia": "Buenos Aires",
        "localidad": "La Plata",
        "domicilio": "Calle 115 Esquina 39",
        "categoria": "Centro Cultural / Espacio de Rap"
      },
      "geometry": {
        "type": "Point",
        "coordinates": [
          -57.953721,
          -34.899976
        ]
      }
    },
    {
      "type": "Feature",
      "properties": {
        "name": "Asociación Cultural Daniel Omar Favero",
        "provincia": "Buenos Aires",
        "localidad": "La Plata",
        "domicilio": "Calle 117 400 Hipódromo",
        "categoria": "Centro Cultural / Espacio de Rap"
      },
      "geometry": {
        "type": "Point",
        "coordinates": [
          -57.95059,
          -34.89886
        ]
      }
    },
    {
      "type": "Feature",
      "properties": {
        "name": "Laberinto Casa Club",
        "provincia": "Buenos Aires",
        "localidad": "La Plata",
        "domicilio": "Calle 13 N°1293",
        "categoria": "Centro Cultural / Espacio de Rap"
      },
      "geometry": {
        "type": "Point",
        "coordinates": [
          -57.94921,
          -34.92562
        ]
      }
    },
    {
      "type": "Feature",
      "properties": {
        "name": "Centro Cultural Estación Provincial",
        "provincia": "Buenos Aires",
        "localidad": "La Plata",
        "domicilio": "Calle 17 esq 71",
        "categoria": "Centro Cultural / Espacio de Rap"
      },
      "geometry": {
        "type": "Point",
        "coordinates": [
          -57.93936,
          -34.93954
        ]
      }
    },
    {
      "type": "Feature",
      "properties": {
        "name": "Centro Cultural El Faldón",
        "provincia": "Buenos Aires",
        "localidad": "La Plata",
        "domicilio": "Calle 17 esq 71",
        "categoria": "Centro Cultural / Espacio de Rap"
      },
      "geometry": {
        "type": "Point",
        "coordinates": [
          -57.93934,
          -34.93953
        ]
      }
    },
    {
      "type": "Feature",
      "properties": {
        "name": "Centro Cultural La Vuelta de Obligado",
        "provincia": "Buenos Aires",
        "localidad": "La Plata",
        "domicilio": "Calle 17 N°1408",
        "categoria": "Centro Cultural / Espacio de Rap"
      },
      "geometry": {
        "type": "Point",
        "coordinates": [
          -57.95037,
          -34.9313
        ]
      }
    },
    {
      "type": "Feature",
      "properties": {
        "name": "CIUDAD DE GATOS",
        "provincia": "Buenos Aires",
        "localidad": "La Plata",
        "domicilio": "Calle 17 N°1846",
        "categoria": "Centro Cultural / Espacio de Rap"
      },
      "geometry": {
        "type": "Point",
        "coordinates": [
          -57.94054629,
          -34.93825629
        ]
      }
    },
    {
      "type": "Feature",
      "properties": {
        "name": "Prisma Espacio Creativo",
        "provincia": "Buenos Aires",
        "localidad": "La Plata",
        "domicilio": "Calle 18 N°1869",
        "categoria": "Centro Cultural / Espacio de Rap"
      },
      "geometry": {
        "type": "Point",
        "coordinates": [
          -57.94116,
          -34.94004
        ]
      }
    },
    {
      "type": "Feature",
      "properties": {
        "name": "Centro Cultural Islas Malvinas",
        "provincia": "Buenos Aires",
        "localidad": "La Plata",
        "domicilio": "Calle 19 1201",
        "categoria": "Centro Cultural / Espacio de Rap"
      },
      "geometry": {
        "type": "Point",
        "coordinates": [
          -57.95711,
          -34.92983
        ]
      }
    },
    {
      "type": "Feature",
      "properties": {
        "name": "Centro Cultural La Carpintería",
        "provincia": "Buenos Aires",
        "localidad": "La Plata",
        "domicilio": "Calle 2 N°322",
        "categoria": "Centro Cultural / Espacio de Rap"
      },
      "geometry": {
        "type": "Point",
        "coordinates": [
          -57.95639,
          -34.90131
        ]
      }
    },
    {
      "type": "Feature",
      "properties": {
        "name": "Residencia Corazón",
        "provincia": "Buenos Aires",
        "localidad": "La Plata",
        "domicilio": "Calle 2 N°736",
        "categoria": "Centro Cultural / Espacio de Rap"
      },
      "geometry": {
        "type": "Point",
        "coordinates": [
          -57.94717,
          -34.90805
        ]
      }
    },
    {
      "type": "Feature",
      "properties": {
        "name": "Centro Cultural Ojalá",
        "provincia": "Buenos Aires",
        "localidad": "La Plata",
        "domicilio": "Calle 23 N°1112",
        "categoria": "Centro Cultural / Espacio de Rap"
      },
      "geometry": {
        "type": "Point",
        "coordinates": [
          -57.96252,
          -34.93234
        ]
      }
    },
    {
      "type": "Feature",
      "properties": {
        "name": "El Conventillo Centro Cultural",
        "provincia": "Buenos Aires",
        "localidad": "La Plata",
        "domicilio": "Calle 24 N°1690",
        "categoria": "Centro Cultural / Espacio de Rap"
      },
      "geometry": {
        "type": "Point",
        "coordinates": [
          -57.9513,
          -34.94241
        ]
      }
    },
    {
      "type": "Feature",
      "properties": {
        "name": "El Bosquecito Vivero Experimental. Espacio Cultural",
        "provincia": "Buenos Aires",
        "localidad": "La Plata",
        "domicilio": "Calle 25 entre 510y511",
        "categoria": "Centro Cultural / Espacio de Rap"
      },
      "geometry": {
        "type": "Point",
        "coordinates": [
          -57.97059,
          -34.92992
        ]
      }
    },
    {
      "type": "Feature",
      "properties": {
        "name": "Centro Cultural Área Chica",
        "provincia": "Buenos Aires",
        "localidad": "La Plata",
        "domicilio": "Calle 34  N°403",
        "categoria": "Centro Cultural / Espacio de Rap"
      },
      "geometry": {
        "type": "Point",
        "coordinates": [
          -57.96271,
          -34.89848
        ]
      }
    },
    {
      "type": "Feature",
      "properties": {
        "name": "Doble-T",
        "provincia": "Buenos Aires",
        "localidad": "La Plata",
        "domicilio": "Calle 34 1618",
        "categoria": "Centro Cultural / Espacio de Rap"
      },
      "geometry": {
        "type": "Point",
        "coordinates": [
          -57.98746,
          -34.92138
        ]
      }
    },
    {
      "type": "Feature",
      "properties": {
        "name": "La Casa espacio cultural",
        "provincia": "Buenos Aires",
        "localidad": "La Plata",
        "domicilio": "Calle 38 N°379",
        "categoria": "Centro Cultural / Espacio de Rap"
      },
      "geometry": {
        "type": "Point",
        "coordinates": [
          -57.94363,
          -34.88879
        ]
      }
    },
    {
      "type": "Feature",
      "properties": {
        "name": "La Bicicletería, Creación Colectiva",
        "provincia": "Buenos Aires",
        "localidad": "La Plata",
        "domicilio": "Calle 40 N°157",
        "categoria": "Centro Cultural / Espacio de Rap"
      },
      "geometry": {
        "type": "Point",
        "coordinates": [
          -57.9508,
          -34.89891
        ]
      }
    },
    {
      "type": "Feature",
      "properties": {
        "name": "Centro Cultura y Comunicación",
        "provincia": "Buenos Aires",
        "localidad": "La Plata",
        "domicilio": "Calle 42 N°585",
        "categoria": "Centro Cultural / Espacio de Rap"
      },
      "geometry": {
        "type": "Point",
        "coordinates": [
          -57.9573,
          -34.90858
        ]
      }
    },
    {
      "type": "Feature",
      "properties": {
        "name": "46 Multiespacio Cultural",
        "provincia": "Buenos Aires",
        "localidad": "La Plata",
        "domicilio": "Calle 46 N°421",
        "categoria": "Centro Cultural / Espacio de Rap"
      },
      "geometry": {
        "type": "Point",
        "coordinates": [
          -57.94942,
          -34.90892
        ]
      }
    },
    {
      "type": "Feature",
      "properties": {
        "name": "Casa Lealtad Peronista Lili Ferrari",
        "provincia": "Buenos Aires",
        "localidad": "La Plata",
        "domicilio": "Calle 49 N°1214",
        "categoria": "Centro Cultural / Espacio de Rap"
      },
      "geometry": {
        "type": "Point",
        "coordinates": [
          -57.96296,
          -34.92599
        ]
      }
    },
    {
      "type": "Feature",
      "properties": {
        "name": "Centro Cultural Camarada Pereyra CCCP",
        "provincia": "Buenos Aires",
        "localidad": "La Plata",
        "domicilio": "Calle 49 nº1137",
        "categoria": "Centro Cultural / Espacio de Rap"
      },
      "geometry": {
        "type": "Point",
        "coordinates": [
          -58.0873144,
          -34.85426451
        ]
      }
    },
    {
      "type": "Feature",
      "properties": {
        "name": "Club Cultural Casa Unclan",
        "provincia": "Buenos Aires",
        "localidad": "La Plata",
        "domicilio": "Calle 5 1512",
        "categoria": "Centro Cultural / Espacio de Rap"
      },
      "geometry": {
        "type": "Point",
        "coordinates": [
          -57.93574,
          -34.92161
        ]
      }
    },
    {
      "type": "Feature",
      "properties": {
        "name": "Casa de Cultura y Peña La Salamanca",
        "provincia": "Buenos Aires",
        "localidad": "La Plata",
        "domicilio": "Calle 5 N°1422",
        "categoria": "Centro Cultural / Espacio de Rap"
      },
      "geometry": {
        "type": "Point",
        "coordinates": [
          -57.93802,
          -34.92025
        ]
      }
    },
    {
      "type": "Feature",
      "properties": {
        "name": "Casa Lumpen Club Cultural Cannabico",
        "provincia": "Buenos Aires",
        "localidad": "La Plata",
        "domicilio": "Calle 5 N°1510",
        "categoria": "Centro Cultural / Espacio de Rap"
      },
      "geometry": {
        "type": "Point",
        "coordinates": [
          -57.93585,
          -34.92164
        ]
      }
    },
    {
      "type": "Feature",
      "properties": {
        "name": "Casa Jirón (FUNDACION DE DEFENSA SOCIAL FUDESO)",
        "provincia": "Buenos Aires",
        "localidad": "La Plata",
        "domicilio": "Calle 5 n°1777",
        "categoria": "Centro Cultural / Espacio de Rap"
      },
      "geometry": {
        "type": "Point",
        "coordinates": [
          -57.92989657,
          -34.92614973
        ]
      }
    },
    {
      "type": "Feature",
      "properties": {
        "name": "Casa Zaragoza",
        "provincia": "Buenos Aires",
        "localidad": "La Plata",
        "domicilio": "Calle 53 N°435",
        "categoria": "Centro Cultural / Espacio de Rap"
      },
      "geometry": {
        "type": "Point",
        "coordinates": [
          -57.94452,
          -34.91302
        ]
      }
    },
    {
      "type": "Feature",
      "properties": {
        "name": "CIPAE",
        "provincia": "Buenos Aires",
        "localidad": "La Plata",
        "domicilio": "Calle 54 nº 1324",
        "categoria": "Centro Cultural / Espacio de Rap"
      },
      "geometry": {
        "type": "Point",
        "coordinates": [
          -57.96187,
          -34.93045
        ]
      }
    },
    {
      "type": "Feature",
      "properties": {
        "name": "Centro Cultural C’est la Vie",
        "provincia": "Buenos Aires",
        "localidad": "La Plata",
        "domicilio": "Calle 55 N°1143",
        "categoria": "Centro Cultural / Espacio de Rap"
      },
      "geometry": {
        "type": "Point",
        "coordinates": [
          -57.95762,
          -34.92731
        ]
      }
    },
    {
      "type": "Feature",
      "properties": {
        "name": "Centro Cultural El Amor y la Igualdad",
        "provincia": "Buenos Aires",
        "localidad": "La Plata",
        "domicilio": "Calle 56 N° 681",
        "categoria": "Centro Cultural / Espacio de Rap"
      },
      "geometry": {
        "type": "Point",
        "coordinates": [
          -57.94742,
          -34.91937
        ]
      }
    },
    {
      "type": "Feature",
      "properties": {
        "name": "Casa Pulsar",
        "provincia": "Buenos Aires",
        "localidad": "La Plata",
        "domicilio": "Calle 58 N°512",
        "categoria": "Centro Cultural / Espacio de Rap"
      },
      "geometry": {
        "type": "Point",
        "coordinates": [
          -57.94192,
          -34.91766
        ]
      }
    },
    {
      "type": "Feature",
      "properties": {
        "name": "Centro Cultural El Núcleo",
        "provincia": "Buenos Aires",
        "localidad": "La Plata",
        "domicilio": "Calle 6 N°420",
        "categoria": "Centro Cultural / Espacio de Rap"
      },
      "geometry": {
        "type": "Point",
        "coordinates": [
          -58.04567,
          -34.8683
        ]
      }
    },
    {
      "type": "Feature",
      "properties": {
        "name": "Centro Cultural Social y Político Olga Vázquez",
        "provincia": "Buenos Aires",
        "localidad": "La Plata",
        "domicilio": "Calle 60 750-799",
        "categoria": "Centro Cultural / Espacio de Rap"
      },
      "geometry": {
        "type": "Point",
        "coordinates": [
          -57.94442,
          -34.92378
        ]
      }
    },
    {
      "type": "Feature",
      "properties": {
        "name": "Colectivo Arte al Ataque",
        "provincia": "Buenos Aires",
        "localidad": "La Plata",
        "domicilio": "Calle 60 750-799",
        "categoria": "Centro Cultural / Espacio de Rap"
      },
      "geometry": {
        "type": "Point",
        "coordinates": [
          -57.94442,
          -34.92378
        ]
      }
    },
    {
      "type": "Feature",
      "properties": {
        "name": "La GranSiete Arte y Cultura",
        "provincia": "Buenos Aires",
        "localidad": "La Plata",
        "domicilio": "Calle 62 N° 276",
        "categoria": "Centro Cultural / Espacio de Rap"
      },
      "geometry": {
        "type": "Point",
        "coordinates": [
          -57.93257,
          -34.91667
        ]
      }
    },
    {
      "type": "Feature",
      "properties": {
        "name": "En Eso Estamos-Fábrica Cultural",
        "provincia": "Buenos Aires",
        "localidad": "La Plata",
        "domicilio": "Calle 62 nº274",
        "categoria": "Centro Cultural / Espacio de Rap"
      },
      "geometry": {
        "type": "Point",
        "coordinates": [
          -57.94086,
          -34.92327
        ]
      }
    },
    {
      "type": "Feature",
      "properties": {
        "name": "Espacio Cultural Juana Azurduy",
        "provincia": "Buenos Aires",
        "localidad": "La Plata",
        "domicilio": "Calle 63 N°1261",
        "categoria": "Centro Cultural / Espacio de Rap"
      },
      "geometry": {
        "type": "Point",
        "coordinates": [
          -57.9519,
          -34.93577
        ]
      }
    },
    {
      "type": "Feature",
      "properties": {
        "name": "Centro Cultural Julio López Los Hornos",
        "provincia": "Buenos Aires",
        "localidad": "La Plata",
        "domicilio": "Calle 64 y 137",
        "categoria": "Centro Cultural / Espacio de Rap"
      },
      "geometry": {
        "type": "Point",
        "coordinates": [
          -57.96825,
          -34.95274
        ]
      }
    },
    {
      "type": "Feature",
      "properties": {
        "name": "Centro Cultural y Polideportivo Los Hornos",
        "provincia": "Buenos Aires",
        "localidad": "La Plata",
        "domicilio": "Calle 66 E/152 y 153",
        "categoria": "Centro Cultural / Espacio de Rap"
      },
      "geometry": {
        "type": "Point",
        "coordinates": [
          -57.98145,
          -34.96852
        ]
      }
    },
    {
      "type": "Feature",
      "properties": {
        "name": "Casa Popular Hugo Bacchi",
        "provincia": "Buenos Aires",
        "localidad": "La Plata",
        "domicilio": "Calle 66 N°1044",
        "categoria": "Centro Cultural / Espacio de Rap"
      },
      "geometry": {
        "type": "Point",
        "coordinates": [
          -57.9436,
          -34.93439
        ]
      }
    },
    {
      "type": "Feature",
      "properties": {
        "name": "Ruda",
        "provincia": "Buenos Aires",
        "localidad": "La Plata",
        "domicilio": "Calle 67 N°1359",
        "categoria": "Centro Cultural / Espacio de Rap"
      },
      "geometry": {
        "type": "Point",
        "coordinates": [
          -57.94938,
          -34.941
        ]
      }
    },
    {
      "type": "Feature",
      "properties": {
        "name": "La Macacha",
        "provincia": "Buenos Aires",
        "localidad": "La Plata",
        "domicilio": "Calle 69 e/25",
        "categoria": "Centro Cultural / Espacio de Rap"
      },
      "geometry": {
        "type": "Point",
        "coordinates": [
          -57.95035,
          -34.94594
        ]
      }
    },
    {
      "type": "Feature",
      "properties": {
        "name": "Centro Cultural Azulunala",
        "provincia": "Buenos Aires",
        "localidad": "La Plata",
        "domicilio": "Calle 69 nº 864",
        "categoria": "Centro Cultural / Espacio de Rap"
      },
      "geometry": {
        "type": "Point",
        "coordinates": [
          -57.93667,
          -34.9335
        ]
      }
    },
    {
      "type": "Feature",
      "properties": {
        "name": "Espacio SU.DA.KA.",
        "provincia": "Buenos Aires",
        "localidad": "La Plata",
        "domicilio": "Calle 7 1789",
        "categoria": "Centro Cultural / Espacio de Rap"
      },
      "geometry": {
        "type": "Point",
        "coordinates": [
          -57.93173,
          -34.92839
        ]
      }
    },
    {
      "type": "Feature",
      "properties": {
        "name": "Grupo La Grieta",
        "provincia": "Buenos Aires",
        "localidad": "La Plata",
        "domicilio": "Calle 71",
        "categoria": "Centro Cultural / Espacio de Rap"
      },
      "geometry": {
        "type": "Point",
        "coordinates": [
          -57.93521,
          -34.93575
        ]
      }
    },
    {
      "type": "Feature",
      "properties": {
        "name": "La Chicharra",
        "provincia": "Buenos Aires",
        "localidad": "La Plata",
        "domicilio": "Calle 71",
        "categoria": "Centro Cultural / Espacio de Rap"
      },
      "geometry": {
        "type": "Point",
        "coordinates": [
          -57.93521,
          -34.93575
        ]
      }
    },
    {
      "type": "Feature",
      "properties": {
        "name": "Ciudad Vieja",
        "provincia": "Buenos Aires",
        "localidad": "La Plata",
        "domicilio": "Calle 71 1103",
        "categoria": "Centro Cultural / Espacio de Rap"
      },
      "geometry": {
        "type": "Point",
        "coordinates": [
          -57.93946,
          -34.93956
        ]
      }
    },
    {
      "type": "Feature",
      "properties": {
        "name": "Galpon de las artes",
        "provincia": "Buenos Aires",
        "localidad": "La Plata",
        "domicilio": "Calle 71 N°908",
        "categoria": "Centro Cultural / Espacio de Rap"
      },
      "geometry": {
        "type": "Point",
        "coordinates": [
          -57.934,
          -34.93634
        ]
      }
    },
    {
      "type": "Feature",
      "properties": {
        "name": "Centro Cultural Viejo Almacén El Obrero",
        "provincia": "Buenos Aires",
        "localidad": "La Plata",
        "domicilio": "Calle 71 y 13",
        "categoria": "Centro Cultural / Espacio de Rap"
      },
      "geometry": {
        "type": "Point",
        "coordinates": [
          -57.93501,
          -34.93625
        ]
      }
    },
    {
      "type": "Feature",
      "properties": {
        "name": "La Hormiguera Espacio Cultural",
        "provincia": "Buenos Aires",
        "localidad": "La Plata",
        "domicilio": "Calle 8 1420",
        "categoria": "Centro Cultural / Espacio de Rap"
      },
      "geometry": {
        "type": "Point",
        "coordinates": [
          -57.94093938,
          -34.9230187
        ]
      }
    },
    {
      "type": "Feature",
      "properties": {
        "name": "La Vecindad Cultural Nacional y Popular",
        "provincia": "Buenos Aires",
        "localidad": "La Plata",
        "domicilio": "Calle 8 1898",
        "categoria": "Centro Cultural / Espacio de Rap"
      },
      "geometry": {
        "type": "Point",
        "coordinates": [
          -57.93009,
          -34.93094
        ]
      }
    },
    {
      "type": "Feature",
      "properties": {
        "name": "Espacio Cultural Leonardo Favio",
        "provincia": "Buenos Aires",
        "localidad": "La Plata",
        "domicilio": "Calle 8 entre 51y53",
        "categoria": "Centro Cultural / Espacio de Rap"
      },
      "geometry": {
        "type": "Point",
        "coordinates": [
          -57.94931,
          -34.91699
        ]
      }
    },
    {
      "type": "Feature",
      "properties": {
        "name": "Centro Cultural Trémula",
        "provincia": "Buenos Aires",
        "localidad": "La Plata",
        "domicilio": "Calle 8 N°1287",
        "categoria": "Centro Cultural / Espacio de Rap"
      },
      "geometry": {
        "type": "Point",
        "coordinates": [
          -57.94424,
          -34.92076
        ]
      }
    },
    {
      "type": "Feature",
      "properties": {
        "name": "Centro Cultural Jacarandá",
        "provincia": "Buenos Aires",
        "localidad": "La Plata",
        "domicilio": "Calle 9 esquina calle 61",
        "categoria": "Centro Cultural / Espacio de Rap"
      },
      "geometry": {
        "type": "Point",
        "coordinates": [
          -57.94245,
          -34.92367
        ]
      }
    },
    {
      "type": "Feature",
      "properties": {
        "name": "La Caipo",
        "provincia": "Buenos Aires",
        "localidad": "La Plata",
        "domicilio": "Calle 9 N°1288",
        "categoria": "Centro Cultural / Espacio de Rap"
      },
      "geometry": {
        "type": "Point",
        "coordinates": [
          -57.94505,
          -34.92157
        ]
      }
    },
    {
      "type": "Feature",
      "properties": {
        "name": "Integración Comunitaria por la Salud Mental Una Movida de Locos",
        "provincia": "Buenos Aires",
        "localidad": "La Plata",
        "domicilio": "Calle10 n°1520",
        "categoria": "Centro Cultural / Espacio de Rap"
      },
      "geometry": {
        "type": "Point",
        "coordinates": [
          -57.9408,
          -34.92647
        ]
      }
    },
    {
      "type": "Feature",
      "properties": {
        "name": "El Puente Arte y Cultura",
        "provincia": "Buenos Aires",
        "localidad": "La Plata",
        "domicilio": "Diagonal 77 N°195",
        "categoria": "Centro Cultural / Espacio de Rap"
      },
      "geometry": {
        "type": "Point",
        "coordinates": [
          -57.94725,
          -34.90976
        ]
      }
    },
    {
      "type": "Feature",
      "properties": {
        "name": "Pura Vida Bar",
        "provincia": "Buenos Aires",
        "localidad": "La Plata",
        "domicilio": "Diagonal 78 entre 8 y 61 numero 733",
        "categoria": "Centro Cultural / Espacio de Rap"
      },
      "geometry": {
        "type": "Point",
        "coordinates": [
          -57.94324,
          -34.92407
        ]
      }
    },
    {
      "type": "Feature",
      "properties": {
        "name": "CENTRO CULTURAL MACÁ",
        "provincia": "Buenos Aires",
        "localidad": "La Plata",
        "domicilio": "Diagonal Piria 629",
        "categoria": "Centro Cultural / Espacio de Rap"
      },
      "geometry": {
        "type": "Point",
        "coordinates": [
          -58.0725131,
          -34.8550569
        ]
      }
    },
    {
      "type": "Feature",
      "properties": {
        "name": "Mil Flores La Plata",
        "provincia": "Buenos Aires",
        "localidad": "La Plata",
        "domicilio": "La Plata 2050",
        "categoria": "Centro Cultural / Espacio de Rap"
      },
      "geometry": {
        "type": "Point",
        "coordinates": [
          -57.95741,
          -34.91953
        ]
      }
    },
    {
      "type": "Feature",
      "properties": {
        "name": "El Galpón de Tolosa",
        "provincia": "Buenos Aires",
        "localidad": "Tolosa",
        "domicilio": "Calle 3 Y Calle 526",
        "categoria": "Centro Cultural / Espacio de Rap"
      },
      "geometry": {
        "type": "Point",
        "coordinates": [
          -57.97171,
          -34.89169
        ]
      }
    },
    {
      "type": "Feature",
      "properties": {
        "name": "Macá Cultura",
        "provincia": "Buenos Aires",
        "localidad": "Villa Elisa",
        "domicilio": "Diagonal 4 N°629",
        "categoria": "Centro Cultural / Espacio de Rap"
      },
      "geometry": {
        "type": "Point",
        "coordinates": [
          -58.0725,
          -34.85495
        ]
      }
    },
    {
      "type": "Feature",
      "properties": {
        "name": "Centro Recreativo y Cultural Villa Raffo",
        "provincia": "Buenos Aires",
        "localidad": "Villa Raffo",
        "domicilio": "Nuestra Sra Del Carmen 2646/54",
        "categoria": "Centro Cultural / Espacio de Rap"
      },
      "geometry": {
        "type": "Point",
        "coordinates": [
          -58.53081,
          -34.60445
        ]
      }
    },
    {
      "type": "Feature",
      "properties": {
        "name": "Casa de Cultura",
        "provincia": "Buenos Aires",
        "localidad": "Roberts",
        "domicilio": "Sarmiento Y Moreno",
        "categoria": "Centro Cultural / Espacio de Rap"
      },
      "geometry": {
        "type": "Point",
        "coordinates": [
          -61.531952,
          -34.867736
        ]
      }
    },
    {
      "type": "Feature",
      "properties": {
        "name": "Centro Nativo Acuyai",
        "provincia": "Buenos Aires",
        "localidad": "Lobos",
        "domicilio": "Peron Y Villanueva",
        "categoria": "Centro Cultural / Espacio de Rap"
      },
      "geometry": {
        "type": "Point",
        "coordinates": [
          -59.09572415,
          -35.18822093
        ]
      }
    },
    {
      "type": "Feature",
      "properties": {
        "name": "Casa de la Cultura de Lobos",
        "provincia": "Buenos Aires",
        "localidad": "Lobos",
        "domicilio": "Salgado Oeste 585",
        "categoria": "Centro Cultural / Espacio de Rap"
      },
      "geometry": {
        "type": "Point",
        "coordinates": [
          -59.10381,
          -35.18591
        ]
      }
    },
    {
      "type": "Feature",
      "properties": {
        "name": "Cosecha - Espacio musical",
        "provincia": "Buenos Aires",
        "localidad": "Lomas de Zamora",
        "domicilio": "Juan José Paso 469",
        "categoria": "Centro Cultural / Espacio de Rap"
      },
      "geometry": {
        "type": "Point",
        "coordinates": [
          -58.4017,
          -34.75189
        ]
      }
    },
    {
      "type": "Feature",
      "properties": {
        "name": "Casa Carlos Fuentealba",
        "provincia": "Buenos Aires",
        "localidad": "Lomas de Zamora",
        "domicilio": "Aristóbulo de Valle 176",
        "categoria": "Centro Cultural / Espacio de Rap"
      },
      "geometry": {
        "type": "Point",
        "coordinates": [
          -58.43139,
          -34.79634
        ]
      }
    },
    {
      "type": "Feature",
      "properties": {
        "name": "Sede Fiorito",
        "provincia": "Buenos Aires",
        "localidad": "Lomas de Zamora",
        "domicilio": "Autopista Presidente Perón y Recondo",
        "categoria": "Centro Cultural / Espacio de Rap"
      },
      "geometry": {
        "type": "Point",
        "coordinates": [
          -58.45095,
          -34.71471
        ]
      }
    },
    {
      "type": "Feature",
      "properties": {
        "name": "MONOCICLO CLUB DE ARTE",
        "provincia": "Buenos Aires",
        "localidad": "Lomas de Zamora",
        "domicilio": "AV. HIPOLITO IRIGOYEN 6944/46",
        "categoria": "Centro Cultural / Espacio de Rap"
      },
      "geometry": {
        "type": "Point",
        "coordinates": [
          -58.39737661,
          -34.73580835
        ]
      }
    },
    {
      "type": "Feature",
      "properties": {
        "name": "Padre Mugica",
        "provincia": "Buenos Aires",
        "localidad": "Lomas de Zamora",
        "domicilio": "Av. Hipólito Yrigoyen 7923",
        "categoria": "Centro Cultural / Espacio de Rap"
      },
      "geometry": {
        "type": "Point",
        "coordinates": [
          -58.40011,
          -34.74766
        ]
      }
    },
    {
      "type": "Feature",
      "properties": {
        "name": "Centro Cultural y Social No Me Olvides",
        "provincia": "Buenos Aires",
        "localidad": "Lomas de Zamora",
        "domicilio": "Av. Meeks 490",
        "categoria": "Centro Cultural / Espacio de Rap"
      },
      "geometry": {
        "type": "Point",
        "coordinates": [
          -58.39811,
          -34.76721
        ]
      }
    },
    {
      "type": "Feature",
      "properties": {
        "name": "CUATRO XXI",
        "provincia": "Buenos Aires",
        "localidad": "Lomas de Zamora",
        "domicilio": "Av. Santa Fe 421",
        "categoria": "Centro Cultural / Espacio de Rap"
      },
      "geometry": {
        "type": "Point",
        "coordinates": [
          -58.42041,
          -34.75259
        ]
      }
    },
    {
      "type": "Feature",
      "properties": {
        "name": "Sede San José",
        "provincia": "Buenos Aires",
        "localidad": "Lomas de Zamora",
        "domicilio": "Caaguazú, entre La Madreselva y Anchoris",
        "categoria": "Centro Cultural / Espacio de Rap"
      },
      "geometry": {
        "type": "Point",
        "coordinates": [
          -58.39876606,
          -34.76116024
        ]
      }
    },
    {
      "type": "Feature",
      "properties": {
        "name": "Sede Banfield Oeste Darragueira",
        "provincia": "Buenos Aires",
        "localidad": "Lomas de Zamora",
        "domicilio": "Darragueira 275",
        "categoria": "Centro Cultural / Espacio de Rap"
      },
      "geometry": {
        "type": "Point",
        "coordinates": [
          -58.39765,
          -34.7389
        ]
      }
    },
    {
      "type": "Feature",
      "properties": {
        "name": "Cantinflas",
        "provincia": "Buenos Aires",
        "localidad": "Lomas de Zamora",
        "domicilio": "Dorrego 591",
        "categoria": "Centro Cultural / Espacio de Rap"
      },
      "geometry": {
        "type": "Point",
        "coordinates": [
          -58.40396,
          -34.77746
        ]
      }
    },
    {
      "type": "Feature",
      "properties": {
        "name": "La Troupe",
        "provincia": "Buenos Aires",
        "localidad": "Lomas de Zamora",
        "domicilio": "Gallo 148",
        "categoria": "Centro Cultural / Espacio de Rap"
      },
      "geometry": {
        "type": "Point",
        "coordinates": [
          -58.39369,
          -34.7506
        ]
      }
    },
    {
      "type": "Feature",
      "properties": {
        "name": "Espacio Asterisco",
        "provincia": "Buenos Aires",
        "localidad": "Lomas de Zamora",
        "domicilio": "General Levalle 1293",
        "categoria": "Centro Cultural / Espacio de Rap"
      },
      "geometry": {
        "type": "Point",
        "coordinates": [
          -58.38605,
          -34.74683
        ]
      }
    },
    {
      "type": "Feature",
      "properties": {
        "name": "Complejo Cultural Banfield Teatro Ensamble",
        "provincia": "Buenos Aires",
        "localidad": "Lomas de Zamora",
        "domicilio": "Larrea 350",
        "categoria": "Centro Cultural / Espacio de Rap"
      },
      "geometry": {
        "type": "Point",
        "coordinates": [
          -58.396556,
          -34.764887
        ]
      }
    },
    {
      "type": "Feature",
      "properties": {
        "name": "Centro Cultural Teatro El Refugio",
        "provincia": "Buenos Aires",
        "localidad": "Lomas de Zamora",
        "domicilio": "Maipú 540",
        "categoria": "Centro Cultural / Espacio de Rap"
      },
      "geometry": {
        "type": "Point",
        "coordinates": [
          -58.38833,
          -34.74377
        ]
      }
    },
    {
      "type": "Feature",
      "properties": {
        "name": "Centro de Estudios Teatrales y Artísticos C.E.T.A.",
        "provincia": "Buenos Aires",
        "localidad": "Lomas de Zamora",
        "domicilio": "Pueyrredón 1680",
        "categoria": "Centro Cultural / Espacio de Rap"
      },
      "geometry": {
        "type": "Point",
        "coordinates": [
          -58.389874,
          -34.741607
        ]
      }
    },
    {
      "type": "Feature",
      "properties": {
        "name": "Sede Banfield Este El Ceibo",
        "provincia": "Buenos Aires",
        "localidad": "Lomas de Zamora",
        "domicilio": "Rincón 565",
        "categoria": "Centro Cultural / Espacio de Rap"
      },
      "geometry": {
        "type": "Point",
        "coordinates": [
          -58.38741928,
          -34.74182374
        ]
      }
    },
    {
      "type": "Feature",
      "properties": {
        "name": "Casa Cultural \"Las Mirabal\"",
        "provincia": "Buenos Aires",
        "localidad": "Lomas de Zamora",
        "domicilio": "Saenz 317",
        "categoria": "Centro Cultural / Espacio de Rap"
      },
      "geometry": {
        "type": "Point",
        "coordinates": [
          -58.40090735,
          -34.75805039
        ]
      }
    },
    {
      "type": "Feature",
      "properties": {
        "name": "Club Social Maipu",
        "provincia": "Buenos Aires",
        "localidad": "Maipú",
        "domicilio": "Belgrano s/n",
        "categoria": "Centro Cultural / Espacio de Rap"
      },
      "geometry": {
        "type": "Point",
        "coordinates": [
          -57.8778556,
          -36.8576701
        ]
      }
    },
    {
      "type": "Feature",
      "properties": {
        "name": "Centro Integrador Comunitario en el  Barrio Santo Domingo",
        "provincia": "Buenos Aires",
        "localidad": "Santo Domingo",
        "domicilio": "Gibraltar 2100",
        "categoria": "Centro Cultural / Espacio de Rap"
      },
      "geometry": {
        "type": "Point",
        "coordinates": [
          -57.58601265,
          -36.71375978
        ]
      }
    },
    {
      "type": "Feature",
      "properties": {
        "name": "Casa popular Unidos por el barrio",
        "provincia": "Buenos Aires",
        "localidad": "Malvinas Argentinas",
        "domicilio": "Alfonsina Storni 4395",
        "categoria": "Centro Cultural / Espacio de Rap"
      },
      "geometry": {
        "type": "Point",
        "coordinates": [
          -58.6861362,
          -34.4689773
        ]
      }
    },
    {
      "type": "Feature",
      "properties": {
        "name": "La Cultural Dumer",
        "provincia": "Buenos Aires",
        "localidad": "Mercedes",
        "domicilio": "Calle 10 N°760",
        "categoria": "Centro Cultural / Espacio de Rap"
      },
      "geometry": {
        "type": "Point",
        "coordinates": [
          -59.43448,
          -34.6562
        ]
      }
    },
    {
      "type": "Feature",
      "properties": {
        "name": "Casa Balero",
        "provincia": "Buenos Aires",
        "localidad": "Mercedes",
        "domicilio": "Calle 26 esq. 23",
        "categoria": "Centro Cultural / Espacio de Rap"
      },
      "geometry": {
        "type": "Point",
        "coordinates": [
          -59.42917,
          -34.65076
        ]
      }
    },
    {
      "type": "Feature",
      "properties": {
        "name": "Centro Cultural Julio Cesar Gioscio",
        "provincia": "Buenos Aires",
        "localidad": "Mercedes",
        "domicilio": "Calle 27 Entre 24 Y 26",
        "categoria": "Centro Cultural / Espacio de Rap"
      },
      "geometry": {
        "type": "Point",
        "coordinates": [
          -59.430855,
          -34.65079
        ]
      }
    },
    {
      "type": "Feature",
      "properties": {
        "name": "Centro Cultural La Gotera",
        "provincia": "Buenos Aires",
        "localidad": "Mercedes",
        "domicilio": "Calle 29 nº984",
        "categoria": "Centro Cultural / Espacio de Rap"
      },
      "geometry": {
        "type": "Point",
        "coordinates": [
          -59.430719,
          -34.646946
        ]
      }
    },
    {
      "type": "Feature",
      "properties": {
        "name": "SUTEBA Merlo",
        "provincia": "Buenos Aires",
        "localidad": "Merlo",
        "domicilio": "1ro de Mayo 252",
        "categoria": "Centro Cultural / Espacio de Rap"
      },
      "geometry": {
        "type": "Point",
        "coordinates": [
          -58.7205,
          -34.67579
        ]
      }
    },
    {
      "type": "Feature",
      "properties": {
        "name": "Sede COI",
        "provincia": "Buenos Aires",
        "localidad": "Merlo",
        "domicilio": "Av. Argentina 824",
        "categoria": "Centro Cultural / Espacio de Rap"
      },
      "geometry": {
        "type": "Point",
        "coordinates": [
          -58.72124872,
          -34.66899372
        ]
      }
    },
    {
      "type": "Feature",
      "properties": {
        "name": "El galpón del Encuentro",
        "provincia": "Buenos Aires",
        "localidad": "Merlo",
        "domicilio": "Belgrano 1779",
        "categoria": "Centro Cultural / Espacio de Rap"
      },
      "geometry": {
        "type": "Point",
        "coordinates": [
          -58.7330812,
          -34.7074732
        ]
      }
    },
    {
      "type": "Feature",
      "properties": {
        "name": "La Antigua Cultural",
        "provincia": "Buenos Aires",
        "localidad": "Merlo",
        "domicilio": "Jujuy 310",
        "categoria": "Centro Cultural / Espacio de Rap"
      },
      "geometry": {
        "type": "Point",
        "coordinates": [
          -58.72813,
          -34.67211
        ]
      }
    },
    {
      "type": "Feature",
      "properties": {
        "name": "Centro Cultural y Social Patas para Arriba",
        "provincia": "Buenos Aires",
        "localidad": "Merlo",
        "domicilio": "Luis Braile 470",
        "categoria": "Centro Cultural / Espacio de Rap"
      },
      "geometry": {
        "type": "Point",
        "coordinates": [
          -58.74801899,
          -34.65635165
        ]
      }
    },
    {
      "type": "Feature",
      "properties": {
        "name": "Espacio Cultural Homero Manzi",
        "provincia": "Buenos Aires",
        "localidad": "Merlo",
        "domicilio": "Moreno 428",
        "categoria": "Centro Cultural / Espacio de Rap"
      },
      "geometry": {
        "type": "Point",
        "coordinates": [
          -58.72535,
          -34.66517
        ]
      }
    },
    {
      "type": "Feature",
      "properties": {
        "name": "Centro Cultural Municipal Poeta Enrique Uza",
        "provincia": "Buenos Aires",
        "localidad": "San Miguel Del Monte",
        "domicilio": "Petrachi 745",
        "categoria": "Centro Cultural / Espacio de Rap"
      },
      "geometry": {
        "type": "Point",
        "coordinates": [
          -58.805968,
          -35.4409
        ]
      }
    },
    {
      "type": "Feature",
      "properties": {
        "name": "Casa Laurel",
        "provincia": "Buenos Aires",
        "localidad": "Haedo",
        "domicilio": "Remedios de Escalada de San Martin 379",
        "categoria": "Centro Cultural / Espacio de Rap"
      },
      "geometry": {
        "type": "Point",
        "coordinates": [
          -58.58951383,
          -34.64590565
        ]
      }
    },
    {
      "type": "Feature",
      "properties": {
        "name": "El Transformador",
        "provincia": "Buenos Aires",
        "localidad": "Morón",
        "domicilio": "Caseros 200",
        "categoria": "Centro Cultural / Espacio de Rap"
      },
      "geometry": {
        "type": "Point",
        "coordinates": [
          -58.5921178,
          -34.6425431
        ]
      }
    },
    {
      "type": "Feature",
      "properties": {
        "name": "El Galpón de Haedo",
        "provincia": "Buenos Aires",
        "localidad": "Morón",
        "domicilio": "Concordia 625",
        "categoria": "Centro Cultural / Espacio de Rap"
      },
      "geometry": {
        "type": "Point",
        "coordinates": [
          -58.59671,
          -34.64967
        ]
      }
    },
    {
      "type": "Feature",
      "properties": {
        "name": "La Puerta Creativa",
        "provincia": "Buenos Aires",
        "localidad": "Morón",
        "domicilio": "Las Bases 150",
        "categoria": "Centro Cultural / Espacio de Rap"
      },
      "geometry": {
        "type": "Point",
        "coordinates": [
          -58.59346,
          -34.64663
        ]
      }
    },
    {
      "type": "Feature",
      "properties": {
        "name": "La Casita Arte",
        "provincia": "Buenos Aires",
        "localidad": "Morón",
        "domicilio": "Ranchos 1593",
        "categoria": "Centro Cultural / Espacio de Rap"
      },
      "geometry": {
        "type": "Point",
        "coordinates": [
          -58.62969,
          -34.64584
        ]
      }
    },
    {
      "type": "Feature",
      "properties": {
        "name": "Centro Cultural y Biblioteca Popular Enrique Santos Discépolo",
        "provincia": "Buenos Aires",
        "localidad": "Morón",
        "domicilio": "Santa Fe 836",
        "categoria": "Centro Cultural / Espacio de Rap"
      },
      "geometry": {
        "type": "Point",
        "coordinates": [
          -58.622962,
          -34.649214
        ]
      }
    },
    {
      "type": "Feature",
      "properties": {
        "name": "Unidad Barrial Social y Cultural Jesús Aguinagalde",
        "provincia": "Buenos Aires",
        "localidad": "Necochea",
        "domicilio": "Calles 67  3102",
        "categoria": "Centro Cultural / Espacio de Rap"
      },
      "geometry": {
        "type": "Point",
        "coordinates": [
          -58.7446,
          -38.55683
        ]
      }
    },
    {
      "type": "Feature",
      "properties": {
        "name": "La Esquina Arte y Cultura",
        "provincia": "Buenos Aires",
        "localidad": "9 De Julio",
        "domicilio": "Santa Fe 656",
        "categoria": "Centro Cultural / Espacio de Rap"
      },
      "geometry": {
        "type": "Point",
        "coordinates": [
          -60.88009,
          -35.44609
        ]
      }
    },
    {
      "type": "Feature",
      "properties": {
        "name": "Insurgente, Espacio Cultural Independiente",
        "provincia": "Buenos Aires",
        "localidad": "Olavarría",
        "domicilio": "Belgrano 3345",
        "categoria": "Centro Cultural / Espacio de Rap"
      },
      "geometry": {
        "type": "Point",
        "coordinates": [
          -60.31692,
          -36.89669
        ]
      }
    },
    {
      "type": "Feature",
      "properties": {
        "name": "Club Atlético Hinojo",
        "provincia": "Buenos Aires",
        "localidad": "Olavarría",
        "domicilio": "Calle 11 y Calle 8",
        "categoria": "Centro Cultural / Espacio de Rap"
      },
      "geometry": {
        "type": "Point",
        "coordinates": [
          -60.67172,
          -36.41404
        ]
      }
    },
    {
      "type": "Feature",
      "properties": {
        "name": "La Yumba",
        "provincia": "Buenos Aires",
        "localidad": "Olavarría",
        "domicilio": "Laprida y Álvaro",
        "categoria": "Centro Cultural / Espacio de Rap"
      },
      "geometry": {
        "type": "Point",
        "coordinates": [
          -60.30992,
          -36.8973
        ]
      }
    },
    {
      "type": "Feature",
      "properties": {
        "name": "MACONDO MUTUAL DE ARTE POPULAR DE OLAVARRIA",
        "provincia": "Buenos Aires",
        "localidad": "Olavarría",
        "domicilio": "NECOCHEA 1389",
        "categoria": "Centro Cultural / Espacio de Rap"
      },
      "geometry": {
        "type": "Point",
        "coordinates": [
          -60.332172,
          -36.88190706
        ]
      }
    },
    {
      "type": "Feature",
      "properties": {
        "name": "Casa de la Cultura Carmen De Patagones",
        "provincia": "Buenos Aires",
        "localidad": "Carmen de Patagones",
        "domicilio": "Mitre 27",
        "categoria": "Centro Cultural / Espacio de Rap"
      },
      "geometry": {
        "type": "Point",
        "coordinates": [
          -62.98631,
          -40.81046
        ]
      }
    },
    {
      "type": "Feature",
      "properties": {
        "name": "Casa de la Cultura",
        "provincia": "Buenos Aires",
        "localidad": "Pergamino",
        "domicilio": "Gral. Paz 600",
        "categoria": "Centro Cultural / Espacio de Rap"
      },
      "geometry": {
        "type": "Point",
        "coordinates": [
          -60.575143,
          -33.898909
        ]
      }
    },
    {
      "type": "Feature",
      "properties": {
        "name": "Galpón Del Arte Barrio Kennedy",
        "provincia": "Buenos Aires",
        "localidad": "Pergamino",
        "domicilio": "R. Guiraldes Entre Yapeyú y B. Bailón Al 2000",
        "categoria": "Centro Cultural / Espacio de Rap"
      },
      "geometry": {
        "type": "Point",
        "coordinates": [
          -60.57164008,
          -33.89499006
        ]
      }
    },
    {
      "type": "Feature",
      "properties": {
        "name": "SerEnArte",
        "provincia": "Buenos Aires",
        "localidad": "Pilar",
        "domicilio": "Colectora 12 de Octubre-Km.44",
        "categoria": "Centro Cultural / Espacio de Rap"
      },
      "geometry": {
        "type": "Point",
        "coordinates": [
          -58.81153,
          -34.45941
        ]
      }
    },
    {
      "type": "Feature",
      "properties": {
        "name": "Media Vuelta Club de Artes Urbanas",
        "provincia": "Buenos Aires",
        "localidad": "Pilar",
        "domicilio": "Olavarría 7181",
        "categoria": "Centro Cultural / Espacio de Rap"
      },
      "geometry": {
        "type": "Point",
        "coordinates": [
          -58.79806,
          -34.44942
        ]
      }
    },
    {
      "type": "Feature",
      "properties": {
        "name": "Casa De La Cultura",
        "provincia": "Buenos Aires",
        "localidad": "Veronica",
        "domicilio": "Calle 21 esq 28  sin numero",
        "categoria": "Centro Cultural / Espacio de Rap"
      },
      "geometry": {
        "type": "Point",
        "coordinates": [
          -57.34032,
          -35.38461
        ]
      }
    },
    {
      "type": "Feature",
      "properties": {
        "name": "Centro Cultural Polaridades",
        "provincia": "Buenos Aires",
        "localidad": "Quilmes",
        "domicilio": "Andres Baranda 842",
        "categoria": "Centro Cultural / Espacio de Rap"
      },
      "geometry": {
        "type": "Point",
        "coordinates": [
          -58.270238,
          -34.724093
        ]
      }
    },
    {
      "type": "Feature",
      "properties": {
        "name": "El Garelli - Asociación Civil Villa Valdocco",
        "provincia": "Buenos Aires",
        "localidad": "Quilmes",
        "domicilio": "Av. Las Heras 420",
        "categoria": "Centro Cultural / Espacio de Rap"
      },
      "geometry": {
        "type": "Point",
        "coordinates": [
          -58.2648736,
          -34.711813
        ]
      }
    },
    {
      "type": "Feature",
      "properties": {
        "name": "Centro Cultural Eduardo Galeano",
        "provincia": "Buenos Aires",
        "localidad": "Quilmes",
        "domicilio": "Donato Álvarez 1680",
        "categoria": "Centro Cultural / Espacio de Rap"
      },
      "geometry": {
        "type": "Point",
        "coordinates": [
          -58.3097755,
          -34.7935698
        ]
      }
    },
    {
      "type": "Feature",
      "properties": {
        "name": "Casa Rodolfo Walsh",
        "provincia": "Buenos Aires",
        "localidad": "Quilmes",
        "domicilio": "Entre Ríos 250",
        "categoria": "Centro Cultural / Espacio de Rap"
      },
      "geometry": {
        "type": "Point",
        "coordinates": [
          -58.26338459,
          -34.72544292
        ]
      }
    },
    {
      "type": "Feature",
      "properties": {
        "name": "La Pacha Espacio Cultural",
        "provincia": "Buenos Aires",
        "localidad": "Quilmes",
        "domicilio": "Entre Ríos 90",
        "categoria": "Centro Cultural / Espacio de Rap"
      },
      "geometry": {
        "type": "Point",
        "coordinates": [
          -58.26182912,
          -34.72463927
        ]
      }
    },
    {
      "type": "Feature",
      "properties": {
        "name": "Asociación Civil Amigos de “El Viaje de los Títeres”",
        "provincia": "Buenos Aires",
        "localidad": "Quilmes",
        "domicilio": "Laprida 2200",
        "categoria": "Centro Cultural / Espacio de Rap"
      },
      "geometry": {
        "type": "Point",
        "coordinates": [
          -58.27258,
          -34.74897
        ]
      }
    },
    {
      "type": "Feature",
      "properties": {
        "name": "Comunidad Contemporanea",
        "provincia": "Buenos Aires",
        "localidad": "Quilmes",
        "domicilio": "Moreno 882",
        "categoria": "Centro Cultural / Espacio de Rap"
      },
      "geometry": {
        "type": "Point",
        "coordinates": [
          -58.25469,
          -34.727
        ]
      }
    },
    {
      "type": "Feature",
      "properties": {
        "name": "Estudio 1 Originarte",
        "provincia": "Buenos Aires",
        "localidad": "Quilmes",
        "domicilio": "Paso 17",
        "categoria": "Centro Cultural / Espacio de Rap"
      },
      "geometry": {
        "type": "Point",
        "coordinates": [
          -58.26539,
          -34.71759
        ]
      }
    },
    {
      "type": "Feature",
      "properties": {
        "name": "Casa de la Cultura",
        "provincia": "Buenos Aires",
        "localidad": "Quilmes",
        "domicilio": "Rivadavia 383",
        "categoria": "Centro Cultural / Espacio de Rap"
      },
      "geometry": {
        "type": "Point",
        "coordinates": [
          -58.2536,
          -34.72015
        ]
      }
    },
    {
      "type": "Feature",
      "properties": {
        "name": "Artenpie",
        "provincia": "Buenos Aires",
        "localidad": "Quilmes",
        "domicilio": "Vicente López 93",
        "categoria": "Centro Cultural / Espacio de Rap"
      },
      "geometry": {
        "type": "Point",
        "coordinates": [
          -58.27127264,
          -34.7159922
        ]
      }
    },
    {
      "type": "Feature",
      "properties": {
        "name": "La Pieza",
        "provincia": "Buenos Aires",
        "localidad": "Rauch",
        "domicilio": "Coronel Suárez 176",
        "categoria": "Centro Cultural / Espacio de Rap"
      },
      "geometry": {
        "type": "Point",
        "coordinates": [
          -59.088,
          -36.77749
        ]
      }
    },
    {
      "type": "Feature",
      "properties": {
        "name": "Casa evita",
        "provincia": "Buenos Aires",
        "localidad": "Rojas",
        "domicilio": "S/D",
        "categoria": "Centro Cultural / Espacio de Rap"
      },
      "geometry": {
        "type": "Point",
        "coordinates": [
          -60.73326365,
          -34.19616004
        ]
      }
    },
    {
      "type": "Feature",
      "properties": {
        "name": "Centro Cultural Roque Perez",
        "provincia": "Buenos Aires",
        "localidad": "Roque Perez",
        "domicilio": "Belgrano  171",
        "categoria": "Centro Cultural / Espacio de Rap"
      },
      "geometry": {
        "type": "Point",
        "coordinates": [
          -59.331686,
          -35.398133
        ]
      }
    },
    {
      "type": "Feature",
      "properties": {
        "name": "Espacio Taller Crear",
        "provincia": "Buenos Aires",
        "localidad": "Pigué",
        "domicilio": "Bernardo Irigoyen 27",
        "categoria": "Centro Cultural / Espacio de Rap"
      },
      "geometry": {
        "type": "Point",
        "coordinates": [
          -62.4051,
          -37.60316
        ]
      }
    },
    {
      "type": "Feature",
      "properties": {
        "name": "Centro Municipal de Cultura S.A Giles",
        "provincia": "Buenos Aires",
        "localidad": "San Andres De Giles",
        "domicilio": "Rivadavia 752",
        "categoria": "Centro Cultural / Espacio de Rap"
      },
      "geometry": {
        "type": "Point",
        "coordinates": [
          -59.447555,
          -34.44418
        ]
      }
    },
    {
      "type": "Feature",
      "properties": {
        "name": "Centro cultural Casa Evita",
        "provincia": "Buenos Aires",
        "localidad": "San Andres De Giles",
        "domicilio": "S/D",
        "categoria": "Centro Cultural / Espacio de Rap"
      },
      "geometry": {
        "type": "Point",
        "coordinates": [
          -59.44516736,
          -34.44590808
        ]
      }
    },
    {
      "type": "Feature",
      "properties": {
        "name": "Sociedad de Fomento Bartolomé Mitre",
        "provincia": "Buenos Aires",
        "localidad": "San Fernando",
        "domicilio": "Balcarce 2950",
        "categoria": "Centro Cultural / Espacio de Rap"
      },
      "geometry": {
        "type": "Point",
        "coordinates": [
          -58.57429,
          -34.46949
        ]
      }
    },
    {
      "type": "Feature",
      "properties": {
        "name": "Tinku Teatro Centro Cultural",
        "provincia": "Buenos Aires",
        "localidad": "San Fernando",
        "domicilio": "Rivadavia 1751",
        "categoria": "Centro Cultural / Espacio de Rap"
      },
      "geometry": {
        "type": "Point",
        "coordinates": [
          -58.569416,
          -34.42554906
        ]
      }
    },
    {
      "type": "Feature",
      "properties": {
        "name": "Estacion 1857",
        "provincia": "Buenos Aires",
        "localidad": "Boulogne",
        "domicilio": "Godoy Cruz 1857",
        "categoria": "Centro Cultural / Espacio de Rap"
      },
      "geometry": {
        "type": "Point",
        "coordinates": [
          -58.56322,
          -34.50748
        ]
      }
    },
    {
      "type": "Feature",
      "properties": {
        "name": "Ateneo Cultural Nestor Kirchner",
        "provincia": "Buenos Aires",
        "localidad": "San Isidro",
        "domicilio": "Av.Sir Alexander Fleming 1333",
        "categoria": "Centro Cultural / Espacio de Rap"
      },
      "geometry": {
        "type": "Point",
        "coordinates": [
          -58.5275205,
          -34.4825343
        ]
      }
    },
    {
      "type": "Feature",
      "properties": {
        "name": "Teatro 9 de Julio",
        "provincia": "Buenos Aires",
        "localidad": "San Isidro",
        "domicilio": "Bernardo de Irigoyen 1121",
        "categoria": "Centro Cultural / Espacio de Rap"
      },
      "geometry": {
        "type": "Point",
        "coordinates": [
          -58.57714,
          -34.50045
        ]
      }
    },
    {
      "type": "Feature",
      "properties": {
        "name": "Fundación Crear Vale La Pena",
        "provincia": "Buenos Aires",
        "localidad": "San Isidro",
        "domicilio": "Madame Curie 1955",
        "categoria": "Centro Cultural / Espacio de Rap"
      },
      "geometry": {
        "type": "Point",
        "coordinates": [
          -58.54832,
          -34.47082
        ]
      }
    },
    {
      "type": "Feature",
      "properties": {
        "name": "Club Artístico y Social Arenga",
        "provincia": "Buenos Aires",
        "localidad": "San Isidro",
        "domicilio": "Manzone 851",
        "categoria": "Centro Cultural / Espacio de Rap"
      },
      "geometry": {
        "type": "Point",
        "coordinates": [
          -58.50469,
          -34.47967
        ]
      }
    },
    {
      "type": "Feature",
      "properties": {
        "name": "Taller de La Ribera",
        "provincia": "Buenos Aires",
        "localidad": "San Isidro",
        "domicilio": "Roque Saenz Pena 1485",
        "categoria": "Centro Cultural / Espacio de Rap"
      },
      "geometry": {
        "type": "Point",
        "coordinates": [
          -58.498543,
          -34.465675
        ]
      }
    },
    {
      "type": "Feature",
      "properties": {
        "name": "Centro Cultural Raices",
        "provincia": "Buenos Aires",
        "localidad": "San Miguel",
        "domicilio": "Sarmiento 1810",
        "categoria": "Centro Cultural / Espacio de Rap"
      },
      "geometry": {
        "type": "Point",
        "coordinates": [
          -58.720208,
          -34.54528
        ]
      }
    },
    {
      "type": "Feature",
      "properties": {
        "name": "La troupe del aire",
        "provincia": "Buenos Aires",
        "localidad": "San Nicolás de los Arroyos",
        "domicilio": "Pellegrini 134",
        "categoria": "Centro Cultural / Espacio de Rap"
      },
      "geometry": {
        "type": "Point",
        "coordinates": [
          -60.21503,
          -33.3307
        ]
      }
    },
    {
      "type": "Feature",
      "properties": {
        "name": "Cooperativa Las Canaletas",
        "provincia": "Buenos Aires",
        "localidad": "San Pedro",
        "domicilio": "Juan Ismael Jiménez 1635",
        "categoria": "Centro Cultural / Espacio de Rap"
      },
      "geometry": {
        "type": "Point",
        "coordinates": [
          -59.67454,
          -33.66721
        ]
      }
    },
    {
      "type": "Feature",
      "properties": {
        "name": "Casa del Pueblo Vecinos Solidarios",
        "provincia": "Buenos Aires",
        "localidad": "Alejandro Korn",
        "domicilio": "Av. Presidente Perón 4660",
        "categoria": "Centro Cultural / Espacio de Rap"
      },
      "geometry": {
        "type": "Point",
        "coordinates": [
          -58.37888865,
          -34.98671333
        ]
      }
    },
    {
      "type": "Feature",
      "properties": {
        "name": "El Culturón",
        "provincia": "Buenos Aires",
        "localidad": "Alejandro Korn",
        "domicilio": "Juan José Paso y Roca",
        "categoria": "Centro Cultural / Espacio de Rap"
      },
      "geometry": {
        "type": "Point",
        "coordinates": [
          -58.36810017,
          -35.00911056
        ]
      }
    },
    {
      "type": "Feature",
      "properties": {
        "name": "Minowa Centro Cultural",
        "provincia": "Buenos Aires",
        "localidad": "Alejandro Korn",
        "domicilio": "Libertad esquina Kennedy",
        "categoria": "Centro Cultural / Espacio de Rap"
      },
      "geometry": {
        "type": "Point",
        "coordinates": [
          -58.37298,
          -34.98337
        ]
      }
    },
    {
      "type": "Feature",
      "properties": {
        "name": "La Compañía Tandil",
        "provincia": "Buenos Aires",
        "localidad": "Tandil",
        "domicilio": "Alsina 1242",
        "categoria": "Centro Cultural / Espacio de Rap"
      },
      "geometry": {
        "type": "Point",
        "coordinates": [
          -59.1323323,
          -37.31531497
        ]
      }
    },
    {
      "type": "Feature",
      "properties": {
        "name": "Centro Arte y Parte",
        "provincia": "Buenos Aires",
        "localidad": "Tandil",
        "domicilio": "Belgrano 342",
        "categoria": "Centro Cultural / Espacio de Rap"
      },
      "geometry": {
        "type": "Point",
        "coordinates": [
          -59.13882,
          -37.33002
        ]
      }
    },
    {
      "type": "Feature",
      "properties": {
        "name": "Centro Cultural Atrapasueños",
        "provincia": "Buenos Aires",
        "localidad": "Tandil",
        "domicilio": "Figueroa 2226",
        "categoria": "Centro Cultural / Espacio de Rap"
      },
      "geometry": {
        "type": "Point",
        "coordinates": [
          -59.1663997,
          -37.2967116
        ]
      }
    },
    {
      "type": "Feature",
      "properties": {
        "name": "Salón Danés",
        "provincia": "Buenos Aires",
        "localidad": "Tandil",
        "domicilio": "General Rodríguez 282",
        "categoria": "Centro Cultural / Espacio de Rap"
      },
      "geometry": {
        "type": "Point",
        "coordinates": [
          -59.13439,
          -37.33042
        ]
      }
    },
    {
      "type": "Feature",
      "properties": {
        "name": "Macanudo",
        "provincia": "Buenos Aires",
        "localidad": "Tandil",
        "domicilio": "General Rodriguez 459",
        "categoria": "Centro Cultural / Espacio de Rap"
      },
      "geometry": {
        "type": "Point",
        "coordinates": [
          -59.13547,
          -37.3282
        ]
      }
    },
    {
      "type": "Feature",
      "properties": {
        "name": "CENTRO SOCIAL Y CULTURAL LA VÍA",
        "provincia": "Buenos Aires",
        "localidad": "Tandil",
        "domicilio": "MITRE 1378",
        "categoria": "Centro Cultural / Espacio de Rap"
      },
      "geometry": {
        "type": "Point",
        "coordinates": [
          -59.12662357,
          -37.31959779
        ]
      }
    },
    {
      "type": "Feature",
      "properties": {
        "name": "Centro Cultural Itinerante El Musguito",
        "provincia": "Buenos Aires",
        "localidad": "Tandil",
        "domicilio": "Pinto 399",
        "categoria": "Centro Cultural / Espacio de Rap"
      },
      "geometry": {
        "type": "Point",
        "coordinates": [
          -59.1385728,
          -37.3285798
        ]
      }
    },
    {
      "type": "Feature",
      "properties": {
        "name": "Sociedad Italiana de Tigre",
        "provincia": "Buenos Aires",
        "localidad": "Tigre",
        "domicilio": "Av. Cazon 1336",
        "categoria": "Centro Cultural / Espacio de Rap"
      },
      "geometry": {
        "type": "Point",
        "coordinates": [
          -58.577806,
          -34.424977
        ]
      }
    },
    {
      "type": "Feature",
      "properties": {
        "name": "Alas de Tigre",
        "provincia": "Buenos Aires",
        "localidad": "Tigre",
        "domicilio": "Av. Liniers 1018",
        "categoria": "Centro Cultural / Espacio de Rap"
      },
      "geometry": {
        "type": "Point",
        "coordinates": [
          -58.58751,
          -34.41911
        ]
      }
    },
    {
      "type": "Feature",
      "properties": {
        "name": "Casa de las Artes Tacuarí",
        "provincia": "Buenos Aires",
        "localidad": "Tigre",
        "domicilio": "Tacuarí 90",
        "categoria": "Centro Cultural / Espacio de Rap"
      },
      "geometry": {
        "type": "Point",
        "coordinates": [
          -58.5818232,
          -34.4150365
        ]
      }
    },
    {
      "type": "Feature",
      "properties": {
        "name": "Casa de Fuego",
        "provincia": "Buenos Aires",
        "localidad": "Trenque Lauquen",
        "domicilio": "Mitre 391",
        "categoria": "Centro Cultural / Espacio de Rap"
      },
      "geometry": {
        "type": "Point",
        "coordinates": [
          -62.72846,
          -35.96893
        ]
      }
    },
    {
      "type": "Feature",
      "properties": {
        "name": "Asociación de Fomento Martín Coronado",
        "provincia": "Buenos Aires",
        "localidad": "Martín Coronado",
        "domicilio": "Nahuel Huapi 6658",
        "categoria": "Centro Cultural / Espacio de Rap"
      },
      "geometry": {
        "type": "Point",
        "coordinates": [
          -58.5892,
          -34.58944
        ]
      }
    },
    {
      "type": "Feature",
      "properties": {
        "name": "Asociación cultural Arte y Vida",
        "provincia": "Buenos Aires",
        "localidad": "Martín Coronado",
        "domicilio": "Remedios de Escalada de San Martín 6750",
        "categoria": "Centro Cultural / Espacio de Rap"
      },
      "geometry": {
        "type": "Point",
        "coordinates": [
          -58.588556,
          -34.53719
        ]
      }
    },
    {
      "type": "Feature",
      "properties": {
        "name": "Centro Cultural Raíces Compañeras",
        "provincia": "Buenos Aires",
        "localidad": "Pablo Podestá",
        "domicilio": "Presidente Juan Domingo Perón 9255",
        "categoria": "Centro Cultural / Espacio de Rap"
      },
      "geometry": {
        "type": "Point",
        "coordinates": [
          -58.61199,
          -34.57335
        ]
      }
    },
    {
      "type": "Feature",
      "properties": {
        "name": "Fusión 3",
        "provincia": "Buenos Aires",
        "localidad": "Saenz Peña",
        "domicilio": "Chile 1223",
        "categoria": "Centro Cultural / Espacio de Rap"
      },
      "geometry": {
        "type": "Point",
        "coordinates": [
          -58.53062,
          -34.60478
        ]
      }
    },
    {
      "type": "Feature",
      "properties": {
        "name": "Espacio La Tuerca",
        "provincia": "Buenos Aires",
        "localidad": "Santos Lugares",
        "domicilio": "Bonifacini 4192",
        "categoria": "Centro Cultural / Espacio de Rap"
      },
      "geometry": {
        "type": "Point",
        "coordinates": [
          -58.55374,
          -34.59964
        ]
      }
    },
    {
      "type": "Feature",
      "properties": {
        "name": "Centro Cultural Alto Espacio",
        "provincia": "Buenos Aires",
        "localidad": "Tres de Febrero",
        "domicilio": "3 de Febrero 2572",
        "categoria": "Centro Cultural / Espacio de Rap"
      },
      "geometry": {
        "type": "Point",
        "coordinates": [
          -58.56376,
          -34.60553
        ]
      }
    },
    {
      "type": "Feature",
      "properties": {
        "name": "Centro Cultural Carlos Auyero",
        "provincia": "Buenos Aires",
        "localidad": "Tres de Febrero",
        "domicilio": "Alberdi 4707",
        "categoria": "Centro Cultural / Espacio de Rap"
      },
      "geometry": {
        "type": "Point",
        "coordinates": [
          -58.56221,
          -34.60321
        ]
      }
    },
    {
      "type": "Feature",
      "properties": {
        "name": "Centro Cultural Andrés Ferreyra",
        "provincia": "Buenos Aires",
        "localidad": "Tres de Febrero",
        "domicilio": "Andrés Ferreyra 2561",
        "categoria": "Centro Cultural / Espacio de Rap"
      },
      "geometry": {
        "type": "Point",
        "coordinates": [
          -58.56484,
          -34.60541
        ]
      }
    },
    {
      "type": "Feature",
      "properties": {
        "name": "Centro Cultural Juana Azurduy",
        "provincia": "Buenos Aires",
        "localidad": "Tres de Febrero",
        "domicilio": "Sarmiento 2594",
        "categoria": "Centro Cultural / Espacio de Rap"
      },
      "geometry": {
        "type": "Point",
        "coordinates": [
          -58.56557,
          -34.60556
        ]
      }
    },
    {
      "type": "Feature",
      "properties": {
        "name": "Centro Cultural La Casa deTodos",
        "provincia": "Buenos Aires",
        "localidad": "Tres de Febrero",
        "domicilio": "Valentin Gomez 4930",
        "categoria": "Centro Cultural / Espacio de Rap"
      },
      "geometry": {
        "type": "Point",
        "coordinates": [
          -58.56612,
          -34.60515
        ]
      }
    },
    {
      "type": "Feature",
      "properties": {
        "name": "La Galerita, experiencias creativas",
        "provincia": "Buenos Aires",
        "localidad": "Munro",
        "domicilio": "Cornelio Saavedra 2269",
        "categoria": "Centro Cultural / Espacio de Rap"
      },
      "geometry": {
        "type": "Point",
        "coordinates": [
          -58.52521,
          -34.53473
        ]
      }
    },
    {
      "type": "Feature",
      "properties": {
        "name": "Estudio MV",
        "provincia": "Buenos Aires",
        "localidad": "Vicente Lopez",
        "domicilio": "Av. General José de San Martín 2513",
        "categoria": "Centro Cultural / Espacio de Rap"
      },
      "geometry": {
        "type": "Point",
        "coordinates": [
          -58.49614,
          -34.52989
        ]
      }
    },
    {
      "type": "Feature",
      "properties": {
        "name": "Foro de las Ciencias y las Artes",
        "provincia": "Buenos Aires",
        "localidad": "Vicente Lopez",
        "domicilio": "Av. Maipu 681",
        "categoria": "Centro Cultural / Espacio de Rap"
      },
      "geometry": {
        "type": "Point",
        "coordinates": [
          -58.47909615,
          -34.53178255
        ]
      }
    },
    {
      "type": "Feature",
      "properties": {
        "name": "Asociación Civil Centro Cultural Tiempos de Memoria",
        "provincia": "Buenos Aires",
        "localidad": "Vicente Lopez",
        "domicilio": "Caseros 231",
        "categoria": "Centro Cultural / Espacio de Rap"
      },
      "geometry": {
        "type": "Point",
        "coordinates": [
          -58.47962,
          -34.53719
        ]
      }
    },
    {
      "type": "Feature",
      "properties": {
        "name": "Asociación Civil La Rueda Educación Popular",
        "provincia": "Buenos Aires",
        "localidad": "Vicente Lopez",
        "domicilio": "Chile 601",
        "categoria": "Centro Cultural / Espacio de Rap"
      },
      "geometry": {
        "type": "Point",
        "coordinates": [
          -58.50525,
          -34.54486
        ]
      }
    },
    {
      "type": "Feature",
      "properties": {
        "name": "La Pajarera",
        "provincia": "Buenos Aires",
        "localidad": "Vicente Lopez",
        "domicilio": "Maquinista Carregal 3036",
        "categoria": "Centro Cultural / Espacio de Rap"
      },
      "geometry": {
        "type": "Point",
        "coordinates": [
          -58.52228,
          -34.52371
        ]
      }
    },
    {
      "type": "Feature",
      "properties": {
        "name": "Casa de la Cultura Municipal",
        "provincia": "Buenos Aires",
        "localidad": "Vicente Lopez",
        "domicilio": "Ricardo Gutierrez 1060",
        "categoria": "Centro Cultural / Espacio de Rap"
      },
      "geometry": {
        "type": "Point",
        "coordinates": [
          -58.485905,
          -34.509498
        ]
      }
    },
    {
      "type": "Feature",
      "properties": {
        "name": "El Faro",
        "provincia": "Buenos Aires",
        "localidad": "Vicente Lopez",
        "domicilio": "Rosetti 2331",
        "categoria": "Centro Cultural / Espacio de Rap"
      },
      "geometry": {
        "type": "Point",
        "coordinates": [
          -58.50805,
          -34.52433
        ]
      }
    },
    {
      "type": "Feature",
      "properties": {
        "name": "La Galpona - laboratorio de ideas",
        "provincia": "Buenos Aires",
        "localidad": "Villa Martelli",
        "domicilio": "Grecia 501",
        "categoria": "Centro Cultural / Espacio de Rap"
      },
      "geometry": {
        "type": "Point",
        "coordinates": [
          -58.50515,
          -34.54593
        ]
      }
    },
    {
      "type": "Feature",
      "properties": {
        "name": "Teatro Homero Manzi",
        "provincia": "Buenos Aires",
        "localidad": "Villa Gesell",
        "domicilio": "Av. 3 nº 3540",
        "categoria": "Centro Cultural / Espacio de Rap"
      },
      "geometry": {
        "type": "Point",
        "coordinates": [
          -56.99127,
          -37.28321
        ]
      }
    },
    {
      "type": "Feature",
      "properties": {
        "name": "CASA DE LA CULTURA HILARIO ASCASUBI",
        "provincia": "Buenos Aires",
        "localidad": "Hilario Ascasubi",
        "domicilio": "1° de Septiembre 583",
        "categoria": "Centro Cultural / Espacio de Rap"
      },
      "geometry": {
        "type": "Point",
        "coordinates": [
          -62.64586514,
          -39.37340104
        ]
      }
    },
    {
      "type": "Feature",
      "properties": {
        "name": "ESTACIÓN NICOLAS LEVALLE",
        "provincia": "Buenos Aires",
        "localidad": "Nicolas Levalle",
        "domicilio": "SECCION CHACRAS S/n",
        "categoria": "Centro Cultural / Espacio de Rap"
      },
      "geometry": {
        "type": "Point",
        "coordinates": [
          -62.87750422,
          -38.85083739
        ]
      }
    },
    {
      "type": "Feature",
      "properties": {
        "name": "Casa de la Cultura de Pedro Luro",
        "provincia": "Buenos Aires",
        "localidad": "Pedro Luro",
        "domicilio": "Calle 22 y 3 Sin numero",
        "categoria": "Centro Cultural / Espacio de Rap"
      },
      "geometry": {
        "type": "Point",
        "coordinates": [
          -62.68631446,
          -39.50472349
        ]
      }
    },
    {
      "type": "Feature",
      "properties": {
        "name": "Forum Cultural",
        "provincia": "Buenos Aires",
        "localidad": "Zarate",
        "domicilio": "Pellegrini y Moreno",
        "categoria": "Centro Cultural / Espacio de Rap"
      },
      "geometry": {
        "type": "Point",
        "coordinates": [
          -59.02146,
          -34.10465
        ]
      }
    },
    {
      "type": "Feature",
      "properties": {
        "name": "Centro Cultural Policarpo",
        "provincia": "Catamarca",
        "localidad": "Aconquija",
        "domicilio": "Buena Vista",
        "categoria": "Centro Cultural / Espacio de Rap"
      },
      "geometry": {
        "type": "Point",
        "coordinates": [
          -66.01203,
          -27.46942
        ]
      }
    },
    {
      "type": "Feature",
      "properties": {
        "name": "Cooperativa de Trabajo Cachalahueca Ltda",
        "provincia": "Catamarca",
        "localidad": "Andalgala",
        "domicilio": "Florida 660",
        "categoria": "Centro Cultural / Espacio de Rap"
      },
      "geometry": {
        "type": "Point",
        "coordinates": [
          -65.77715,
          -28.47975
        ]
      }
    },
    {
      "type": "Feature",
      "properties": {
        "name": "La Osera Casa Cultural",
        "provincia": "Catamarca",
        "localidad": "San Fernando del Valle de Catamarca",
        "domicilio": "Ambato 890",
        "categoria": "Centro Cultural / Espacio de Rap"
      },
      "geometry": {
        "type": "Point",
        "coordinates": [
          -65.79428,
          -28.44994
        ]
      }
    },
    {
      "type": "Feature",
      "properties": {
        "name": "La Nube Galpon de las Artes - Catamarca",
        "provincia": "Catamarca",
        "localidad": "San Fernando del Valle de Catamarca",
        "domicilio": "Dr. Tomás Vergara 1975",
        "categoria": "Centro Cultural / Espacio de Rap"
      },
      "geometry": {
        "type": "Point",
        "coordinates": [
          -65.80703,
          -28.47186
        ]
      }
    },
    {
      "type": "Feature",
      "properties": {
        "name": "El Cebil",
        "provincia": "Catamarca",
        "localidad": "San Fernando del Valle de Catamarca",
        "domicilio": "Esquiú 781",
        "categoria": "Centro Cultural / Espacio de Rap"
      },
      "geometry": {
        "type": "Point",
        "coordinates": [
          -65.77587484,
          -28.46690586
        ]
      }
    },
    {
      "type": "Feature",
      "properties": {
        "name": "La casita. Arte y eventos",
        "provincia": "Catamarca",
        "localidad": "San Fernando del Valle de Catamarca",
        "domicilio": "Formosa 1317",
        "categoria": "Centro Cultural / Espacio de Rap"
      },
      "geometry": {
        "type": "Point",
        "coordinates": [
          -65.77076,
          -28.47739
        ]
      }
    },
    {
      "type": "Feature",
      "properties": {
        "name": "Qhispina Casa Albergue- Espacio Cultural",
        "provincia": "Catamarca",
        "localidad": "San Fernando del Valle de Catamarca",
        "domicilio": "Rivadavia 60",
        "categoria": "Centro Cultural / Espacio de Rap"
      },
      "geometry": {
        "type": "Point",
        "coordinates": [
          -65.77848,
          -28.4613
        ]
      }
    },
    {
      "type": "Feature",
      "properties": {
        "name": "La Primitiva",
        "provincia": "Catamarca",
        "localidad": "San Fernando del Valle de Catamarca",
        "domicilio": "Salta 1078",
        "categoria": "Centro Cultural / Espacio de Rap"
      },
      "geometry": {
        "type": "Point",
        "coordinates": [
          -65.7765194,
          -28.4741581
        ]
      }
    },
    {
      "type": "Feature",
      "properties": {
        "name": "Casa De La Cultura de Catamarca",
        "provincia": "Catamarca",
        "localidad": "San Fernando del Valle de Catamarca",
        "domicilio": "San Martín 533",
        "categoria": "Centro Cultural / Espacio de Rap"
      },
      "geometry": {
        "type": "Point",
        "coordinates": [
          -65.778947,
          -28.469611
        ]
      }
    },
    {
      "type": "Feature",
      "properties": {
        "name": "Centro Cultural Patria Grande",
        "provincia": "Catamarca",
        "localidad": "San Fernando del Valle de Catamarca",
        "domicilio": "José Figueroa 256",
        "categoria": "Centro Cultural / Espacio de Rap"
      },
      "geometry": {
        "type": "Point",
        "coordinates": [
          -65.78404,
          -28.45689
        ]
      }
    },
    {
      "type": "Feature",
      "properties": {
        "name": "El Galpón Club de Salud",
        "provincia": "Catamarca",
        "localidad": "Pomancillo Oeste",
        "domicilio": "Avenida Martin de Guemes 785",
        "categoria": "Centro Cultural / Espacio de Rap"
      },
      "geometry": {
        "type": "Point",
        "coordinates": [
          -65.73717,
          -28.32889
        ]
      }
    },
    {
      "type": "Feature",
      "properties": {
        "name": "Centro Cultural Amarillo",
        "provincia": "Catamarca",
        "localidad": "Pomancillo Oeste",
        "domicilio": "Ruta Provincial N° 22  km. 22,5",
        "categoria": "Centro Cultural / Espacio de Rap"
      },
      "geometry": {
        "type": "Point",
        "coordinates": [
          -65.73200925,
          -28.30425563
        ]
      }
    },
    {
      "type": "Feature",
      "properties": {
        "name": "BRUJA MULTIESPACIO",
        "provincia": "Catamarca",
        "localidad": "Pomán",
        "domicilio": "25 De Agosto 5315",
        "categoria": "Centro Cultural / Espacio de Rap"
      },
      "geometry": {
        "type": "Point",
        "coordinates": [
          -66.21889219,
          -28.38969946
        ]
      }
    },
    {
      "type": "Feature",
      "properties": {
        "name": "Centro de Cultura y Trabajo Comunitario  Villa Dolores",
        "provincia": "Catamarca",
        "localidad": "Villa Dolores",
        "domicilio": "José Joaquín de Acuña 995",
        "categoria": "Centro Cultural / Espacio de Rap"
      },
      "geometry": {
        "type": "Point",
        "coordinates": [
          -65.72077,
          -28.4405
        ]
      }
    },
    {
      "type": "Feature",
      "properties": {
        "name": "Casa 33",
        "provincia": "Catamarca",
        "localidad": "Villa Dolores",
        "domicilio": "s/d",
        "categoria": "Centro Cultural / Espacio de Rap"
      },
      "geometry": {
        "type": "Point",
        "coordinates": [
          -65.63513267,
          -28.48186804
        ]
      }
    },
    {
      "type": "Feature",
      "properties": {
        "name": "Almazenna Teatro Casa de Culturas",
        "provincia": "Córdoba",
        "localidad": "Cordoba",
        "domicilio": "9 de julio 4331",
        "categoria": "Centro Cultural / Espacio de Rap"
      },
      "geometry": {
        "type": "Point",
        "coordinates": [
          -64.225637,
          -31.401974
        ]
      }
    },
    {
      "type": "Feature",
      "properties": {
        "name": "Espacio Urda",
        "provincia": "Córdoba",
        "localidad": "Cordoba",
        "domicilio": "9 de Julio 739",
        "categoria": "Centro Cultural / Espacio de Rap"
      },
      "geometry": {
        "type": "Point",
        "coordinates": [
          -64.19388,
          -31.4119
        ]
      }
    },
    {
      "type": "Feature",
      "properties": {
        "name": "Centro Cultural Casona Municipal",
        "provincia": "Córdoba",
        "localidad": "Cordoba",
        "domicilio": "Av. General Paz esq. La Rioja",
        "categoria": "Centro Cultural / Espacio de Rap"
      },
      "geometry": {
        "type": "Point",
        "coordinates": [
          -64.184934,
          -31.410354
        ]
      }
    },
    {
      "type": "Feature",
      "properties": {
        "name": "Fresca Viruta Espacio",
        "provincia": "Córdoba",
        "localidad": "Cordoba",
        "domicilio": "Av. Patria 1526",
        "categoria": "Centro Cultural / Espacio de Rap"
      },
      "geometry": {
        "type": "Point",
        "coordinates": [
          -64.16174,
          -31.39754
        ]
      }
    },
    {
      "type": "Feature",
      "properties": {
        "name": "Centro Cultural Córdoba",
        "provincia": "Córdoba",
        "localidad": "Cordoba",
        "domicilio": "Av. Poeta Lugones 401",
        "categoria": "Centro Cultural / Espacio de Rap"
      },
      "geometry": {
        "type": "Point",
        "coordinates": [
          -64.18297,
          -31.42771
        ]
      }
    },
    {
      "type": "Feature",
      "properties": {
        "name": "Centro Cultural Tinku Arte",
        "provincia": "Córdoba",
        "localidad": "Cordoba",
        "domicilio": "Baigorri 950",
        "categoria": "Centro Cultural / Espacio de Rap"
      },
      "geometry": {
        "type": "Point",
        "coordinates": [
          -64.1876425,
          -31.39133446
        ]
      }
    },
    {
      "type": "Feature",
      "properties": {
        "name": "La Burbuja Circo",
        "provincia": "Córdoba",
        "localidad": "Cordoba",
        "domicilio": "Boulevard Los Andes 469",
        "categoria": "Centro Cultural / Espacio de Rap"
      },
      "geometry": {
        "type": "Point",
        "coordinates": [
          -64.18689,
          -31.4041
        ]
      }
    },
    {
      "type": "Feature",
      "properties": {
        "name": "Centro Cultural Villa el Libertador",
        "provincia": "Córdoba",
        "localidad": "Cordoba",
        "domicilio": "Caracas 5413",
        "categoria": "Centro Cultural / Espacio de Rap"
      },
      "geometry": {
        "type": "Point",
        "coordinates": [
          -64.22481,
          -31.4669
        ]
      }
    },
    {
      "type": "Feature",
      "properties": {
        "name": "Centro De Arte Contemporáneo  C.A.C",
        "provincia": "Córdoba",
        "localidad": "Cordoba",
        "domicilio": "Cárcano 1750",
        "categoria": "Centro Cultural / Espacio de Rap"
      },
      "geometry": {
        "type": "Point",
        "coordinates": [
          -64.25496,
          -31.37332
        ]
      }
    },
    {
      "type": "Feature",
      "properties": {
        "name": "Centro Cultural La Piojera",
        "provincia": "Córdoba",
        "localidad": "Cordoba",
        "domicilio": "Colón, Av. 1559",
        "categoria": "Centro Cultural / Espacio de Rap"
      },
      "geometry": {
        "type": "Point",
        "coordinates": [
          -64.2040025,
          -31.40748269
        ]
      }
    },
    {
      "type": "Feature",
      "properties": {
        "name": "Bendita, Arte y Sanación",
        "provincia": "Córdoba",
        "localidad": "Cordoba",
        "domicilio": "Dean Funes 278",
        "categoria": "Centro Cultural / Espacio de Rap"
      },
      "geometry": {
        "type": "Point",
        "coordinates": [
          -64.1874,
          -31.41463
        ]
      }
    },
    {
      "type": "Feature",
      "properties": {
        "name": "Irradiando",
        "provincia": "Córdoba",
        "localidad": "Cordoba",
        "domicilio": "Doctor Ángel Roque Suárez 48",
        "categoria": "Centro Cultural / Espacio de Rap"
      },
      "geometry": {
        "type": "Point",
        "coordinates": [
          -64.2065,
          -31.40995
        ]
      }
    },
    {
      "type": "Feature",
      "properties": {
        "name": "Centro Cultural Discepolín",
        "provincia": "Córdoba",
        "localidad": "Cordoba",
        "domicilio": "Domingo Funes N°475",
        "categoria": "Centro Cultural / Espacio de Rap"
      },
      "geometry": {
        "type": "Point",
        "coordinates": [
          -64.19605,
          -31.42633
        ]
      }
    },
    {
      "type": "Feature",
      "properties": {
        "name": "Centro Cultural España Córdoba",
        "provincia": "Córdoba",
        "localidad": "Cordoba",
        "domicilio": "Entre Ríos 40",
        "categoria": "Centro Cultural / Espacio de Rap"
      },
      "geometry": {
        "type": "Point",
        "coordinates": [
          -64.183886,
          -31.418584
        ]
      }
    },
    {
      "type": "Feature",
      "properties": {
        "name": "Centro Cultural Casa de Pepino",
        "provincia": "Córdoba",
        "localidad": "Cordoba",
        "domicilio": "Fructuoso Rivera esq. Belgrano",
        "categoria": "Centro Cultural / Espacio de Rap"
      },
      "geometry": {
        "type": "Point",
        "coordinates": [
          -64.19265,
          -31.4254
        ]
      }
    },
    {
      "type": "Feature",
      "properties": {
        "name": "LAN El Parisino",
        "provincia": "Córdoba",
        "localidad": "Cordoba",
        "domicilio": "Gral. Simón Bolívar 751",
        "categoria": "Centro Cultural / Espacio de Rap"
      },
      "geometry": {
        "type": "Point",
        "coordinates": [
          -64.19381,
          -31.42326
        ]
      }
    },
    {
      "type": "Feature",
      "properties": {
        "name": "Espacio  artístico  Universo de Sueños",
        "provincia": "Córdoba",
        "localidad": "Cordoba",
        "domicilio": "Hulluman 1894",
        "categoria": "Centro Cultural / Espacio de Rap"
      },
      "geometry": {
        "type": "Point",
        "coordinates": [
          -64.16789,
          -31.3774
        ]
      }
    },
    {
      "type": "Feature",
      "properties": {
        "name": "Comarca de Creadores",
        "provincia": "Córdoba",
        "localidad": "Cordoba",
        "domicilio": "Lima 742",
        "categoria": "Centro Cultural / Espacio de Rap"
      },
      "geometry": {
        "type": "Point",
        "coordinates": [
          -64.17303,
          -31.41459
        ]
      }
    },
    {
      "type": "Feature",
      "properties": {
        "name": "La Parisina Casa de Arte",
        "provincia": "Córdoba",
        "localidad": "Cordoba",
        "domicilio": "Neuquén 223",
        "categoria": "Centro Cultural / Espacio de Rap"
      },
      "geometry": {
        "type": "Point",
        "coordinates": [
          -64.20454,
          -31.40707
        ]
      }
    },
    {
      "type": "Feature",
      "properties": {
        "name": "Casa Grote",
        "provincia": "Córdoba",
        "localidad": "Cordoba",
        "domicilio": "Padre Grote 1080",
        "categoria": "Centro Cultural / Espacio de Rap"
      },
      "geometry": {
        "type": "Point",
        "coordinates": [
          -64.167912,
          -31.394041
        ]
      }
    },
    {
      "type": "Feature",
      "properties": {
        "name": "Centro Cultural Paseo de las Artes",
        "provincia": "Córdoba",
        "localidad": "Cordoba",
        "domicilio": "Pasaje Revol 299",
        "categoria": "Centro Cultural / Espacio de Rap"
      },
      "geometry": {
        "type": "Point",
        "coordinates": [
          -64.1921,
          -31.42374
        ]
      }
    },
    {
      "type": "Feature",
      "properties": {
        "name": "La Casa Colectiva",
        "provincia": "Córdoba",
        "localidad": "Cordoba",
        "domicilio": "Pje Eusebio Marcilla 677",
        "categoria": "Centro Cultural / Espacio de Rap"
      },
      "geometry": {
        "type": "Point",
        "coordinates": [
          -64.18834,
          -31.40467
        ]
      }
    },
    {
      "type": "Feature",
      "properties": {
        "name": "Estudio Escénico La Potosí",
        "provincia": "Córdoba",
        "localidad": "Cordoba",
        "domicilio": "Potosí 1385",
        "categoria": "Centro Cultural / Espacio de Rap"
      },
      "geometry": {
        "type": "Point",
        "coordinates": [
          -64.16972,
          -31.40091
        ]
      }
    },
    {
      "type": "Feature",
      "properties": {
        "name": "Centro Cultural General Paz",
        "provincia": "Córdoba",
        "localidad": "Cordoba",
        "domicilio": "Pringles 420",
        "categoria": "Centro Cultural / Espacio de Rap"
      },
      "geometry": {
        "type": "Point",
        "coordinates": [
          -64.16807,
          -31.411705
        ]
      }
    },
    {
      "type": "Feature",
      "properties": {
        "name": "Espacio Cultural Museo de las Mujeres",
        "provincia": "Córdoba",
        "localidad": "Cordoba",
        "domicilio": "Rivera Indarte 55",
        "categoria": "Centro Cultural / Espacio de Rap"
      },
      "geometry": {
        "type": "Point",
        "coordinates": [
          -64.18514,
          -31.41493
        ]
      }
    },
    {
      "type": "Feature",
      "properties": {
        "name": "Centro Cultural Alta Córdoba - Efrain Bischoff",
        "provincia": "Córdoba",
        "localidad": "Cordoba",
        "domicilio": "Rodríguez Peña 1600",
        "categoria": "Centro Cultural / Espacio de Rap"
      },
      "geometry": {
        "type": "Point",
        "coordinates": [
          -64.188953,
          -31.393185
        ]
      }
    },
    {
      "type": "Feature",
      "properties": {
        "name": "El Hormiguero",
        "provincia": "Córdoba",
        "localidad": "Cordoba",
        "domicilio": "S/D",
        "categoria": "Centro Cultural / Espacio de Rap"
      },
      "geometry": {
        "type": "Point",
        "coordinates": [
          -64.18333843,
          -31.41381662
        ]
      }
    },
    {
      "type": "Feature",
      "properties": {
        "name": "Estudio E",
        "provincia": "Córdoba",
        "localidad": "Cordoba",
        "domicilio": "Salta 554",
        "categoria": "Centro Cultural / Espacio de Rap"
      },
      "geometry": {
        "type": "Point",
        "coordinates": [
          -64.17597,
          -31.41115
        ]
      }
    },
    {
      "type": "Feature",
      "properties": {
        "name": "Centro Cultural San Vicente",
        "provincia": "Córdoba",
        "localidad": "Cordoba",
        "domicilio": "San Jerónimo 2850",
        "categoria": "Centro Cultural / Espacio de Rap"
      },
      "geometry": {
        "type": "Point",
        "coordinates": [
          -64.147145,
          -31.423444
        ]
      }
    },
    {
      "type": "Feature",
      "properties": {
        "name": "Escafandra Espacio Cultural Comunitario",
        "provincia": "Córdoba",
        "localidad": "Cordoba",
        "domicilio": "Simón Bolívar 558",
        "categoria": "Centro Cultural / Espacio de Rap"
      },
      "geometry": {
        "type": "Point",
        "coordinates": [
          -64.19377,
          -31.42076
        ]
      }
    },
    {
      "type": "Feature",
      "properties": {
        "name": "Club Social y Deportivo Agua de Oro",
        "provincia": "Córdoba",
        "localidad": "Agua de Oro",
        "domicilio": "Avenida Belgrano s/n",
        "categoria": "Centro Cultural / Espacio de Rap"
      },
      "geometry": {
        "type": "Point",
        "coordinates": [
          -64.29326,
          -31.05866
        ]
      }
    },
    {
      "type": "Feature",
      "properties": {
        "name": "Río arriba cultural",
        "provincia": "Córdoba",
        "localidad": "Agua de Oro",
        "domicilio": "Costanera Alta",
        "categoria": "Centro Cultural / Espacio de Rap"
      },
      "geometry": {
        "type": "Point",
        "coordinates": [
          -64.29455,
          -31.06608
        ]
      }
    },
    {
      "type": "Feature",
      "properties": {
        "name": "Pico de tinta, espacio taller",
        "provincia": "Córdoba",
        "localidad": "Jesús Maria",
        "domicilio": "Cástulo Peña 719",
        "categoria": "Centro Cultural / Espacio de Rap"
      },
      "geometry": {
        "type": "Point",
        "coordinates": [
          -64.0986232,
          -30.9807042
        ]
      }
    },
    {
      "type": "Feature",
      "properties": {
        "name": "Buena Vista",
        "provincia": "Córdoba",
        "localidad": "La Calera",
        "domicilio": "Los Algarrobos 741",
        "categoria": "Centro Cultural / Espacio de Rap"
      },
      "geometry": {
        "type": "Point",
        "coordinates": [
          -64.31177,
          -31.35319
        ]
      }
    },
    {
      "type": "Feature",
      "properties": {
        "name": "Espacio Cultural El Crespin",
        "provincia": "Córdoba",
        "localidad": "La Calera",
        "domicilio": "s/d",
        "categoria": "Centro Cultural / Espacio de Rap"
      },
      "geometry": {
        "type": "Point",
        "coordinates": [
          -64.34012,
          -31.352
        ]
      }
    },
    {
      "type": "Feature",
      "properties": {
        "name": "Espacio Cultural La Vertiente",
        "provincia": "Córdoba",
        "localidad": "Río Ceballos",
        "domicilio": "Av. San Martin 5172",
        "categoria": "Centro Cultural / Espacio de Rap"
      },
      "geometry": {
        "type": "Point",
        "coordinates": [
          -64.321768,
          -31.1661735
        ]
      }
    },
    {
      "type": "Feature",
      "properties": {
        "name": "Centro Cultural Cooperativo Casa Azul",
        "provincia": "Córdoba",
        "localidad": "Río Ceballos",
        "domicilio": "Salta 55",
        "categoria": "Centro Cultural / Espacio de Rap"
      },
      "geometry": {
        "type": "Point",
        "coordinates": [
          -64.3191906,
          -31.1662059
        ]
      }
    },
    {
      "type": "Feature",
      "properties": {
        "name": "MANSA MANSION A LA VERA DEL RIO",
        "provincia": "Córdoba",
        "localidad": "Río Ceballos",
        "domicilio": "San lorenzo 240",
        "categoria": "Centro Cultural / Espacio de Rap"
      },
      "geometry": {
        "type": "Point",
        "coordinates": [
          -64.32322235,
          -31.15247351
        ]
      }
    },
    {
      "type": "Feature",
      "properties": {
        "name": "Centro Cultural Municipal El Parque",
        "provincia": "Córdoba",
        "localidad": "Salsipuedes",
        "domicilio": "Nicolás Torres s/n",
        "categoria": "Centro Cultural / Espacio de Rap"
      },
      "geometry": {
        "type": "Point",
        "coordinates": [
          -64.29066104,
          -31.13883441
        ]
      }
    },
    {
      "type": "Feature",
      "properties": {
        "name": "La Casa de la Cultura",
        "provincia": "Córdoba",
        "localidad": "Unquillo",
        "domicilio": "Av. San Martín 1712",
        "categoria": "Centro Cultural / Espacio de Rap"
      },
      "geometry": {
        "type": "Point",
        "coordinates": [
          -64.3133601,
          -31.2362857
        ]
      }
    },
    {
      "type": "Feature",
      "properties": {
        "name": "El Recodo del sol",
        "provincia": "Córdoba",
        "localidad": "Unquillo",
        "domicilio": "Gral. Belgrano 1200",
        "categoria": "Centro Cultural / Espacio de Rap"
      },
      "geometry": {
        "type": "Point",
        "coordinates": [
          -64.325797,
          -31.221846
        ]
      }
    },
    {
      "type": "Feature",
      "properties": {
        "name": "Oniria, espacio de artistas cooperativxs",
        "provincia": "Córdoba",
        "localidad": "Villa Allende",
        "domicilio": "Figueroa Alcorta 156",
        "categoria": "Centro Cultural / Espacio de Rap"
      },
      "geometry": {
        "type": "Point",
        "coordinates": [
          -64.29528,
          -31.29074
        ]
      }
    },
    {
      "type": "Feature",
      "properties": {
        "name": "Casa de la Cultura Marcelo Pais",
        "provincia": "Córdoba",
        "localidad": "San Marcos Sierras",
        "domicilio": "Moreno y los Algarrobos",
        "categoria": "Centro Cultural / Espacio de Rap"
      },
      "geometry": {
        "type": "Point",
        "coordinates": [
          -64.64685151,
          -30.78034206
        ]
      }
    },
    {
      "type": "Feature",
      "properties": {
        "name": "Casa de la Cultura",
        "provincia": "Córdoba",
        "localidad": "Jovita",
        "domicilio": "Mitre 46",
        "categoria": "Centro Cultural / Espacio de Rap"
      },
      "geometry": {
        "type": "Point",
        "coordinates": [
          -63.9447548,
          -34.5195442
        ]
      }
    },
    {
      "type": "Feature",
      "properties": {
        "name": "Centro Cultural Municipal",
        "provincia": "Córdoba",
        "localidad": "Dean Funes",
        "domicilio": "España 151",
        "categoria": "Centro Cultural / Espacio de Rap"
      },
      "geometry": {
        "type": "Point",
        "coordinates": [
          -64.35163,
          -30.42206
        ]
      }
    },
    {
      "type": "Feature",
      "properties": {
        "name": "Sociedad Italiana",
        "provincia": "Córdoba",
        "localidad": "General Deheza",
        "domicilio": "Buenos Aires 86",
        "categoria": "Centro Cultural / Espacio de Rap"
      },
      "geometry": {
        "type": "Point",
        "coordinates": [
          -63.82026,
          -32.77317
        ]
      }
    },
    {
      "type": "Feature",
      "properties": {
        "name": "Centro Cultural Municipal",
        "provincia": "Córdoba",
        "localidad": "Alejo Ledesma",
        "domicilio": "Fortín Las Tunas y Tucumán",
        "categoria": "Centro Cultural / Espacio de Rap"
      },
      "geometry": {
        "type": "Point",
        "coordinates": [
          -62.62653,
          -33.60467
        ]
      }
    },
    {
      "type": "Feature",
      "properties": {
        "name": "Salón Centro Cultural Municipal",
        "provincia": "Córdoba",
        "localidad": "Arias",
        "domicilio": "Belgrano 1028",
        "categoria": "Centro Cultural / Espacio de Rap"
      },
      "geometry": {
        "type": "Point",
        "coordinates": [
          -62.40023,
          -33.63607
        ]
      }
    },
    {
      "type": "Feature",
      "properties": {
        "name": "Centro Cultural Polivalente Eva Perón",
        "provincia": "Córdoba",
        "localidad": "San Carlos Minas",
        "domicilio": "Av. San Martín 50",
        "categoria": "Centro Cultural / Espacio de Rap"
      },
      "geometry": {
        "type": "Point",
        "coordinates": [
          -65.10170543,
          -31.17559042
        ]
      }
    },
    {
      "type": "Feature",
      "properties": {
        "name": "Espacio Cultural Las Chicharras",
        "provincia": "Córdoba",
        "localidad": "Capilla del Monte",
        "domicilio": "Av. Pueyrredón 648",
        "categoria": "Centro Cultural / Espacio de Rap"
      },
      "geometry": {
        "type": "Point",
        "coordinates": [
          -64.52429,
          -30.86171
        ]
      }
    },
    {
      "type": "Feature",
      "properties": {
        "name": "Espacio Social y Cultural Proponiendo Sueños",
        "provincia": "Córdoba",
        "localidad": "La Cumbre",
        "domicilio": "Bartolome Jaime esq. Dumas",
        "categoria": "Centro Cultural / Espacio de Rap"
      },
      "geometry": {
        "type": "Point",
        "coordinates": [
          -64.48504599,
          -30.96806526
        ]
      }
    },
    {
      "type": "Feature",
      "properties": {
        "name": "Eden Hotel",
        "provincia": "Córdoba",
        "localidad": "La Falda",
        "domicilio": "Av. Edén 1400",
        "categoria": "Centro Cultural / Espacio de Rap"
      },
      "geometry": {
        "type": "Point",
        "coordinates": [
          -64.47076,
          -31.09204
        ]
      }
    },
    {
      "type": "Feature",
      "properties": {
        "name": "Club Alemán ASCA",
        "provincia": "Córdoba",
        "localidad": "La Falda",
        "domicilio": "Juan José Paso 260",
        "categoria": "Centro Cultural / Espacio de Rap"
      },
      "geometry": {
        "type": "Point",
        "coordinates": [
          -64.47952,
          -31.08897
        ]
      }
    },
    {
      "type": "Feature",
      "properties": {
        "name": "Centro Holístico Allá Arriba",
        "provincia": "Córdoba",
        "localidad": "La Falda",
        "domicilio": "Las Murallas 200",
        "categoria": "Centro Cultural / Espacio de Rap"
      },
      "geometry": {
        "type": "Point",
        "coordinates": [
          -64.46823,
          -31.08918
        ]
      }
    },
    {
      "type": "Feature",
      "properties": {
        "name": "Espacio Cultural Takay Nina",
        "provincia": "Córdoba",
        "localidad": "Santa María de Punilla",
        "domicilio": "Fermin Rodriguez 1665",
        "categoria": "Centro Cultural / Espacio de Rap"
      },
      "geometry": {
        "type": "Point",
        "coordinates": [
          -64.46262645,
          -31.27986635
        ]
      }
    },
    {
      "type": "Feature",
      "properties": {
        "name": "Centro Cultural Raices Soberanas",
        "provincia": "Córdoba",
        "localidad": "Tanti",
        "domicilio": "España 406",
        "categoria": "Centro Cultural / Espacio de Rap"
      },
      "geometry": {
        "type": "Point",
        "coordinates": [
          -64.5777931,
          -31.3583884
        ]
      }
    },
    {
      "type": "Feature",
      "properties": {
        "name": "Espacio Sur",
        "provincia": "Córdoba",
        "localidad": "Villa Cerro Azul",
        "domicilio": "Salta s/n",
        "categoria": "Centro Cultural / Espacio de Rap"
      },
      "geometry": {
        "type": "Point",
        "coordinates": [
          -64.30977,
          -31.08489
        ]
      }
    },
    {
      "type": "Feature",
      "properties": {
        "name": "CENTRO CULTURAL KAIKEN",
        "provincia": "Córdoba",
        "localidad": "VILLA RIO ICHO CRUZ",
        "domicilio": "LOS HALCONES 544",
        "categoria": "Centro Cultural / Espacio de Rap"
      },
      "geometry": {
        "type": "Point",
        "coordinates": [
          -64.54126563,
          -31.470833
        ]
      }
    },
    {
      "type": "Feature",
      "properties": {
        "name": "Centro Cultural Leonardo Favio",
        "provincia": "Córdoba",
        "localidad": "Río Cuarto",
        "domicilio": "Buenos Aires 56",
        "categoria": "Centro Cultural / Espacio de Rap"
      },
      "geometry": {
        "type": "Point",
        "coordinates": [
          -64.3492498,
          -33.12429934
        ]
      }
    },
    {
      "type": "Feature",
      "properties": {
        "name": "Mixtura",
        "provincia": "Córdoba",
        "localidad": "Río Cuarto",
        "domicilio": "Lamadrid 781",
        "categoria": "Centro Cultural / Espacio de Rap"
      },
      "geometry": {
        "type": "Point",
        "coordinates": [
          -64.3445,
          -33.12513
        ]
      }
    },
    {
      "type": "Feature",
      "properties": {
        "name": "Casa De La Cultura Río IV",
        "provincia": "Córdoba",
        "localidad": "Río Cuarto",
        "domicilio": "Rivadavia esquina General Paz",
        "categoria": "Centro Cultural / Espacio de Rap"
      },
      "geometry": {
        "type": "Point",
        "coordinates": [
          -64.34796,
          -33.12546
        ]
      }
    },
    {
      "type": "Feature",
      "properties": {
        "name": "LA LA LA CENTRO ARTISTICO",
        "provincia": "Córdoba",
        "localidad": "Río Cuarto",
        "domicilio": "S/D",
        "categoria": "Centro Cultural / Espacio de Rap"
      },
      "geometry": {
        "type": "Point",
        "coordinates": [
          -64.3487377,
          -33.12426312
        ]
      }
    },
    {
      "type": "Feature",
      "properties": {
        "name": "El Viejo Cooke",
        "provincia": "Córdoba",
        "localidad": "Río Cuarto",
        "domicilio": "Santiago del Estero 1024",
        "categoria": "Centro Cultural / Espacio de Rap"
      },
      "geometry": {
        "type": "Point",
        "coordinates": [
          -64.35648,
          -33.12522
        ]
      }
    },
    {
      "type": "Feature",
      "properties": {
        "name": "Centro Cultural Agua Escondida - Casa Museo Atahualpa Yupanqui -",
        "provincia": "Córdoba",
        "localidad": "Cerro Colorado",
        "domicilio": "Cerro Colorado",
        "categoria": "Centro Cultural / Espacio de Rap"
      },
      "geometry": {
        "type": "Point",
        "coordinates": [
          -63.92877317,
          -30.09605993
        ]
      }
    },
    {
      "type": "Feature",
      "properties": {
        "name": "Casa de la Cultura",
        "provincia": "Córdoba",
        "localidad": "Pilar",
        "domicilio": "Rivadavia 370",
        "categoria": "Centro Cultural / Espacio de Rap"
      },
      "geometry": {
        "type": "Point",
        "coordinates": [
          -63.88055,
          -31.680381
        ]
      }
    },
    {
      "type": "Feature",
      "properties": {
        "name": "Centro Cultural María Elena Walsh",
        "provincia": "Córdoba",
        "localidad": "La Paz",
        "domicilio": "Independencia 5879",
        "categoria": "Centro Cultural / Espacio de Rap"
      },
      "geometry": {
        "type": "Point",
        "coordinates": [
          -65.04756,
          -32.21812
        ]
      }
    },
    {
      "type": "Feature",
      "properties": {
        "name": "Espacio cultural Los Molles",
        "provincia": "Córdoba",
        "localidad": "Paraje Los Molles- Villa de las rosas",
        "domicilio": "Camping Los Molles",
        "categoria": "Centro Cultural / Espacio de Rap"
      },
      "geometry": {
        "type": "Point",
        "coordinates": [
          -65.02009447,
          -31.96429549
        ]
      }
    },
    {
      "type": "Feature",
      "properties": {
        "name": "La Urpila espacio cultural",
        "provincia": "Córdoba",
        "localidad": "Villa de las Rosas",
        "domicilio": "Quebrada de los Pozos",
        "categoria": "Centro Cultural / Espacio de Rap"
      },
      "geometry": {
        "type": "Point",
        "coordinates": [
          -65.05381,
          -31.95529
        ]
      }
    },
    {
      "type": "Feature",
      "properties": {
        "name": "Centro Cultural y Recreativo",
        "provincia": "Córdoba",
        "localidad": "Colonia San Bartolomé",
        "domicilio": "Av. de Mayo 714",
        "categoria": "Centro Cultural / Espacio de Rap"
      },
      "geometry": {
        "type": "Point",
        "coordinates": [
          -62.72449339,
          -31.5283223
        ]
      }
    },
    {
      "type": "Feature",
      "properties": {
        "name": "Sociedad Italiana de Socorros Mutuos Unión y beneficiencia",
        "provincia": "Córdoba",
        "localidad": "Morteros",
        "domicilio": "Italia 658",
        "categoria": "Centro Cultural / Espacio de Rap"
      },
      "geometry": {
        "type": "Point",
        "coordinates": [
          -62.6285,
          -30.704145
        ]
      }
    },
    {
      "type": "Feature",
      "properties": {
        "name": "Cañito Cultural",
        "provincia": "Córdoba",
        "localidad": "Alta Gracia",
        "domicilio": "Cañito 100 esquina Tupac Amaru",
        "categoria": "Centro Cultural / Espacio de Rap"
      },
      "geometry": {
        "type": "Point",
        "coordinates": [
          -64.44535,
          -31.65367
        ]
      }
    },
    {
      "type": "Feature",
      "properties": {
        "name": "Cineclub Casero",
        "provincia": "Córdoba",
        "localidad": "Alta Gracia",
        "domicilio": "Emile Zola s/n",
        "categoria": "Centro Cultural / Espacio de Rap"
      },
      "geometry": {
        "type": "Point",
        "coordinates": [
          -64.4404,
          -31.64831
        ]
      }
    },
    {
      "type": "Feature",
      "properties": {
        "name": "Casa de la Cultura - Museo de la Ciudad",
        "provincia": "Córdoba",
        "localidad": "Alta Gracia",
        "domicilio": "España 76",
        "categoria": "Centro Cultural / Espacio de Rap"
      },
      "geometry": {
        "type": "Point",
        "coordinates": [
          -64.433638,
          -31.658619
        ]
      }
    },
    {
      "type": "Feature",
      "properties": {
        "name": "Espacio Abierto José de la Quintana",
        "provincia": "Córdoba",
        "localidad": "José de la Quintana",
        "domicilio": "Avenida Carcano s/n",
        "categoria": "Centro Cultural / Espacio de Rap"
      },
      "geometry": {
        "type": "Point",
        "coordinates": [
          -64.41234,
          -31.80286
        ]
      }
    },
    {
      "type": "Feature",
      "properties": {
        "name": "Fundación Holderlin",
        "provincia": "Córdoba",
        "localidad": "José De La Quintana",
        "domicilio": "Los Chañares",
        "categoria": "Centro Cultural / Espacio de Rap"
      },
      "geometry": {
        "type": "Point",
        "coordinates": [
          -64.41885653,
          -31.80349305
        ]
      }
    },
    {
      "type": "Feature",
      "properties": {
        "name": "Asociación Italiana de Socorros Mutuos Giusseppe Mazzini",
        "provincia": "Córdoba",
        "localidad": "Oliva",
        "domicilio": "Roque Sáenz Peña 75",
        "categoria": "Centro Cultural / Espacio de Rap"
      },
      "geometry": {
        "type": "Point",
        "coordinates": [
          -63.570611,
          -34.53719
        ]
      }
    },
    {
      "type": "Feature",
      "properties": {
        "name": "Espacio Cultural Coliseo",
        "provincia": "Córdoba",
        "localidad": "Bell Ville",
        "domicilio": "San Martín 52",
        "categoria": "Centro Cultural / Espacio de Rap"
      },
      "geometry": {
        "type": "Point",
        "coordinates": [
          -62.69276,
          -32.63065
        ]
      }
    },
    {
      "type": "Feature",
      "properties": {
        "name": "Cantalicio \"Club social y cultural\"",
        "provincia": "Corrientes",
        "localidad": "Corrientes",
        "domicilio": "3 de Abril 761",
        "categoria": "Centro Cultural / Espacio de Rap"
      },
      "geometry": {
        "type": "Point",
        "coordinates": [
          -58.8422,
          -27.47518
        ]
      }
    },
    {
      "type": "Feature",
      "properties": {
        "name": "Centro Cultural Siete Corrientes - Sala Flotante -",
        "provincia": "Corrientes",
        "localidad": "Corrientes",
        "domicilio": "Rio Paraná Puerto de Corrientes",
        "categoria": "Centro Cultural / Espacio de Rap"
      },
      "geometry": {
        "type": "Point",
        "coordinates": [
          -58.837679,
          -27.461964
        ]
      }
    },
    {
      "type": "Feature",
      "properties": {
        "name": "La Pépinière",
        "provincia": "Corrientes",
        "localidad": "Corrientes",
        "domicilio": "Ruta 12 Km 1034",
        "categoria": "Centro Cultural / Espacio de Rap"
      },
      "geometry": {
        "type": "Point",
        "coordinates": [
          -58.76458017,
          -27.45919391
        ]
      }
    },
    {
      "type": "Feature",
      "properties": {
        "name": "Espacio Bohemio Corrientes",
        "provincia": "Corrientes",
        "localidad": "Corrientes",
        "domicilio": "San Luis 1170",
        "categoria": "Centro Cultural / Espacio de Rap"
      },
      "geometry": {
        "type": "Point",
        "coordinates": [
          -58.84326,
          -27.46987
        ]
      }
    },
    {
      "type": "Feature",
      "properties": {
        "name": "Centro Cultural La Mansión Fundación Tangara",
        "provincia": "Corrientes",
        "localidad": "Corrientes",
        "domicilio": "Santa Fe 793",
        "categoria": "Centro Cultural / Espacio de Rap"
      },
      "geometry": {
        "type": "Point",
        "coordinates": [
          -58.8303406,
          -27.46681627
        ]
      }
    },
    {
      "type": "Feature",
      "properties": {
        "name": "ESPACIO CULTURAL SAENZ PEÑA CHACO",
        "provincia": "Chaco",
        "localidad": "Presidencia Roque Sáenz Peña",
        "domicilio": "Marcelo de Alvear 1415",
        "categoria": "Centro Cultural / Espacio de Rap"
      },
      "geometry": {
        "type": "Point",
        "coordinates": [
          -60.44706497,
          -26.7736044
        ]
      }
    },
    {
      "type": "Feature",
      "properties": {
        "name": "La Fabrica Cultural",
        "provincia": "Chaco",
        "localidad": "Puerto Tirol",
        "domicilio": "Barrio Las 80 Viviendas",
        "categoria": "Centro Cultural / Espacio de Rap"
      },
      "geometry": {
        "type": "Point",
        "coordinates": [
          -59.09531599,
          -27.37451256
        ]
      }
    },
    {
      "type": "Feature",
      "properties": {
        "name": "LA MARAÑA",
        "provincia": "Chaco",
        "localidad": "Puerto Tirol",
        "domicilio": "Francisco Pontón 49",
        "categoria": "Centro Cultural / Espacio de Rap"
      },
      "geometry": {
        "type": "Point",
        "coordinates": [
          -59.08244919,
          -27.37048983
        ]
      }
    },
    {
      "type": "Feature",
      "properties": {
        "name": "Centro Cultural La Plaza",
        "provincia": "Chaco",
        "localidad": "Villa Angela",
        "domicilio": "Mitre y J. B. Justo",
        "categoria": "Centro Cultural / Espacio de Rap"
      },
      "geometry": {
        "type": "Point",
        "coordinates": [
          -60.712792,
          -27.579348
        ]
      }
    },
    {
      "type": "Feature",
      "properties": {
        "name": "Centro Cultural 10 de Noviembre",
        "provincia": "Chaco",
        "localidad": "La Tigra",
        "domicilio": "Planta Urbana",
        "categoria": "Centro Cultural / Espacio de Rap"
      },
      "geometry": {
        "type": "Point",
        "coordinates": [
          -60.58989417,
          -27.11578998
        ]
      }
    },
    {
      "type": "Feature",
      "properties": {
        "name": "Esto no es una Academia",
        "provincia": "Chaco",
        "localidad": "Colonia Benitez",
        "domicilio": "El campito",
        "categoria": "Centro Cultural / Espacio de Rap"
      },
      "geometry": {
        "type": "Point",
        "coordinates": [
          -58.94484,
          -27.32595
        ]
      }
    },
    {
      "type": "Feature",
      "properties": {
        "name": "Centro cultural “La Flota”",
        "provincia": "Chaco",
        "localidad": "Barranqueras",
        "domicilio": "Capitán Solari 123",
        "categoria": "Centro Cultural / Espacio de Rap"
      },
      "geometry": {
        "type": "Point",
        "coordinates": [
          -58.92639399,
          -27.48844567
        ]
      }
    },
    {
      "type": "Feature",
      "properties": {
        "name": "CAMALOTE CENTRO CULTURAL",
        "provincia": "Chaco",
        "localidad": "Barranqueras",
        "domicilio": "Diagonal Eva Perón s/n",
        "categoria": "Centro Cultural / Espacio de Rap"
      },
      "geometry": {
        "type": "Point",
        "coordinates": [
          -58.93969,
          -27.4827
        ]
      }
    },
    {
      "type": "Feature",
      "properties": {
        "name": "Multiespacio Federación Médica del Chaco",
        "provincia": "Chaco",
        "localidad": "Resistencia",
        "domicilio": "Avalos 450",
        "categoria": "Centro Cultural / Espacio de Rap"
      },
      "geometry": {
        "type": "Point",
        "coordinates": [
          -58.98961296,
          -27.44149805
        ]
      }
    },
    {
      "type": "Feature",
      "properties": {
        "name": "Nanas suena bien",
        "provincia": "Chaco",
        "localidad": "Resistencia",
        "domicilio": "Avenida Paraguay 48",
        "categoria": "Centro Cultural / Espacio de Rap"
      },
      "geometry": {
        "type": "Point",
        "coordinates": [
          -58.98183,
          -27.44777
        ]
      }
    },
    {
      "type": "Feature",
      "properties": {
        "name": "Complejo Cultural Provincial Guido Miranda",
        "provincia": "Chaco",
        "localidad": "Resistencia",
        "domicilio": "Colón 164",
        "categoria": "Centro Cultural / Espacio de Rap"
      },
      "geometry": {
        "type": "Point",
        "coordinates": [
          -58.98453691,
          -27.45543629
        ]
      }
    },
    {
      "type": "Feature",
      "properties": {
        "name": "Nido centro de artes",
        "provincia": "Chaco",
        "localidad": "Resistencia",
        "domicilio": "José Hernández 780",
        "categoria": "Centro Cultural / Espacio de Rap"
      },
      "geometry": {
        "type": "Point",
        "coordinates": [
          -58.97341,
          -27.45059
        ]
      }
    },
    {
      "type": "Feature",
      "properties": {
        "name": "Casa de las Culturas",
        "provincia": "Chaco",
        "localidad": "Resistencia",
        "domicilio": "Marcelo T. de Alvear 90",
        "categoria": "Centro Cultural / Espacio de Rap"
      },
      "geometry": {
        "type": "Point",
        "coordinates": [
          -58.986148,
          -27.449667
        ]
      }
    },
    {
      "type": "Feature",
      "properties": {
        "name": "Centro Cultural Espacio Maracuyá",
        "provincia": "Chaco",
        "localidad": "Resistencia",
        "domicilio": "Pio XII 985 - Villa Ercilia",
        "categoria": "Centro Cultural / Espacio de Rap"
      },
      "geometry": {
        "type": "Point",
        "coordinates": [
          -59.0039,
          -27.45105
        ]
      }
    },
    {
      "type": "Feature",
      "properties": {
        "name": "Espacio Cultural Mil Flores Barranqueras",
        "provincia": "Chaco",
        "localidad": "Resistencia",
        "domicilio": "Roberto Mora 950",
        "categoria": "Centro Cultural / Espacio de Rap"
      },
      "geometry": {
        "type": "Point",
        "coordinates": [
          -58.9898081,
          -27.4333799
        ]
      }
    },
    {
      "type": "Feature",
      "properties": {
        "name": "ESTE ESPACIO CULTURAL",
        "provincia": "Chaco",
        "localidad": "Resistencia",
        "domicilio": "S/D",
        "categoria": "Centro Cultural / Espacio de Rap"
      },
      "geometry": {
        "type": "Point",
        "coordinates": [
          -58.98761744,
          -27.45211946
        ]
      }
    },
    {
      "type": "Feature",
      "properties": {
        "name": "Centro de Cultura Popular CECUPO",
        "provincia": "Chaco",
        "localidad": "Resistencia",
        "domicilio": "San Lorenzo y Cervantes",
        "categoria": "Centro Cultural / Espacio de Rap"
      },
      "geometry": {
        "type": "Point",
        "coordinates": [
          -58.98647,
          -27.46204
        ]
      }
    },
    {
      "type": "Feature",
      "properties": {
        "name": "Centro Cultural Alternativo  CE. CU. AL",
        "provincia": "Chaco",
        "localidad": "Resistencia",
        "domicilio": "Santa María de Oro 471",
        "categoria": "Centro Cultural / Espacio de Rap"
      },
      "geometry": {
        "type": "Point",
        "coordinates": [
          -58.99139164,
          -27.45402484
        ]
      }
    },
    {
      "type": "Feature",
      "properties": {
        "name": "La Vaca Atada",
        "provincia": "Chaco",
        "localidad": "Resistencia",
        "domicilio": "Santiago del Estero 101",
        "categoria": "Centro Cultural / Espacio de Rap"
      },
      "geometry": {
        "type": "Point",
        "coordinates": [
          -58.99108,
          -27.45341
        ]
      }
    },
    {
      "type": "Feature",
      "properties": {
        "name": "El Entusiasmo",
        "provincia": "Chubut",
        "localidad": "Puerto Madryn",
        "domicilio": "25 de Mayo 935",
        "categoria": "Centro Cultural / Espacio de Rap"
      },
      "geometry": {
        "type": "Point",
        "coordinates": [
          -65.03022801,
          -42.77388157
        ]
      }
    },
    {
      "type": "Feature",
      "properties": {
        "name": "El Tablado Centro Cultural",
        "provincia": "Chubut",
        "localidad": "Puerto Madryn",
        "domicilio": "Taique 4344",
        "categoria": "Centro Cultural / Espacio de Rap"
      },
      "geometry": {
        "type": "Point",
        "coordinates": [
          -65.03717,
          -42.81898
        ]
      }
    },
    {
      "type": "Feature",
      "properties": {
        "name": "La Puerta",
        "provincia": "Chubut",
        "localidad": "Puerto Pirámide",
        "domicilio": "Av. de Las Ballenas 150",
        "categoria": "Centro Cultural / Espacio de Rap"
      },
      "geometry": {
        "type": "Point",
        "coordinates": [
          -64.28368935,
          -42.57361719
        ]
      }
    },
    {
      "type": "Feature",
      "properties": {
        "name": "Centro Cultural Antu Quillen",
        "provincia": "Chubut",
        "localidad": "Epuyen",
        "domicilio": "Parque municipal Puerto Bonito",
        "categoria": "Centro Cultural / Espacio de Rap"
      },
      "geometry": {
        "type": "Point",
        "coordinates": [
          -71.43904,
          -42.2182
        ]
      }
    },
    {
      "type": "Feature",
      "properties": {
        "name": "El Rincón Cultural",
        "provincia": "Chubut",
        "localidad": "Comodoro Rivadavia",
        "domicilio": "Antonio di Benedetto 88",
        "categoria": "Centro Cultural / Espacio de Rap"
      },
      "geometry": {
        "type": "Point",
        "coordinates": [
          -67.55591,
          -45.86196
        ]
      }
    },
    {
      "type": "Feature",
      "properties": {
        "name": "Espacio Cultural \"Kultural 5\"",
        "provincia": "Chubut",
        "localidad": "Comodoro Rivadavia",
        "domicilio": "Avenida Ricardo Gutierrez 1060",
        "categoria": "Centro Cultural / Espacio de Rap"
      },
      "geometry": {
        "type": "Point",
        "coordinates": [
          -67.4555032,
          -45.8164154
        ]
      }
    },
    {
      "type": "Feature",
      "properties": {
        "name": "Centro Cultural Comodoro Rivadavia",
        "provincia": "Chubut",
        "localidad": "Comodoro Rivadavia",
        "domicilio": "Inmigrantes Gallegos 168",
        "categoria": "Centro Cultural / Espacio de Rap"
      },
      "geometry": {
        "type": "Point",
        "coordinates": [
          -67.476156,
          -45.863152
        ]
      }
    },
    {
      "type": "Feature",
      "properties": {
        "name": "Centro Cultural Mujeres de la Patria",
        "provincia": "Chubut",
        "localidad": "Comodoro Rivadavia",
        "domicilio": "Urquiza 424",
        "categoria": "Centro Cultural / Espacio de Rap"
      },
      "geometry": {
        "type": "Point",
        "coordinates": [
          -67.49235285,
          -45.86641351
        ]
      }
    },
    {
      "type": "Feature",
      "properties": {
        "name": "Actitud Pandora",
        "provincia": "Chubut",
        "localidad": "Comodoro Rivadavia",
        "domicilio": "Viamonte 974",
        "categoria": "Centro Cultural / Espacio de Rap"
      },
      "geometry": {
        "type": "Point",
        "coordinates": [
          -67.50058,
          -45.86028
        ]
      }
    },
    {
      "type": "Feature",
      "properties": {
        "name": "Calidez Cultural",
        "provincia": "Chubut",
        "localidad": "Esquel",
        "domicilio": "Fontana y Alvear",
        "categoria": "Centro Cultural / Espacio de Rap"
      },
      "geometry": {
        "type": "Point",
        "coordinates": [
          -71.32086,
          -42.91109
        ]
      }
    },
    {
      "type": "Feature",
      "properties": {
        "name": "Centro Cultural “Franco Venturi”",
        "provincia": "Chubut",
        "localidad": "Rawson",
        "domicilio": "Cacique Nahuelpan 452",
        "categoria": "Centro Cultural / Espacio de Rap"
      },
      "geometry": {
        "type": "Point",
        "coordinates": [
          -65.0493617,
          -43.3186086
        ]
      }
    },
    {
      "type": "Feature",
      "properties": {
        "name": "Centro Cultural Provincial",
        "provincia": "Chubut",
        "localidad": "Rawson",
        "domicilio": "Federicci 216",
        "categoria": "Centro Cultural / Espacio de Rap"
      },
      "geometry": {
        "type": "Point",
        "coordinates": [
          -65.1054,
          -43.29689
        ]
      }
    },
    {
      "type": "Feature",
      "properties": {
        "name": "El Árbol Asociación Cultural",
        "provincia": "Chubut",
        "localidad": "Trelew",
        "domicilio": "Ameghino 764",
        "categoria": "Centro Cultural / Espacio de Rap"
      },
      "geometry": {
        "type": "Point",
        "coordinates": [
          -65.31042218,
          -43.2504766
        ]
      }
    },
    {
      "type": "Feature",
      "properties": {
        "name": "Centro Cultural Político y Social Espacio Abierto Nunca Menos",
        "provincia": "Entre Ríos",
        "localidad": "Colón",
        "domicilio": "Gouchon 63",
        "categoria": "Centro Cultural / Espacio de Rap"
      },
      "geometry": {
        "type": "Point",
        "coordinates": [
          -58.13715898,
          -32.21648293
        ]
      }
    },
    {
      "type": "Feature",
      "properties": {
        "name": "Centro Cultural La Botica",
        "provincia": "Entre Ríos",
        "localidad": "San José",
        "domicilio": "Sarmiento 1788",
        "categoria": "Centro Cultural / Espacio de Rap"
      },
      "geometry": {
        "type": "Point",
        "coordinates": [
          -58.218507,
          -32.213612
        ]
      }
    },
    {
      "type": "Feature",
      "properties": {
        "name": "Pueblo Viejo",
        "provincia": "Entre Ríos",
        "localidad": "Concordia",
        "domicilio": "Alem 230",
        "categoria": "Centro Cultural / Espacio de Rap"
      },
      "geometry": {
        "type": "Point",
        "coordinates": [
          -58.023699,
          -31.3987506
        ]
      }
    },
    {
      "type": "Feature",
      "properties": {
        "name": "charruarte centro socio cultural",
        "provincia": "Entre Ríos",
        "localidad": "Los Charrúas",
        "domicilio": "Av. Basavilbaso 1200",
        "categoria": "Centro Cultural / Espacio de Rap"
      },
      "geometry": {
        "type": "Point",
        "coordinates": [
          -58.1873843,
          -31.17078407
        ]
      }
    },
    {
      "type": "Feature",
      "properties": {
        "name": "Centro Cultural Municipal",
        "provincia": "Entre Ríos",
        "localidad": "Chajari",
        "domicilio": "9 de Julio Y Salvarredy",
        "categoria": "Centro Cultural / Espacio de Rap"
      },
      "geometry": {
        "type": "Point",
        "coordinates": [
          -57.982552,
          -30.753068
        ]
      }
    },
    {
      "type": "Feature",
      "properties": {
        "name": "Casa de la Cultura Cesar Osvaldo Penalver",
        "provincia": "Entre Ríos",
        "localidad": "Federación",
        "domicilio": "San Martin 448",
        "categoria": "Centro Cultural / Espacio de Rap"
      },
      "geometry": {
        "type": "Point",
        "coordinates": [
          -57.917755,
          -30.989866
        ]
      }
    },
    {
      "type": "Feature",
      "properties": {
        "name": "CENTRO CULTURAL ALAS",
        "provincia": "Entre Ríos",
        "localidad": "Gualeguaychú",
        "domicilio": "Concordia 1135",
        "categoria": "Centro Cultural / Espacio de Rap"
      },
      "geometry": {
        "type": "Point",
        "coordinates": [
          -58.52071122,
          -33.01568603
        ]
      }
    },
    {
      "type": "Feature",
      "properties": {
        "name": "San Benito Puerto Arte",
        "provincia": "Entre Ríos",
        "localidad": "Gualeguaychú",
        "domicilio": "San Lorenzo 480",
        "categoria": "Centro Cultural / Espacio de Rap"
      },
      "geometry": {
        "type": "Point",
        "coordinates": [
          -58.505299,
          -33.015562
        ]
      }
    },
    {
      "type": "Feature",
      "properties": {
        "name": "Centro Cultural Municipal Juan L. Ortiz",
        "provincia": "Entre Ríos",
        "localidad": "Paraná",
        "domicilio": "Bv. Eduardo Racedo 250",
        "categoria": "Centro Cultural / Espacio de Rap"
      },
      "geometry": {
        "type": "Point",
        "coordinates": [
          -60.530526,
          -31.742191
        ]
      }
    },
    {
      "type": "Feature",
      "properties": {
        "name": "Casa De La Cultura de Entre Ríos",
        "provincia": "Entre Ríos",
        "localidad": "Paraná",
        "domicilio": "Carbo y 9 Julio",
        "categoria": "Centro Cultural / Espacio de Rap"
      },
      "geometry": {
        "type": "Point",
        "coordinates": [
          -60.53024,
          -31.73782
        ]
      }
    },
    {
      "type": "Feature",
      "properties": {
        "name": "La Casita de los Gurises de mi Barrio",
        "provincia": "Entre Ríos",
        "localidad": "Paraná",
        "domicilio": "Franzotti 1821",
        "categoria": "Centro Cultural / Espacio de Rap"
      },
      "geometry": {
        "type": "Point",
        "coordinates": [
          -60.5520021,
          -31.7218317
        ]
      }
    },
    {
      "type": "Feature",
      "properties": {
        "name": "Club Social Parana",
        "provincia": "Entre Ríos",
        "localidad": "Paraná",
        "domicilio": "Gral. José de San Martín 958",
        "categoria": "Centro Cultural / Espacio de Rap"
      },
      "geometry": {
        "type": "Point",
        "coordinates": [
          -60.5304,
          -31.73285
        ]
      }
    },
    {
      "type": "Feature",
      "properties": {
        "name": "Centro Cultural y de Convenciones La Vieja Usina",
        "provincia": "Entre Ríos",
        "localidad": "Paraná",
        "domicilio": "Gregoria Matorras de San Martín 861",
        "categoria": "Centro Cultural / Espacio de Rap"
      },
      "geometry": {
        "type": "Point",
        "coordinates": [
          -60.523422,
          -31.721633
        ]
      }
    },
    {
      "type": "Feature",
      "properties": {
        "name": "Centro Cultural La Hendija",
        "provincia": "Entre Ríos",
        "localidad": "Paraná",
        "domicilio": "Gualeguaychú 171",
        "categoria": "Centro Cultural / Espacio de Rap"
      },
      "geometry": {
        "type": "Point",
        "coordinates": [
          -60.486023,
          -31.740231
        ]
      }
    },
    {
      "type": "Feature",
      "properties": {
        "name": "Centro Cultural Gloria Montoya",
        "provincia": "Entre Ríos",
        "localidad": "Paraná",
        "domicilio": "Melvin Jones 861",
        "categoria": "Centro Cultural / Espacio de Rap"
      },
      "geometry": {
        "type": "Point",
        "coordinates": [
          -60.53963,
          -31.71801
        ]
      }
    },
    {
      "type": "Feature",
      "properties": {
        "name": "Parientes Del Bar",
        "provincia": "Entre Ríos",
        "localidad": "Paraná",
        "domicilio": "Pescador del Paraná 121",
        "categoria": "Centro Cultural / Espacio de Rap"
      },
      "geometry": {
        "type": "Point",
        "coordinates": [
          -60.51089,
          -31.71668
        ]
      }
    },
    {
      "type": "Feature",
      "properties": {
        "name": "Tierra Bomba",
        "provincia": "Entre Ríos",
        "localidad": "Paraná",
        "domicilio": "Urquiza 1214",
        "categoria": "Centro Cultural / Espacio de Rap"
      },
      "geometry": {
        "type": "Point",
        "coordinates": [
          -60.53298,
          -31.73126
        ]
      }
    },
    {
      "type": "Feature",
      "properties": {
        "name": "Casa de la Cultura Concepción Del Uruguay - E.R.",
        "provincia": "Entre Ríos",
        "localidad": "Concepcion del Uruguay",
        "domicilio": "9 de Julio 844",
        "categoria": "Centro Cultural / Espacio de Rap"
      },
      "geometry": {
        "type": "Point",
        "coordinates": [
          -58.234577,
          -32.485107
        ]
      }
    },
    {
      "type": "Feature",
      "properties": {
        "name": "Alianza Francesa",
        "provincia": "Entre Ríos",
        "localidad": "Concepcion del Uruguay",
        "domicilio": "Leandro N. Alem 31",
        "categoria": "Centro Cultural / Espacio de Rap"
      },
      "geometry": {
        "type": "Point",
        "coordinates": [
          -58.23471,
          -32.48552
        ]
      }
    },
    {
      "type": "Feature",
      "properties": {
        "name": "Yotivenco espacio",
        "provincia": "Entre Ríos",
        "localidad": "Concepcion del Uruguay",
        "domicilio": "S/d",
        "categoria": "Centro Cultural / Espacio de Rap"
      },
      "geometry": {
        "type": "Point",
        "coordinates": [
          -58.23214,
          -32.48453
        ]
      }
    },
    {
      "type": "Feature",
      "properties": {
        "name": "Mixtura, Espacio Cultural",
        "provincia": "Entre Ríos",
        "localidad": "Victoria",
        "domicilio": "Congreso 601",
        "categoria": "Centro Cultural / Espacio de Rap"
      },
      "geometry": {
        "type": "Point",
        "coordinates": [
          -60.15458,
          -32.62001
        ]
      }
    },
    {
      "type": "Feature",
      "properties": {
        "name": "Nuevo Espacio Cultural",
        "provincia": "Entre Ríos",
        "localidad": "Victoria",
        "domicilio": "Mitre 659",
        "categoria": "Centro Cultural / Espacio de Rap"
      },
      "geometry": {
        "type": "Point",
        "coordinates": [
          -60.15249782,
          -32.62043848
        ]
      }
    },
    {
      "type": "Feature",
      "properties": {
        "name": "El Fuelle Casa Cultural",
        "provincia": "Formosa",
        "localidad": "Formosa",
        "domicilio": "Av. Pantaleón Gómez 1166",
        "categoria": "Centro Cultural / Espacio de Rap"
      },
      "geometry": {
        "type": "Point",
        "coordinates": [
          -58.18193631,
          -26.19212396
        ]
      }
    },
    {
      "type": "Feature",
      "properties": {
        "name": "Grupo Mozart",
        "provincia": "Formosa",
        "localidad": "Formosa",
        "domicilio": "España 415",
        "categoria": "Centro Cultural / Espacio de Rap"
      },
      "geometry": {
        "type": "Point",
        "coordinates": [
          -58.16935,
          -26.18225
        ]
      }
    },
    {
      "type": "Feature",
      "properties": {
        "name": "Centro Cultural Galpón",
        "provincia": "Formosa",
        "localidad": "Formosa",
        "domicilio": "Paseo Costanero \"Vuelta Fermosa\"",
        "categoria": "Centro Cultural / Espacio de Rap"
      },
      "geometry": {
        "type": "Point",
        "coordinates": [
          -58.162643,
          -26.183778
        ]
      }
    },
    {
      "type": "Feature",
      "properties": {
        "name": "Centro Cultural del Mercado",
        "provincia": "Formosa",
        "localidad": "Formosa",
        "domicilio": "Rivadavia y Pringles",
        "categoria": "Centro Cultural / Espacio de Rap"
      },
      "geometry": {
        "type": "Point",
        "coordinates": [
          -58.16761,
          -26.17943
        ]
      }
    },
    {
      "type": "Feature",
      "properties": {
        "name": "Centro Cultural Jose Maria Lesbegueris",
        "provincia": "Formosa",
        "localidad": "Pirane",
        "domicilio": "San Martín 565",
        "categoria": "Centro Cultural / Espacio de Rap"
      },
      "geometry": {
        "type": "Point",
        "coordinates": [
          -59.11333,
          -25.73784
        ]
      }
    },
    {
      "type": "Feature",
      "properties": {
        "name": "Centro Cultural Héctor Tizón",
        "provincia": "Jujuy",
        "localidad": "San Salvador de Jujuy",
        "domicilio": "Av. Hipolito irigoyen 1302",
        "categoria": "Centro Cultural / Espacio de Rap"
      },
      "geometry": {
        "type": "Point",
        "coordinates": [
          -65.306389,
          -24.190184
        ]
      }
    },
    {
      "type": "Feature",
      "properties": {
        "name": "Centro Cultural Martin Fierro Del Complejo Educativos Jose Hernandez",
        "provincia": "Jujuy",
        "localidad": "San Salvador de Jujuy",
        "domicilio": "Av. Illia 451",
        "categoria": "Centro Cultural / Espacio de Rap"
      },
      "geometry": {
        "type": "Point",
        "coordinates": [
          -65.319326,
          -24.168896
        ]
      }
    },
    {
      "type": "Feature",
      "properties": {
        "name": "Galpones Recuperados Tupaj Katari",
        "provincia": "Jujuy",
        "localidad": "San Salvador de Jujuy",
        "domicilio": "Av.Urquiza esquina Argañaras",
        "categoria": "Centro Cultural / Espacio de Rap"
      },
      "geometry": {
        "type": "Point",
        "coordinates": [
          -65.29977,
          -24.18359
        ]
      }
    },
    {
      "type": "Feature",
      "properties": {
        "name": "Centro Cultural Municipal Éxodo Jujeño",
        "provincia": "Jujuy",
        "localidad": "San Salvador de Jujuy",
        "domicilio": "Bahía Blanca 59",
        "categoria": "Centro Cultural / Espacio de Rap"
      },
      "geometry": {
        "type": "Point",
        "coordinates": [
          -65.29597,
          -24.20444
        ]
      }
    },
    {
      "type": "Feature",
      "properties": {
        "name": "Casa De Las Letras Espacio Cultural",
        "provincia": "Jujuy",
        "localidad": "San Salvador de Jujuy",
        "domicilio": "Belgrano 1327",
        "categoria": "Centro Cultural / Espacio de Rap"
      },
      "geometry": {
        "type": "Point",
        "coordinates": [
          -65.31144,
          -24.18567
        ]
      }
    },
    {
      "type": "Feature",
      "properties": {
        "name": "Centro Cultural Jorge Cafrune",
        "provincia": "Jujuy",
        "localidad": "San Salvador de Jujuy",
        "domicilio": "Carlos Snopek y PampaBlanca",
        "categoria": "Centro Cultural / Espacio de Rap"
      },
      "geometry": {
        "type": "Point",
        "coordinates": [
          -65.264909,
          -24.24859
        ]
      }
    },
    {
      "type": "Feature",
      "properties": {
        "name": "Teatro Sociedad Española",
        "provincia": "Jujuy",
        "localidad": "San Salvador de Jujuy",
        "domicilio": "Gral. Belgrano 110",
        "categoria": "Centro Cultural / Espacio de Rap"
      },
      "geometry": {
        "type": "Point",
        "coordinates": [
          -65.308315,
          -24.185491
        ]
      }
    },
    {
      "type": "Feature",
      "properties": {
        "name": "Coquena Centro Cultural",
        "provincia": "Jujuy",
        "localidad": "San Salvador de Jujuy",
        "domicilio": "Güemes 640",
        "categoria": "Centro Cultural / Espacio de Rap"
      },
      "geometry": {
        "type": "Point",
        "coordinates": [
          -65.302153,
          -24.18289
        ]
      }
    },
    {
      "type": "Feature",
      "properties": {
        "name": "Centro Cultural La Mar en Coche",
        "provincia": "Jujuy",
        "localidad": "San Salvador de Jujuy",
        "domicilio": "Puna 173",
        "categoria": "Centro Cultural / Espacio de Rap"
      },
      "geometry": {
        "type": "Point",
        "coordinates": [
          -65.27906,
          -24.20693
        ]
      }
    },
    {
      "type": "Feature",
      "properties": {
        "name": "Centro Cultural Pachakute",
        "provincia": "Jujuy",
        "localidad": "San Salvador de Jujuy",
        "domicilio": "S/D",
        "categoria": "Centro Cultural / Espacio de Rap"
      },
      "geometry": {
        "type": "Point",
        "coordinates": [
          -65.30399867,
          -24.1844139
        ]
      }
    },
    {
      "type": "Feature",
      "properties": {
        "name": "Centro Cultural Casa Taller – Cerro Las Rosas",
        "provincia": "Jujuy",
        "localidad": "San Salvador de Jujuy",
        "domicilio": "S/D",
        "categoria": "Centro Cultural / Espacio de Rap"
      },
      "geometry": {
        "type": "Point",
        "coordinates": [
          -65.30399867,
          -24.1844139
        ]
      }
    },
    {
      "type": "Feature",
      "properties": {
        "name": "Centro Cultural Arte Ballet",
        "provincia": "Jujuy",
        "localidad": "San Salvador de Jujuy",
        "domicilio": "San Martin 662",
        "categoria": "Centro Cultural / Espacio de Rap"
      },
      "geometry": {
        "type": "Point",
        "coordinates": [
          -65.30223,
          -24.18673
        ]
      }
    },
    {
      "type": "Feature",
      "properties": {
        "name": "Casa del Tantankuy",
        "provincia": "Jujuy",
        "localidad": "Humahuaca",
        "domicilio": "Salta 370",
        "categoria": "Centro Cultural / Espacio de Rap"
      },
      "geometry": {
        "type": "Point",
        "coordinates": [
          -65.349001,
          -23.203164
        ]
      }
    },
    {
      "type": "Feature",
      "properties": {
        "name": "Fundación Jama: Espacio Cultural-La Esquina-.",
        "provincia": "Jujuy",
        "localidad": "San Pedro De Jujuy",
        "domicilio": "S/D",
        "categoria": "Centro Cultural / Espacio de Rap"
      },
      "geometry": {
        "type": "Point",
        "coordinates": [
          -64.86816931,
          -24.23130211
        ]
      }
    },
    {
      "type": "Feature",
      "properties": {
        "name": "MULTIESPACIO CULTURAL \"NUEVA TRADICION\"",
        "provincia": "Jujuy",
        "localidad": "San Pedro De Jujuy",
        "domicilio": "Velez Sarfield 32",
        "categoria": "Centro Cultural / Espacio de Rap"
      },
      "geometry": {
        "type": "Point",
        "coordinates": [
          -64.87041,
          -24.23369
        ]
      }
    },
    {
      "type": "Feature",
      "properties": {
        "name": "La Campana Teatral",
        "provincia": "Jujuy",
        "localidad": "Tilcara",
        "domicilio": "Jujuy 737",
        "categoria": "Centro Cultural / Espacio de Rap"
      },
      "geometry": {
        "type": "Point",
        "coordinates": [
          -65.392005,
          -23.578618
        ]
      }
    },
    {
      "type": "Feature",
      "properties": {
        "name": "CENTRO CULTURAL TARINAKUY",
        "provincia": "Jujuy",
        "localidad": "Tilcara",
        "domicilio": "LA HOYADA 203",
        "categoria": "Centro Cultural / Espacio de Rap"
      },
      "geometry": {
        "type": "Point",
        "coordinates": [
          -65.39866259,
          -23.57575088
        ]
      }
    },
    {
      "type": "Feature",
      "properties": {
        "name": "Espacio Cultural Comunitario – Comparsa los Caprichosos de Tilcara",
        "provincia": "Jujuy",
        "localidad": "Tilcara",
        "domicilio": "Prolongacion Villafañe Esquina Rut, Camping",
        "categoria": "Centro Cultural / Espacio de Rap"
      },
      "geometry": {
        "type": "Point",
        "coordinates": [
          -65.39811,
          -23.57323
        ]
      }
    },
    {
      "type": "Feature",
      "properties": {
        "name": "Espacio Cultural De Ida y Vuelta",
        "provincia": "La Pampa",
        "localidad": "Anguil",
        "domicilio": "S/D",
        "categoria": "Centro Cultural / Espacio de Rap"
      },
      "geometry": {
        "type": "Point",
        "coordinates": [
          -64.0105559,
          -36.52792263
        ]
      }
    },
    {
      "type": "Feature",
      "properties": {
        "name": "Espacio Arte Propio",
        "provincia": "La Pampa",
        "localidad": "Santa Rosa",
        "domicilio": "Avenida  Belgrano Sur 181",
        "categoria": "Centro Cultural / Espacio de Rap"
      },
      "geometry": {
        "type": "Point",
        "coordinates": [
          -64.27581,
          -36.62292
        ]
      }
    },
    {
      "type": "Feature",
      "properties": {
        "name": "Taller Rayuela",
        "provincia": "La Pampa",
        "localidad": "Santa Rosa",
        "domicilio": "Escalante 568",
        "categoria": "Centro Cultural / Espacio de Rap"
      },
      "geometry": {
        "type": "Point",
        "coordinates": [
          -64.29844,
          -36.62302
        ]
      }
    },
    {
      "type": "Feature",
      "properties": {
        "name": "Espacio de Arte GRIS",
        "provincia": "La Pampa",
        "localidad": "Santa Rosa",
        "domicilio": "G. Anza 846",
        "categoria": "Centro Cultural / Espacio de Rap"
      },
      "geometry": {
        "type": "Point",
        "coordinates": [
          -64.28313,
          -36.6376
        ]
      }
    },
    {
      "type": "Feature",
      "properties": {
        "name": "Centro Cultural Municipal",
        "provincia": "La Pampa",
        "localidad": "Santa Rosa",
        "domicilio": "Quintana 172",
        "categoria": "Centro Cultural / Espacio de Rap"
      },
      "geometry": {
        "type": "Point",
        "coordinates": [
          -64.293414,
          -36.618865
        ]
      }
    },
    {
      "type": "Feature",
      "properties": {
        "name": "Espacio Arte Propio",
        "provincia": "La Pampa",
        "localidad": "General Pico",
        "domicilio": "Calle 11 N 1185.",
        "categoria": "Centro Cultural / Espacio de Rap"
      },
      "geometry": {
        "type": "Point",
        "coordinates": [
          -63.75331,
          -35.65666
        ]
      }
    },
    {
      "type": "Feature",
      "properties": {
        "name": "Recrearte",
        "provincia": "La Pampa",
        "localidad": "Toay",
        "domicilio": "Avenida Bv. Brown y tucuman",
        "categoria": "Centro Cultural / Espacio de Rap"
      },
      "geometry": {
        "type": "Point",
        "coordinates": [
          -64.38746,
          -36.67919
        ]
      }
    },
    {
      "type": "Feature",
      "properties": {
        "name": "Centro Cultural Esmeralda",
        "provincia": "La Rioja",
        "localidad": "Villa Mazán",
        "domicilio": "S/D",
        "categoria": "Centro Cultural / Espacio de Rap"
      },
      "geometry": {
        "type": "Point",
        "coordinates": [
          -66.51661956,
          -28.6648263
        ]
      }
    },
    {
      "type": "Feature",
      "properties": {
        "name": "Pitcher Cultural",
        "provincia": "La Rioja",
        "localidad": "La Rioja",
        "domicilio": "Belgrano 360",
        "categoria": "Centro Cultural / Espacio de Rap"
      },
      "geometry": {
        "type": "Point",
        "coordinates": [
          -66.858517,
          -29.409251
        ]
      }
    },
    {
      "type": "Feature",
      "properties": {
        "name": "Casa Güemes",
        "provincia": "La Rioja",
        "localidad": "La Rioja",
        "domicilio": "Guemes 271",
        "categoria": "Centro Cultural / Espacio de Rap"
      },
      "geometry": {
        "type": "Point",
        "coordinates": [
          -66.8504,
          -29.41636
        ]
      }
    },
    {
      "type": "Feature",
      "properties": {
        "name": "Casa Qumanta",
        "provincia": "La Rioja",
        "localidad": "La Rioja",
        "domicilio": "S/D",
        "categoria": "Centro Cultural / Espacio de Rap"
      },
      "geometry": {
        "type": "Point",
        "coordinates": [
          -66.85667538,
          -29.42178277
        ]
      }
    },
    {
      "type": "Feature",
      "properties": {
        "name": "Centro Cultural 9 de Marzo. Los Palacios",
        "provincia": "La Rioja",
        "localidad": "Los Palacios",
        "domicilio": "Calle Principal, Bo. Centro",
        "categoria": "Centro Cultural / Espacio de Rap"
      },
      "geometry": {
        "type": "Point",
        "coordinates": [
          -68.183896,
          -29.366459
        ]
      }
    },
    {
      "type": "Feature",
      "properties": {
        "name": "Club Gimnasia y Esgrima",
        "provincia": "Mendoza",
        "localidad": "Mendoza",
        "domicilio": "Gral. Gutiérrez 261",
        "categoria": "Centro Cultural / Espacio de Rap"
      },
      "geometry": {
        "type": "Point",
        "coordinates": [
          -68.842104,
          -32.887799
        ]
      }
    },
    {
      "type": "Feature",
      "properties": {
        "name": "Centro Cultural Israelita de Mendoza - Sala Ana Frank",
        "provincia": "Mendoza",
        "localidad": "Mendoza",
        "domicilio": "Maipú 252",
        "categoria": "Centro Cultural / Espacio de Rap"
      },
      "geometry": {
        "type": "Point",
        "coordinates": [
          -68.833296,
          -32.876409
        ]
      }
    },
    {
      "type": "Feature",
      "properties": {
        "name": "Espacio de Fotografía Máximo Arias",
        "provincia": "Mendoza",
        "localidad": "Mendoza",
        "domicilio": "Padre Jorge Contreras 1250 del Parque General San Martín",
        "categoria": "Centro Cultural / Espacio de Rap"
      },
      "geometry": {
        "type": "Point",
        "coordinates": [
          -68.86822,
          -32.8833
        ]
      }
    },
    {
      "type": "Feature",
      "properties": {
        "name": "Centro Catalan",
        "provincia": "Mendoza",
        "localidad": "Mendoza",
        "domicilio": "San Juan 1436",
        "categoria": "Centro Cultural / Espacio de Rap"
      },
      "geometry": {
        "type": "Point",
        "coordinates": [
          -68.836854,
          -32.887057
        ]
      }
    },
    {
      "type": "Feature",
      "properties": {
        "name": "Casa Colmena",
        "provincia": "Mendoza",
        "localidad": "Mendoza",
        "domicilio": "San Lorenzo 251",
        "categoria": "Centro Cultural / Espacio de Rap"
      },
      "geometry": {
        "type": "Point",
        "coordinates": [
          -68.84345,
          -32.89314
        ]
      }
    },
    {
      "type": "Feature",
      "properties": {
        "name": "LOS 2 AMIGOS CULTURAL",
        "provincia": "Mendoza",
        "localidad": "Mendoza",
        "domicilio": "San Martín 2307",
        "categoria": "Centro Cultural / Espacio de Rap"
      },
      "geometry": {
        "type": "Point",
        "coordinates": [
          -68.8353917,
          -32.87581181
        ]
      }
    },
    {
      "type": "Feature",
      "properties": {
        "name": "CENTRO CULTURAL \"HOMBRITO ESTANZUELA\"",
        "provincia": "Mendoza",
        "localidad": "Godoy Cruz",
        "domicilio": "Lago Hermoso 2500",
        "categoria": "Centro Cultural / Espacio de Rap"
      },
      "geometry": {
        "type": "Point",
        "coordinates": [
          -68.8565356,
          -32.9474814
        ]
      }
    },
    {
      "type": "Feature",
      "properties": {
        "name": "Centro Cultural Matesis",
        "provincia": "Mendoza",
        "localidad": "Godoy Cruz",
        "domicilio": "Sgto. Cabral 92",
        "categoria": "Centro Cultural / Espacio de Rap"
      },
      "geometry": {
        "type": "Point",
        "coordinates": [
          -68.842494,
          -32.926009
        ]
      }
    },
    {
      "type": "Feature",
      "properties": {
        "name": "Casa Violeta",
        "provincia": "Mendoza",
        "localidad": "Godoy Cruz",
        "domicilio": "Paraguay 1478",
        "categoria": "Centro Cultural / Espacio de Rap"
      },
      "geometry": {
        "type": "Point",
        "coordinates": [
          -68.860892,
          -32.9046598
        ]
      }
    },
    {
      "type": "Feature",
      "properties": {
        "name": "Centro Cultural Dese el Ferro",
        "provincia": "Mendoza",
        "localidad": "Belgrano",
        "domicilio": "El Ombú 1136",
        "categoria": "Centro Cultural / Espacio de Rap"
      },
      "geometry": {
        "type": "Point",
        "coordinates": [
          -68.8043979,
          -32.8885365
        ]
      }
    },
    {
      "type": "Feature",
      "properties": {
        "name": "Centro Cultural Pascual Lauriente",
        "provincia": "Mendoza",
        "localidad": "Guaymallen",
        "domicilio": "Bandera de los Andes 8956",
        "categoria": "Centro Cultural / Espacio de Rap"
      },
      "geometry": {
        "type": "Point",
        "coordinates": [
          -68.783093,
          -32.906457
        ]
      }
    },
    {
      "type": "Feature",
      "properties": {
        "name": "Centro Cultural Lagunita",
        "provincia": "Mendoza",
        "localidad": "Guaymallen",
        "domicilio": "Mathus hoyos y Lisandro de La Torres/numero",
        "categoria": "Centro Cultural / Espacio de Rap"
      },
      "geometry": {
        "type": "Point",
        "coordinates": [
          -68.77946232,
          -32.86338393
        ]
      }
    },
    {
      "type": "Feature",
      "properties": {
        "name": "Espacio Cultural Julio Le Parc",
        "provincia": "Mendoza",
        "localidad": "Guaymallen",
        "domicilio": "Mitre 1353",
        "categoria": "Centro Cultural / Espacio de Rap"
      },
      "geometry": {
        "type": "Point",
        "coordinates": [
          -68.814678,
          -32.886001
        ]
      }
    },
    {
      "type": "Feature",
      "properties": {
        "name": "La casita colectiva",
        "provincia": "Mendoza",
        "localidad": "Guaymallen",
        "domicilio": "Patricias Mendocinas 827",
        "categoria": "Centro Cultural / Espacio de Rap"
      },
      "geometry": {
        "type": "Point",
        "coordinates": [
          -68.84365,
          -32.89288
        ]
      }
    },
    {
      "type": "Feature",
      "properties": {
        "name": "Centro Cultural de Uspallata",
        "provincia": "Mendoza",
        "localidad": "Uspallata",
        "domicilio": "Ruta 52 esquina Av. Las Heras",
        "categoria": "Centro Cultural / Espacio de Rap"
      },
      "geometry": {
        "type": "Point",
        "coordinates": [
          -69.35820537,
          -32.59553453
        ]
      }
    },
    {
      "type": "Feature",
      "properties": {
        "name": "El Origen de i",
        "provincia": "Mendoza",
        "localidad": "Luján de Cuyo",
        "domicilio": "Ruta 7 km 1087,5 Potrerillos",
        "categoria": "Centro Cultural / Espacio de Rap"
      },
      "geometry": {
        "type": "Point",
        "coordinates": [
          -69.18386,
          -33.01812
        ]
      }
    },
    {
      "type": "Feature",
      "properties": {
        "name": "Teatro Leonardo Favio",
        "provincia": "Mendoza",
        "localidad": "Luján De Cuyo",
        "domicilio": "Viamonte 5453",
        "categoria": "Centro Cultural / Espacio de Rap"
      },
      "geometry": {
        "type": "Point",
        "coordinates": [
          -68.882362,
          -32.986112
        ]
      }
    },
    {
      "type": "Feature",
      "properties": {
        "name": "Espacio Ekeko Cultural",
        "provincia": "Mendoza",
        "localidad": "Perdriel",
        "domicilio": "20 de Junio s/n",
        "categoria": "Centro Cultural / Espacio de Rap"
      },
      "geometry": {
        "type": "Point",
        "coordinates": [
          -68.88431,
          -33.07908
        ]
      }
    },
    {
      "type": "Feature",
      "properties": {
        "name": "Espacio Cultural Los Chinos",
        "provincia": "Mendoza",
        "localidad": "Luzuriaga",
        "domicilio": "Castelli 3285",
        "categoria": "Centro Cultural / Espacio de Rap"
      },
      "geometry": {
        "type": "Point",
        "coordinates": [
          -68.79895,
          -32.94358
        ]
      }
    },
    {
      "type": "Feature",
      "properties": {
        "name": "Centro Cultural Argentino",
        "provincia": "Mendoza",
        "localidad": "San Rafael",
        "domicilio": "Bernardo de Irigoyen 148",
        "categoria": "Centro Cultural / Espacio de Rap"
      },
      "geometry": {
        "type": "Point",
        "coordinates": [
          -68.32782,
          -34.61509
        ]
      }
    },
    {
      "type": "Feature",
      "properties": {
        "name": "Unísono espacio de arte",
        "provincia": "Mendoza",
        "localidad": "San Rafael",
        "domicilio": "Domingo Faustino Sarmiento 958",
        "categoria": "Centro Cultural / Espacio de Rap"
      },
      "geometry": {
        "type": "Point",
        "coordinates": [
          -68.3464,
          -34.62182
        ]
      }
    },
    {
      "type": "Feature",
      "properties": {
        "name": "Casa de Cultura",
        "provincia": "Mendoza",
        "localidad": "Tupungato",
        "domicilio": "Las Heras y Mosconi",
        "categoria": "Centro Cultural / Espacio de Rap"
      },
      "geometry": {
        "type": "Point",
        "coordinates": [
          -69.148166,
          -33.367099
        ]
      }
    },
    {
      "type": "Feature",
      "properties": {
        "name": "Salón de actos Municipal",
        "provincia": "Mendoza",
        "localidad": "La Paz",
        "domicilio": "Laureano Galigniana",
        "categoria": "Centro Cultural / Espacio de Rap"
      },
      "geometry": {
        "type": "Point",
        "coordinates": [
          -67.55265497,
          -33.46061543
        ]
      }
    },
    {
      "type": "Feature",
      "properties": {
        "name": "Centro Cultural Leneas",
        "provincia": "Misiones",
        "localidad": "Candelaria",
        "domicilio": "Barrio San Cayetano, mzn 127 lote 11",
        "categoria": "Centro Cultural / Espacio de Rap"
      },
      "geometry": {
        "type": "Point",
        "coordinates": [
          -55.74391278,
          -27.47487866
        ]
      }
    },
    {
      "type": "Feature",
      "properties": {
        "name": "Paseo Cultural La Terminal",
        "provincia": "Misiones",
        "localidad": "Posadas",
        "domicilio": "Av. Uruguay y Av. Mitre",
        "categoria": "Centro Cultural / Espacio de Rap"
      },
      "geometry": {
        "type": "Point",
        "coordinates": [
          -55.89857,
          -27.37432
        ]
      }
    },
    {
      "type": "Feature",
      "properties": {
        "name": "Centro Cultural Misiones  Vicente Cidade",
        "provincia": "Misiones",
        "localidad": "Posadas",
        "domicilio": "Belgrano 1345",
        "categoria": "Centro Cultural / Espacio de Rap"
      },
      "geometry": {
        "type": "Point",
        "coordinates": [
          -55.889054,
          -27.3639
        ]
      }
    },
    {
      "type": "Feature",
      "properties": {
        "name": "Paseo Bosetti",
        "provincia": "Misiones",
        "localidad": "Posadas",
        "domicilio": "Bolivar 1657",
        "categoria": "Centro Cultural / Espacio de Rap"
      },
      "geometry": {
        "type": "Point",
        "coordinates": [
          -55.89207558,
          -27.36724431
        ]
      }
    },
    {
      "type": "Feature",
      "properties": {
        "name": "Peña Itapúa",
        "provincia": "Misiones",
        "localidad": "Posadas",
        "domicilio": "Buenos Aires 422",
        "categoria": "Centro Cultural / Espacio de Rap"
      },
      "geometry": {
        "type": "Point",
        "coordinates": [
          -55.893032,
          -27.369434
        ]
      }
    },
    {
      "type": "Feature",
      "properties": {
        "name": "Casa Matriz",
        "provincia": "Misiones",
        "localidad": "Posadas",
        "domicilio": "General Paz 2455",
        "categoria": "Centro Cultural / Espacio de Rap"
      },
      "geometry": {
        "type": "Point",
        "coordinates": [
          -55.88903685,
          -27.37348402
        ]
      }
    },
    {
      "type": "Feature",
      "properties": {
        "name": "Espacio Mbopí",
        "provincia": "Misiones",
        "localidad": "El Dorado",
        "domicilio": "Argerich 51 - Km 9",
        "categoria": "Centro Cultural / Espacio de Rap"
      },
      "geometry": {
        "type": "Point",
        "coordinates": [
          -54.60037,
          -26.4104
        ]
      }
    },
    {
      "type": "Feature",
      "properties": {
        "name": "Centro Social y Cultural Paraguayo",
        "provincia": "Misiones",
        "localidad": "El Dorado",
        "domicilio": "Capitán Nauer 162 Km 7",
        "categoria": "Centro Cultural / Espacio de Rap"
      },
      "geometry": {
        "type": "Point",
        "coordinates": [
          -54.625177,
          -26.399445
        ]
      }
    },
    {
      "type": "Feature",
      "properties": {
        "name": "Colectivo Cultural y Comunitario del Monte",
        "provincia": "Misiones",
        "localidad": "El Dorado",
        "domicilio": "Coronel Felix Bogado 346",
        "categoria": "Centro Cultural / Espacio de Rap"
      },
      "geometry": {
        "type": "Point",
        "coordinates": [
          -54.68050467,
          -26.40740971
        ]
      }
    },
    {
      "type": "Feature",
      "properties": {
        "name": "Asociación Civil El Centenario Educación para el Desarrollo de Eldorado",
        "provincia": "Misiones",
        "localidad": "El Dorado",
        "domicilio": "Moreno 498",
        "categoria": "Centro Cultural / Espacio de Rap"
      },
      "geometry": {
        "type": "Point",
        "coordinates": [
          -54.61654492,
          -26.39766064
        ]
      }
    },
    {
      "type": "Feature",
      "properties": {
        "name": "Centro Cultural Ladislao Ziman",
        "provincia": "Misiones",
        "localidad": "Puerto Esperanza",
        "domicilio": "Córdoba 69",
        "categoria": "Centro Cultural / Espacio de Rap"
      },
      "geometry": {
        "type": "Point",
        "coordinates": [
          -54.61250923,
          -26.02329709
        ]
      }
    },
    {
      "type": "Feature",
      "properties": {
        "name": "ArteRoga. Multiespacio Cultural.",
        "provincia": "Misiones",
        "localidad": "Puerto Iguazú",
        "domicilio": "Yapeyu 429",
        "categoria": "Centro Cultural / Espacio de Rap"
      },
      "geometry": {
        "type": "Point",
        "coordinates": [
          -54.5689412,
          -25.5936543
        ]
      }
    },
    {
      "type": "Feature",
      "properties": {
        "name": "Galpon de la Murga del Monte",
        "provincia": "Misiones",
        "localidad": "Oberá",
        "domicilio": "Chacabuco 662",
        "categoria": "Centro Cultural / Espacio de Rap"
      },
      "geometry": {
        "type": "Point",
        "coordinates": [
          -55.118402,
          -27.493402
        ]
      }
    },
    {
      "type": "Feature",
      "properties": {
        "name": "Federación de Colectividades de Obera",
        "provincia": "Misiones",
        "localidad": "Oberá",
        "domicilio": "Ucrania 1050",
        "categoria": "Centro Cultural / Espacio de Rap"
      },
      "geometry": {
        "type": "Point",
        "coordinates": [
          -55.11111,
          -27.5011
        ]
      }
    },
    {
      "type": "Feature",
      "properties": {
        "name": "Espacio Cultural Yopará",
        "provincia": "Misiones",
        "localidad": "San Pedro",
        "domicilio": "Nicanor Cordero 450",
        "categoria": "Centro Cultural / Espacio de Rap"
      },
      "geometry": {
        "type": "Point",
        "coordinates": [
          -54.10967193,
          -26.62364531
        ]
      }
    },
    {
      "type": "Feature",
      "properties": {
        "name": "Municipalidad de 25 de Mayo",
        "provincia": "Misiones",
        "localidad": "25 de Mayo",
        "domicilio": "Belgrano y Colonizadores",
        "categoria": "Centro Cultural / Espacio de Rap"
      },
      "geometry": {
        "type": "Point",
        "coordinates": [
          -54.74752249,
          -27.37157199
        ]
      }
    },
    {
      "type": "Feature",
      "properties": {
        "name": "Centro Cultural de Cultral Co",
        "provincia": "Neuquén",
        "localidad": "Cutral Co",
        "domicilio": "Parque de la Ciudad",
        "categoria": "Centro Cultural / Espacio de Rap"
      },
      "geometry": {
        "type": "Point",
        "coordinates": [
          -69.27089262,
          -38.93656332
        ]
      }
    },
    {
      "type": "Feature",
      "properties": {
        "name": "Arpillera Centro Cultural",
        "provincia": "Neuquén",
        "localidad": "Neuquen",
        "domicilio": "Alderete 511",
        "categoria": "Centro Cultural / Espacio de Rap"
      },
      "geometry": {
        "type": "Point",
        "coordinates": [
          -68.051865,
          -38.950891
        ]
      }
    },
    {
      "type": "Feature",
      "properties": {
        "name": "Espacio Cultura Don. Gregorio Álvarez",
        "provincia": "Neuquén",
        "localidad": "Neuquen",
        "domicilio": "Alderete y Córdoba",
        "categoria": "Centro Cultural / Espacio de Rap"
      },
      "geometry": {
        "type": "Point",
        "coordinates": [
          -68.05482,
          -38.95081
        ]
      }
    },
    {
      "type": "Feature",
      "properties": {
        "name": "Casa Popular Arturo Jauretche",
        "provincia": "Neuquén",
        "localidad": "Neuquen",
        "domicilio": "Carlos H. Rodriguez 665",
        "categoria": "Centro Cultural / Espacio de Rap"
      },
      "geometry": {
        "type": "Point",
        "coordinates": [
          -68.06858696,
          -38.95257495
        ]
      }
    },
    {
      "type": "Feature",
      "properties": {
        "name": "Centro Cultural Provincial Juan Bautista Alberdi",
        "provincia": "Neuquén",
        "localidad": "Neuquen",
        "domicilio": "Juan Bautista  Alberdi 12",
        "categoria": "Centro Cultural / Espacio de Rap"
      },
      "geometry": {
        "type": "Point",
        "coordinates": [
          -68.05868,
          -38.95286
        ]
      }
    },
    {
      "type": "Feature",
      "properties": {
        "name": "Fundacion Fabrica de Artistas",
        "provincia": "Neuquén",
        "localidad": "Neuquen",
        "domicilio": "Jujuy 11",
        "categoria": "Centro Cultural / Espacio de Rap"
      },
      "geometry": {
        "type": "Point",
        "coordinates": [
          -68.06761422,
          -38.95469232
        ]
      }
    },
    {
      "type": "Feature",
      "properties": {
        "name": "Pehuenia Cultural del Neuquen",
        "provincia": "Neuquén",
        "localidad": "Neuquen",
        "domicilio": "Los Surgentes 3050",
        "categoria": "Centro Cultural / Espacio de Rap"
      },
      "geometry": {
        "type": "Point",
        "coordinates": [
          -68.10151123,
          -38.93806336
        ]
      }
    },
    {
      "type": "Feature",
      "properties": {
        "name": "Centro Cultural Desafios",
        "provincia": "Neuquén",
        "localidad": "Neuquen",
        "domicilio": "Padre Jose Bretana 46",
        "categoria": "Centro Cultural / Espacio de Rap"
      },
      "geometry": {
        "type": "Point",
        "coordinates": [
          -68.071805,
          -38.9545003
        ]
      }
    },
    {
      "type": "Feature",
      "properties": {
        "name": "La Conrado Centro Cultural",
        "provincia": "Neuquén",
        "localidad": "Neuquen",
        "domicilio": "Yrigoyen 138",
        "categoria": "Centro Cultural / Espacio de Rap"
      },
      "geometry": {
        "type": "Point",
        "coordinates": [
          -68.06081772,
          -38.95395249
        ]
      }
    },
    {
      "type": "Feature",
      "properties": {
        "name": "sala El Angel Gris",
        "provincia": "Neuquén",
        "localidad": "Plaza Huincul",
        "domicilio": "Av. del Libertador 514",
        "categoria": "Centro Cultural / Espacio de Rap"
      },
      "geometry": {
        "type": "Point",
        "coordinates": [
          -69.199515,
          -38.928294
        ]
      }
    },
    {
      "type": "Feature",
      "properties": {
        "name": "Centro Cultural Gregorio Alvarez",
        "provincia": "Neuquén",
        "localidad": "Plaza Huincul",
        "domicilio": "Casa 25",
        "categoria": "Centro Cultural / Espacio de Rap"
      },
      "geometry": {
        "type": "Point",
        "coordinates": [
          -69.20215944,
          -38.92907095
        ]
      }
    },
    {
      "type": "Feature",
      "properties": {
        "name": "Centro Cultural",
        "provincia": "Neuquén",
        "localidad": "Plaza Huincul",
        "domicilio": "San Martín entre Azucena Maizani y Toribio Otano",
        "categoria": "Centro Cultural / Espacio de Rap"
      },
      "geometry": {
        "type": "Point",
        "coordinates": [
          -69.20215944,
          -38.92907095
        ]
      }
    },
    {
      "type": "Feature",
      "properties": {
        "name": "ArteFactum. Nodo de Arte y Experimentación",
        "provincia": "Neuquén",
        "localidad": "San Martín de los Andes",
        "domicilio": "Arroyo Calbuco s/n",
        "categoria": "Centro Cultural / Espacio de Rap"
      },
      "geometry": {
        "type": "Point",
        "coordinates": [
          -71.2651177,
          -40.1261914
        ]
      }
    },
    {
      "type": "Feature",
      "properties": {
        "name": "Manta residencia taller",
        "provincia": "Neuquén",
        "localidad": "San Martín de los Andes",
        "domicilio": "Costa del Lago Lacar",
        "categoria": "Centro Cultural / Espacio de Rap"
      },
      "geometry": {
        "type": "Point",
        "coordinates": [
          -71.35796,
          -40.16154
        ]
      }
    },
    {
      "type": "Feature",
      "properties": {
        "name": "Centro de Iniciacion Artistica",
        "provincia": "Neuquén",
        "localidad": "San Martín de los Andes",
        "domicilio": "M. Moreno  1083",
        "categoria": "Centro Cultural / Espacio de Rap"
      },
      "geometry": {
        "type": "Point",
        "coordinates": [
          -71.352044,
          -40.160818
        ]
      }
    },
    {
      "type": "Feature",
      "properties": {
        "name": "Centro Cultural Cotesma",
        "provincia": "Neuquén",
        "localidad": "San Martín de los Andes",
        "domicilio": "Roca 1154",
        "categoria": "Centro Cultural / Espacio de Rap"
      },
      "geometry": {
        "type": "Point",
        "coordinates": [
          -71.346969,
          -40.154327
        ]
      }
    },
    {
      "type": "Feature",
      "properties": {
        "name": "Casa de la Cultura",
        "provincia": "Neuquén",
        "localidad": "Villa La Angostura",
        "domicilio": "Av. 7 Lagos Y Los Alerces",
        "categoria": "Centro Cultural / Espacio de Rap"
      },
      "geometry": {
        "type": "Point",
        "coordinates": [
          -71.6463089,
          -40.76416132
        ]
      }
    },
    {
      "type": "Feature",
      "properties": {
        "name": "Casa de la Cultura",
        "provincia": "Neuquén",
        "localidad": "Zapala",
        "domicilio": "Roca 675",
        "categoria": "Centro Cultural / Espacio de Rap"
      },
      "geometry": {
        "type": "Point",
        "coordinates": [
          -70.060194,
          -38.90611
        ]
      }
    },
    {
      "type": "Feature",
      "properties": {
        "name": "El Acopio",
        "provincia": "Río Negro",
        "localidad": "Viedma",
        "domicilio": "O' Higgins",
        "categoria": "Centro Cultural / Espacio de Rap"
      },
      "geometry": {
        "type": "Point",
        "coordinates": [
          -62.98532037,
          -40.80932327
        ]
      }
    },
    {
      "type": "Feature",
      "properties": {
        "name": "centro cultural solidario y popular Lavalle",
        "provincia": "Río Negro",
        "localidad": "Viedma",
        "domicilio": "S/D",
        "categoria": "Centro Cultural / Espacio de Rap"
      },
      "geometry": {
        "type": "Point",
        "coordinates": [
          -62.98532037,
          -40.80932327
        ]
      }
    },
    {
      "type": "Feature",
      "properties": {
        "name": "Centro Cultural Eduardo Galeano",
        "provincia": "Río Negro",
        "localidad": "El Bolson",
        "domicilio": "Onelli 2871",
        "categoria": "Centro Cultural / Espacio de Rap"
      },
      "geometry": {
        "type": "Point",
        "coordinates": [
          -71.536442,
          -41.962794
        ]
      }
    },
    {
      "type": "Feature",
      "properties": {
        "name": "Surprise",
        "provincia": "Río Negro",
        "localidad": "San Carlos De Bariloche",
        "domicilio": "Gobernador Leon Quaglia 566",
        "categoria": "Centro Cultural / Espacio de Rap"
      },
      "geometry": {
        "type": "Point",
        "coordinates": [
          -71.3092,
          -41.13762
        ]
      }
    },
    {
      "type": "Feature",
      "properties": {
        "name": "Avivarte Centro Cultural Comunitario",
        "provincia": "Río Negro",
        "localidad": "San Carlos De Bariloche",
        "domicilio": "Onelli 1698",
        "categoria": "Centro Cultural / Espacio de Rap"
      },
      "geometry": {
        "type": "Point",
        "coordinates": [
          -71.29965,
          -41.14928
        ]
      }
    },
    {
      "type": "Feature",
      "properties": {
        "name": "Centro Cultural Puentes",
        "provincia": "Río Negro",
        "localidad": "San Carlos De Bariloche",
        "domicilio": "Panozzi 63",
        "categoria": "Centro Cultural / Espacio de Rap"
      },
      "geometry": {
        "type": "Point",
        "coordinates": [
          -71.31124,
          -41.13338
        ]
      }
    },
    {
      "type": "Feature",
      "properties": {
        "name": "Asociación Grupo Cre-Arte",
        "provincia": "Río Negro",
        "localidad": "San Carlos De Bariloche",
        "domicilio": "Quaglia 540",
        "categoria": "Centro Cultural / Espacio de Rap"
      },
      "geometry": {
        "type": "Point",
        "coordinates": [
          -71.30884,
          -41.13731
        ]
      }
    },
    {
      "type": "Feature",
      "properties": {
        "name": "Circópolis Centro Cultural",
        "provincia": "Río Negro",
        "localidad": "San Carlos De Bariloche",
        "domicilio": "Santa Cruz 954",
        "categoria": "Centro Cultural / Espacio de Rap"
      },
      "geometry": {
        "type": "Point",
        "coordinates": [
          -71.29783,
          -41.14409
        ]
      }
    },
    {
      "type": "Feature",
      "properties": {
        "name": "La Casita Azul - Espacio Cultural",
        "provincia": "Río Negro",
        "localidad": "San Carlos De Bariloche",
        "domicilio": "Tiscornia 309",
        "categoria": "Centro Cultural / Espacio de Rap"
      },
      "geometry": {
        "type": "Point",
        "coordinates": [
          -71.3063306,
          -41.1383245
        ]
      }
    },
    {
      "type": "Feature",
      "properties": {
        "name": "Circulo Comunitario Italo - Argentino",
        "provincia": "Río Negro",
        "localidad": "General Conesa",
        "domicilio": "San Luis 47",
        "categoria": "Centro Cultural / Espacio de Rap"
      },
      "geometry": {
        "type": "Point",
        "coordinates": [
          -64.4505224,
          -40.1099139
        ]
      }
    },
    {
      "type": "Feature",
      "properties": {
        "name": "Casa de la Cultura",
        "provincia": "Río Negro",
        "localidad": "Catriel",
        "domicilio": "Estación Terminal de Ómnibus de Catriel",
        "categoria": "Centro Cultural / Espacio de Rap"
      },
      "geometry": {
        "type": "Point",
        "coordinates": [
          -67.795449,
          -37.876116
        ]
      }
    },
    {
      "type": "Feature",
      "properties": {
        "name": "Espacio Popular Pocho Lepratti",
        "provincia": "Río Negro",
        "localidad": "Cipolletti",
        "domicilio": "Dante Alighieri 1016",
        "categoria": "Centro Cultural / Espacio de Rap"
      },
      "geometry": {
        "type": "Point",
        "coordinates": [
          -67.98915474,
          -38.93112453
        ]
      }
    },
    {
      "type": "Feature",
      "properties": {
        "name": "Centro Cultural General San martin",
        "provincia": "Río Negro",
        "localidad": "Cipolletti",
        "domicilio": "Fray Mamerto Esquiú 1152",
        "categoria": "Centro Cultural / Espacio de Rap"
      },
      "geometry": {
        "type": "Point",
        "coordinates": [
          -67.98389,
          -38.92154
        ]
      }
    },
    {
      "type": "Feature",
      "properties": {
        "name": "Centro Cultural Municipal",
        "provincia": "Río Negro",
        "localidad": "Cipolletti",
        "domicilio": "Tres Arroyos y Toschi",
        "categoria": "Centro Cultural / Espacio de Rap"
      },
      "geometry": {
        "type": "Point",
        "coordinates": [
          -67.991298,
          -38.944001
        ]
      }
    },
    {
      "type": "Feature",
      "properties": {
        "name": "Casa de la Cultura",
        "provincia": "Río Negro",
        "localidad": "General Roca",
        "domicilio": "9 de Julio 1043",
        "categoria": "Centro Cultural / Espacio de Rap"
      },
      "geometry": {
        "type": "Point",
        "coordinates": [
          -67.57939657,
          -39.02895921
        ]
      }
    },
    {
      "type": "Feature",
      "properties": {
        "name": "Centro Cultural Comunidad Danzalibre",
        "provincia": "Río Negro",
        "localidad": "General Roca",
        "domicilio": "A. Roca entre Alsina y Artigas",
        "categoria": "Centro Cultural / Espacio de Rap"
      },
      "geometry": {
        "type": "Point",
        "coordinates": [
          -67.5748541,
          -39.02670252
        ]
      }
    },
    {
      "type": "Feature",
      "properties": {
        "name": "Centro Municipal de Arte CEMAR",
        "provincia": "Río Negro",
        "localidad": "General Roca",
        "domicilio": "Tucuman 1141",
        "categoria": "Centro Cultural / Espacio de Rap"
      },
      "geometry": {
        "type": "Point",
        "coordinates": [
          -67.58059502,
          -39.02765216
        ]
      }
    },
    {
      "type": "Feature",
      "properties": {
        "name": "Carlos Canto",
        "provincia": "Río Negro",
        "localidad": "Ingeniero Luis A. Huergo",
        "domicilio": "Av. Colón 438",
        "categoria": "Centro Cultural / Espacio de Rap"
      },
      "geometry": {
        "type": "Point",
        "coordinates": [
          -67.23706,
          -39.07002
        ]
      }
    },
    {
      "type": "Feature",
      "properties": {
        "name": "Centro Municipal de Cultura",
        "provincia": "Río Negro",
        "localidad": "San Antonio Oeste",
        "domicilio": "Victoria 240",
        "categoria": "Centro Cultural / Espacio de Rap"
      },
      "geometry": {
        "type": "Point",
        "coordinates": [
          -64.941349,
          -40.731411
        ]
      }
    },
    {
      "type": "Feature",
      "properties": {
        "name": "Casa Cultural Pedro Lavaque",
        "provincia": "Salta",
        "localidad": "Cafayate",
        "domicilio": "Camila Quintana de Niño 80",
        "categoria": "Centro Cultural / Espacio de Rap"
      },
      "geometry": {
        "type": "Point",
        "coordinates": [
          -65.9730774,
          -26.072634
        ]
      }
    },
    {
      "type": "Feature",
      "properties": {
        "name": "Doña Argentina Espacio Cultural",
        "provincia": "Salta",
        "localidad": "Cafayate",
        "domicilio": "Colón 124",
        "categoria": "Centro Cultural / Espacio de Rap"
      },
      "geometry": {
        "type": "Point",
        "coordinates": [
          -65.97722,
          -26.07487
        ]
      }
    },
    {
      "type": "Feature",
      "properties": {
        "name": "Centro Cultural Minga",
        "provincia": "Salta",
        "localidad": "Salta",
        "domicilio": "Alvarado 1229",
        "categoria": "Centro Cultural / Espacio de Rap"
      },
      "geometry": {
        "type": "Point",
        "coordinates": [
          -65.41845,
          -24.79055
        ]
      }
    },
    {
      "type": "Feature",
      "properties": {
        "name": "Jagger Espacio Cultural",
        "provincia": "Salta",
        "localidad": "Salta",
        "domicilio": "Balcarce 864",
        "categoria": "Centro Cultural / Espacio de Rap"
      },
      "geometry": {
        "type": "Point",
        "coordinates": [
          -65.41117,
          -24.77926
        ]
      }
    },
    {
      "type": "Feature",
      "properties": {
        "name": "Espacio cultural y feria Punto Artesanal, bien cultural",
        "provincia": "Salta",
        "localidad": "Salta",
        "domicilio": "Bartolomé Mitre 31",
        "categoria": "Centro Cultural / Espacio de Rap"
      },
      "geometry": {
        "type": "Point",
        "coordinates": [
          -65.41124,
          -24.78943
        ]
      }
    },
    {
      "type": "Feature",
      "properties": {
        "name": "Fundacion Raices Nuevas",
        "provincia": "Salta",
        "localidad": "Salta",
        "domicilio": "España 2097",
        "categoria": "Centro Cultural / Espacio de Rap"
      },
      "geometry": {
        "type": "Point",
        "coordinates": [
          -65.483204,
          -24.732382
        ]
      }
    },
    {
      "type": "Feature",
      "properties": {
        "name": "Usina Cultural",
        "provincia": "Salta",
        "localidad": "Salta",
        "domicilio": "España y Juramento",
        "categoria": "Centro Cultural / Espacio de Rap"
      },
      "geometry": {
        "type": "Point",
        "coordinates": [
          -65.40389,
          -24.78899
        ]
      }
    },
    {
      "type": "Feature",
      "properties": {
        "name": "Centro Cultural Pata Pila",
        "provincia": "Salta",
        "localidad": "Salta",
        "domicilio": "Maipú 1431",
        "categoria": "Centro Cultural / Espacio de Rap"
      },
      "geometry": {
        "type": "Point",
        "coordinates": [
          -65.42465,
          -24.7709
        ]
      }
    },
    {
      "type": "Feature",
      "properties": {
        "name": "Kunu`u Espacio para las Infancias",
        "provincia": "Salta",
        "localidad": "Salta",
        "domicilio": "Necochea 395",
        "categoria": "Centro Cultural / Espacio de Rap"
      },
      "geometry": {
        "type": "Point",
        "coordinates": [
          -65.40694,
          -24.77893
        ]
      }
    },
    {
      "type": "Feature",
      "properties": {
        "name": "C.I.Arte",
        "provincia": "Salta",
        "localidad": "General Guemes",
        "domicilio": "S/D",
        "categoria": "Centro Cultural / Espacio de Rap"
      },
      "geometry": {
        "type": "Point",
        "coordinates": [
          -65.04935278,
          -24.66844362
        ]
      }
    },
    {
      "type": "Feature",
      "properties": {
        "name": "Centro Cultural De Los Pueblos Originarios",
        "provincia": "Salta",
        "localidad": "Tartagal",
        "domicilio": "Tartagal",
        "categoria": "Centro Cultural / Espacio de Rap"
      },
      "geometry": {
        "type": "Point",
        "coordinates": [
          -63.8056,
          -22.51676
        ]
      }
    },
    {
      "type": "Feature",
      "properties": {
        "name": "Casa Municipal de Cultura",
        "provincia": "Salta",
        "localidad": "San Ramon de la Nueva Oran",
        "domicilio": "Hipólito Yrigoyen 137",
        "categoria": "Centro Cultural / Espacio de Rap"
      },
      "geometry": {
        "type": "Point",
        "coordinates": [
          -64.322198,
          -23.135135
        ]
      }
    },
    {
      "type": "Feature",
      "properties": {
        "name": "CABILDO DEL DUENDE AMIGO",
        "provincia": "Salta",
        "localidad": "La Silleta",
        "domicilio": "Manzana 40 Lote 5",
        "categoria": "Centro Cultural / Espacio de Rap"
      },
      "geometry": {
        "type": "Point",
        "coordinates": [
          -65.55749333,
          -24.88431799
        ]
      }
    },
    {
      "type": "Feature",
      "properties": {
        "name": "Espacio Cultural El Caedero de San Carlos",
        "provincia": "Salta",
        "localidad": "San Carlos",
        "domicilio": "Avenida San Martín 827",
        "categoria": "Centro Cultural / Espacio de Rap"
      },
      "geometry": {
        "type": "Point",
        "coordinates": [
          -65.41449,
          -24.79334
        ]
      }
    },
    {
      "type": "Feature",
      "properties": {
        "name": "Casa de la Cultura A.WA.WA.",
        "provincia": "Salta",
        "localidad": "Iruya",
        "domicilio": "San Martín S/N",
        "categoria": "Centro Cultural / Espacio de Rap"
      },
      "geometry": {
        "type": "Point",
        "coordinates": [
          -65.21852927,
          -22.79208416
        ]
      }
    },
    {
      "type": "Feature",
      "properties": {
        "name": "Complejo Auditorio Juan Victoria",
        "provincia": "San Juan",
        "localidad": "San Juan",
        "domicilio": "25 de Mayo 1215 oeste",
        "categoria": "Centro Cultural / Espacio de Rap"
      },
      "geometry": {
        "type": "Point",
        "coordinates": [
          -68.51022,
          -31.53095
        ]
      }
    },
    {
      "type": "Feature",
      "properties": {
        "name": "La Casa Roja Espacio",
        "provincia": "San Juan",
        "localidad": "San Juan",
        "domicilio": "25 de Mayo Este 604",
        "categoria": "Centro Cultural / Espacio de Rap"
      },
      "geometry": {
        "type": "Point",
        "coordinates": [
          -68.51758,
          -31.53113
        ]
      }
    },
    {
      "type": "Feature",
      "properties": {
        "name": "Centro Cultural Estacion San Martín",
        "provincia": "San Juan",
        "localidad": "San Juan",
        "domicilio": "Av. España Y Mitre",
        "categoria": "Centro Cultural / Espacio de Rap"
      },
      "geometry": {
        "type": "Point",
        "coordinates": [
          -68.53606,
          -31.538607
        ]
      }
    },
    {
      "type": "Feature",
      "properties": {
        "name": "Patricias Espacio",
        "provincia": "San Juan",
        "localidad": "San Juan",
        "domicilio": "Patricias Sanjuaninas 732",
        "categoria": "Centro Cultural / Espacio de Rap"
      },
      "geometry": {
        "type": "Point",
        "coordinates": [
          -68.51246,
          -31.54216
        ]
      }
    },
    {
      "type": "Feature",
      "properties": {
        "name": "Espacio Cultural Cadiz",
        "provincia": "San Juan",
        "localidad": "San Juan",
        "domicilio": "S/D",
        "categoria": "Centro Cultural / Espacio de Rap"
      },
      "geometry": {
        "type": "Point",
        "coordinates": [
          -68.52501832,
          -31.53719704
        ]
      }
    },
    {
      "type": "Feature",
      "properties": {
        "name": "Centro Cultural Augusto Conte Grand",
        "provincia": "San Juan",
        "localidad": "San Juan",
        "domicilio": "San Luis oeste 701 y Las Heras",
        "categoria": "Centro Cultural / Espacio de Rap"
      },
      "geometry": {
        "type": "Point",
        "coordinates": [
          -68.5325,
          -31.53386
        ]
      }
    },
    {
      "type": "Feature",
      "properties": {
        "name": "La Tetera",
        "provincia": "San Juan",
        "localidad": "San Juan",
        "domicilio": "Entre Rios y Abraham Tapia",
        "categoria": "Centro Cultural / Espacio de Rap"
      },
      "geometry": {
        "type": "Point",
        "coordinates": [
          -68.52281,
          -31.54988
        ]
      }
    },
    {
      "type": "Feature",
      "properties": {
        "name": "Centro cultural Raúl Carrizo \"La Fraternidad\"",
        "provincia": "San Juan",
        "localidad": "Chimbas",
        "domicilio": "Barrio Costanera III. MAZA L casa81",
        "categoria": "Centro Cultural / Espacio de Rap"
      },
      "geometry": {
        "type": "Point",
        "coordinates": [
          -68.59597809,
          -31.50275018
        ]
      }
    },
    {
      "type": "Feature",
      "properties": {
        "name": "Centro Cultural El Barro",
        "provincia": "San Juan",
        "localidad": "Rivadavia",
        "domicilio": "Falucho Sur 407",
        "categoria": "Centro Cultural / Espacio de Rap"
      },
      "geometry": {
        "type": "Point",
        "coordinates": [
          -68.574764,
          -31.53442
        ]
      }
    },
    {
      "type": "Feature",
      "properties": {
        "name": "Centro Cultural San Francisco Del Monte de Oro",
        "provincia": "San Luis",
        "localidad": "San Francisco",
        "domicilio": "San Martín y 25 de Mayo",
        "categoria": "Centro Cultural / Espacio de Rap"
      },
      "geometry": {
        "type": "Point",
        "coordinates": [
          -66.12467,
          -32.60251
        ]
      }
    },
    {
      "type": "Feature",
      "properties": {
        "name": "Monte libre",
        "provincia": "San Luis",
        "localidad": "Rio Grande",
        "domicilio": "Ruta Provincial 9 km 42.5s/n",
        "categoria": "Centro Cultural / Espacio de Rap"
      },
      "geometry": {
        "type": "Point",
        "coordinates": [
          -66.06786,
          -33.08588
        ]
      }
    },
    {
      "type": "Feature",
      "properties": {
        "name": "Espacio Cultural Coloniarte",
        "provincia": "San Luis",
        "localidad": "Justo Daract",
        "domicilio": "Solis 283",
        "categoria": "Centro Cultural / Espacio de Rap"
      },
      "geometry": {
        "type": "Point",
        "coordinates": [
          -65.1895328,
          -33.8580748
        ]
      }
    },
    {
      "type": "Feature",
      "properties": {
        "name": "Portal 271 Centro Cultural",
        "provincia": "San Luis",
        "localidad": "Villa Mercedes",
        "domicilio": "Rivadavia 271",
        "categoria": "Centro Cultural / Espacio de Rap"
      },
      "geometry": {
        "type": "Point",
        "coordinates": [
          -65.47097,
          -33.68053
        ]
      }
    },
    {
      "type": "Feature",
      "properties": {
        "name": "Casa Del Poeta Antonio Esteban Agüero",
        "provincia": "San Luis",
        "localidad": "Merlo",
        "domicilio": "Poeta Agüero 380",
        "categoria": "Centro Cultural / Espacio de Rap"
      },
      "geometry": {
        "type": "Point",
        "coordinates": [
          -65.01526,
          -32.34572
        ]
      }
    },
    {
      "type": "Feature",
      "properties": {
        "name": "Asociacion Civil Amigos de Merlo",
        "provincia": "San Luis",
        "localidad": "Villa de Merlo",
        "domicilio": "Presbitero Becerra 540",
        "categoria": "Centro Cultural / Espacio de Rap"
      },
      "geometry": {
        "type": "Point",
        "coordinates": [
          -65.0132726,
          -32.3424749
        ]
      }
    },
    {
      "type": "Feature",
      "properties": {
        "name": "Centro Cultural Tecla Funes",
        "provincia": "San Luis",
        "localidad": "La Punta",
        "domicilio": "Cabildo Histórico",
        "categoria": "Centro Cultural / Espacio de Rap"
      },
      "geometry": {
        "type": "Point",
        "coordinates": [
          -66.32429,
          -33.15899
        ]
      }
    },
    {
      "type": "Feature",
      "properties": {
        "name": "Espacio Cultural Cuyo Arte",
        "provincia": "San Luis",
        "localidad": "La Punta",
        "domicilio": "modulo 13M38 C 20",
        "categoria": "Centro Cultural / Espacio de Rap"
      },
      "geometry": {
        "type": "Point",
        "coordinates": [
          -66.31360769,
          -33.18165713
        ]
      }
    },
    {
      "type": "Feature",
      "properties": {
        "name": "Centro Cultural Puente Blanco",
        "provincia": "San Luis",
        "localidad": "San Luis",
        "domicilio": "Av. del Fundador y Paseo de las Artes",
        "categoria": "Centro Cultural / Espacio de Rap"
      },
      "geometry": {
        "type": "Point",
        "coordinates": [
          -66.33608774,
          -33.30231397
        ]
      }
    },
    {
      "type": "Feature",
      "properties": {
        "name": "Centro Cultural La Vía",
        "provincia": "San Luis",
        "localidad": "San Luis",
        "domicilio": "Av. Lafinur y Av.Illia.",
        "categoria": "Centro Cultural / Espacio de Rap"
      },
      "geometry": {
        "type": "Point",
        "coordinates": [
          -66.34762,
          -33.29927
        ]
      }
    },
    {
      "type": "Feature",
      "properties": {
        "name": "La Casa Azul. Periferia de Arte",
        "provincia": "San Luis",
        "localidad": "San Luis",
        "domicilio": "Chacabuco 339",
        "categoria": "Centro Cultural / Espacio de Rap"
      },
      "geometry": {
        "type": "Point",
        "coordinates": [
          -65.20612524,
          -32.7414522
        ]
      }
    },
    {
      "type": "Feature",
      "properties": {
        "name": "La Mostrijaus",
        "provincia": "San Luis",
        "localidad": "San Luis",
        "domicilio": "Córdoba 855",
        "categoria": "Centro Cultural / Espacio de Rap"
      },
      "geometry": {
        "type": "Point",
        "coordinates": [
          -66.31713822,
          -33.30044617
        ]
      }
    },
    {
      "type": "Feature",
      "properties": {
        "name": "La Tambora Cultural",
        "provincia": "San Luis",
        "localidad": "San Luis",
        "domicilio": "Falucho Norte 2146",
        "categoria": "Centro Cultural / Espacio de Rap"
      },
      "geometry": {
        "type": "Point",
        "coordinates": [
          -66.34779453,
          -33.28755026
        ]
      }
    },
    {
      "type": "Feature",
      "properties": {
        "name": "Centro Cultural Puente Blanco- Sala Hugo del Carril",
        "provincia": "San Luis",
        "localidad": "San Luis",
        "domicilio": "Rawson 42",
        "categoria": "Centro Cultural / Espacio de Rap"
      },
      "geometry": {
        "type": "Point",
        "coordinates": [
          -66.3516158,
          -33.3132159
        ]
      }
    },
    {
      "type": "Feature",
      "properties": {
        "name": "Casa De Las Culturas",
        "provincia": "San Luis",
        "localidad": "San Luis",
        "domicilio": "San Martín 383",
        "categoria": "Centro Cultural / Espacio de Rap"
      },
      "geometry": {
        "type": "Point",
        "coordinates": [
          -66.33629,
          -33.30733
        ]
      }
    },
    {
      "type": "Feature",
      "properties": {
        "name": "Galpón Murguero",
        "provincia": "Santa Cruz",
        "localidad": "Caleta Olivia",
        "domicilio": "Av. Eva Perón y Misionero J. Beauvoir",
        "categoria": "Centro Cultural / Espacio de Rap"
      },
      "geometry": {
        "type": "Point",
        "coordinates": [
          -67.51724,
          -46.439384
        ]
      }
    },
    {
      "type": "Feature",
      "properties": {
        "name": "Cacho Camino",
        "provincia": "Santa Cruz",
        "localidad": "Caleta Olivia",
        "domicilio": "Ducaretz y Jorge Newbery",
        "categoria": "Centro Cultural / Espacio de Rap"
      },
      "geometry": {
        "type": "Point",
        "coordinates": [
          -67.5251565,
          -46.44594923
        ]
      }
    },
    {
      "type": "Feature",
      "properties": {
        "name": "Centro Cultural Las Heras",
        "provincia": "Santa Cruz",
        "localidad": "Las Heras",
        "domicilio": "13 de Diciembre entre Rivadavia e Islas Malvinas",
        "categoria": "Centro Cultural / Espacio de Rap"
      },
      "geometry": {
        "type": "Point",
        "coordinates": [
          -68.93417732,
          -46.54245538
        ]
      }
    },
    {
      "type": "Feature",
      "properties": {
        "name": "Ventarrón Cultural",
        "provincia": "Santa Cruz",
        "localidad": "Pico Truncado",
        "domicilio": "Belgrano 690",
        "categoria": "Centro Cultural / Espacio de Rap"
      },
      "geometry": {
        "type": "Point",
        "coordinates": [
          -67.95672986,
          -46.79664441
        ]
      }
    },
    {
      "type": "Feature",
      "properties": {
        "name": "Casa de la Cultura de Pico Truncado",
        "provincia": "Santa Cruz",
        "localidad": "Pico Truncado",
        "domicilio": "s/d",
        "categoria": "Centro Cultural / Espacio de Rap"
      },
      "geometry": {
        "type": "Point",
        "coordinates": [
          -67.95757049,
          -46.79389812
        ]
      }
    },
    {
      "type": "Feature",
      "properties": {
        "name": "Espacio\nMalvinas",
        "provincia": "Santa Cruz",
        "localidad": "Rio Gallegos",
        "domicilio": "Muratore 58",
        "categoria": "Centro Cultural / Espacio de Rap"
      },
      "geometry": {
        "type": "Point",
        "coordinates": [
          -69.20724,
          -51.62443
        ]
      }
    },
    {
      "type": "Feature",
      "properties": {
        "name": "Asociacion Cultural Discepolin",
        "provincia": "Santa Cruz",
        "localidad": "Rio Gallegos",
        "domicilio": "Pasaje Hermana Perorsek 593",
        "categoria": "Centro Cultural / Espacio de Rap"
      },
      "geometry": {
        "type": "Point",
        "coordinates": [
          -69.236494,
          -51.628756
        ]
      }
    },
    {
      "type": "Feature",
      "properties": {
        "name": "Complejo Cultural Santa Cruz",
        "provincia": "Santa Cruz",
        "localidad": "Rio Gallegos",
        "domicilio": "Ramón y Cajal 38",
        "categoria": "Centro Cultural / Espacio de Rap"
      },
      "geometry": {
        "type": "Point",
        "coordinates": [
          -69.22029,
          -51.626655
        ]
      }
    },
    {
      "type": "Feature",
      "properties": {
        "name": "Centro Cultural Municipal Renato Nestiero Maré",
        "provincia": "Santa Cruz",
        "localidad": "Rio Turbio",
        "domicilio": "Av. de los Mineros y Hipólito Irigoyen",
        "categoria": "Centro Cultural / Espacio de Rap"
      },
      "geometry": {
        "type": "Point",
        "coordinates": [
          -72.33410321,
          -51.53283837
        ]
      }
    },
    {
      "type": "Feature",
      "properties": {
        "name": "Centro Cultural Linda Vista",
        "provincia": "Santa Cruz",
        "localidad": "El Calafate",
        "domicilio": "Cipres de la Cordillera 1008",
        "categoria": "Centro Cultural / Espacio de Rap"
      },
      "geometry": {
        "type": "Point",
        "coordinates": [
          -72.29083,
          -50.35284
        ]
      }
    },
    {
      "type": "Feature",
      "properties": {
        "name": "Centro Cultural Municipal",
        "provincia": "Santa Cruz",
        "localidad": "El Calafate",
        "domicilio": "Julio Argentino Roca 1100",
        "categoria": "Centro Cultural / Espacio de Rap"
      },
      "geometry": {
        "type": "Point",
        "coordinates": [
          -72.264731,
          -50.339459
        ]
      }
    },
    {
      "type": "Feature",
      "properties": {
        "name": "Sala Cultural Chabás",
        "provincia": "Santa Fe",
        "localidad": "Chabás",
        "domicilio": "Bv. Roque Saenz (Ruta 33) Peña y Gral Roca",
        "categoria": "Centro Cultural / Espacio de Rap"
      },
      "geometry": {
        "type": "Point",
        "coordinates": [
          -61.359696,
          -33.245932
        ]
      }
    },
    {
      "type": "Feature",
      "properties": {
        "name": "Tiza y Karbón Espacio Cultural",
        "provincia": "Santa Fe",
        "localidad": "Rafaela",
        "domicilio": "Bv. Lhemann 683",
        "categoria": "Centro Cultural / Espacio de Rap"
      },
      "geometry": {
        "type": "Point",
        "coordinates": [
          -61.49038,
          -31.24593
        ]
      }
    },
    {
      "type": "Feature",
      "properties": {
        "name": "Centro Cultural La Máscara",
        "provincia": "Santa Fe",
        "localidad": "Rafaela",
        "domicilio": "Constitución 250",
        "categoria": "Centro Cultural / Espacio de Rap"
      },
      "geometry": {
        "type": "Point",
        "coordinates": [
          -61.485702,
          -31.255959
        ]
      }
    },
    {
      "type": "Feature",
      "properties": {
        "name": "Centro Cultural Municipal Sala Sociedad Italiana",
        "provincia": "Santa Fe",
        "localidad": "Rafaela",
        "domicilio": "Pueyrredon 262",
        "categoria": "Centro Cultural / Espacio de Rap"
      },
      "geometry": {
        "type": "Point",
        "coordinates": [
          -61.487889,
          -31.250826
        ]
      }
    },
    {
      "type": "Feature",
      "properties": {
        "name": "Jauss Espacio de Arte",
        "provincia": "Santa Fe",
        "localidad": "Rafaela",
        "domicilio": "Sáenz Díaz 38",
        "categoria": "Centro Cultural / Espacio de Rap"
      },
      "geometry": {
        "type": "Point",
        "coordinates": [
          -61.48626,
          -31.25263
        ]
      }
    },
    {
      "type": "Feature",
      "properties": {
        "name": "Salón del Museo",
        "provincia": "Santa Fe",
        "localidad": "Ramona",
        "domicilio": "Bv. E. Tornquist 229",
        "categoria": "Centro Cultural / Espacio de Rap"
      },
      "geometry": {
        "type": "Point",
        "coordinates": [
          -61.90323187,
          -31.09370418
        ]
      }
    },
    {
      "type": "Feature",
      "properties": {
        "name": "Amigos del Arte - Centro de Cultura",
        "provincia": "Santa Fe",
        "localidad": "Sunchales",
        "domicilio": "Carlos Pellegrini 134",
        "categoria": "Centro Cultural / Espacio de Rap"
      },
      "geometry": {
        "type": "Point",
        "coordinates": [
          -61.492052,
          -34.53719
        ]
      }
    },
    {
      "type": "Feature",
      "properties": {
        "name": "Espacio Cultural El Bodegón",
        "provincia": "Santa Fe",
        "localidad": "Susana",
        "domicilio": "Colón 151",
        "categoria": "Centro Cultural / Espacio de Rap"
      },
      "geometry": {
        "type": "Point",
        "coordinates": [
          -61.899669,
          -32.2631593
        ]
      }
    },
    {
      "type": "Feature",
      "properties": {
        "name": "Centro Cultural Norberto J. Luppi",
        "provincia": "Santa Fe",
        "localidad": "Firmat",
        "domicilio": "San Martín 1514",
        "categoria": "Centro Cultural / Espacio de Rap"
      },
      "geometry": {
        "type": "Point",
        "coordinates": [
          -61.486657,
          -33.457425
        ]
      }
    },
    {
      "type": "Feature",
      "properties": {
        "name": "Club Social Villa Constitución",
        "provincia": "Santa Fe",
        "localidad": "Villa Constitución",
        "domicilio": "Independencia 2903",
        "categoria": "Centro Cultural / Espacio de Rap"
      },
      "geometry": {
        "type": "Point",
        "coordinates": [
          -60.3219369,
          -33.24358422
        ]
      }
    },
    {
      "type": "Feature",
      "properties": {
        "name": "Centro Cultural Comunal María Teresa",
        "provincia": "Santa Fe",
        "localidad": "María Teresa",
        "domicilio": "Lavalle 850",
        "categoria": "Centro Cultural / Espacio de Rap"
      },
      "geometry": {
        "type": "Point",
        "coordinates": [
          -61.9155889,
          -34.0130122
        ]
      }
    },
    {
      "type": "Feature",
      "properties": {
        "name": "Centro Cultural El Gaucho",
        "provincia": "Santa Fe",
        "localidad": "Santa Isabel",
        "domicilio": "Sarmiento 2880",
        "categoria": "Centro Cultural / Espacio de Rap"
      },
      "geometry": {
        "type": "Point",
        "coordinates": [
          -61.69772,
          -33.89033
        ]
      }
    },
    {
      "type": "Feature",
      "properties": {
        "name": "Centro Cultural Municipal",
        "provincia": "Santa Fe",
        "localidad": "Venado Tuerto",
        "domicilio": "Belgrano 843",
        "categoria": "Centro Cultural / Espacio de Rap"
      },
      "geometry": {
        "type": "Point",
        "coordinates": [
          -61.967459,
          -33.74535
        ]
      }
    },
    {
      "type": "Feature",
      "properties": {
        "name": "Complejo Cultural Las Toscas",
        "provincia": "Santa Fe",
        "localidad": "Las Toscas",
        "domicilio": "Calle 13 y Calle 6",
        "categoria": "Centro Cultural / Espacio de Rap"
      },
      "geometry": {
        "type": "Point",
        "coordinates": [
          -59.26119,
          -28.35762
        ]
      }
    },
    {
      "type": "Feature",
      "properties": {
        "name": "El Remanso Casa Cultural Independiente",
        "provincia": "Santa Fe",
        "localidad": "Reconquista",
        "domicilio": "Belgrano 920",
        "categoria": "Centro Cultural / Espacio de Rap"
      },
      "geometry": {
        "type": "Point",
        "coordinates": [
          -59.64645959,
          -29.14660779
        ]
      }
    },
    {
      "type": "Feature",
      "properties": {
        "name": "Errar es divino",
        "provincia": "Santa Fe",
        "localidad": "Reconquista",
        "domicilio": "P. diez 282, mitre 21",
        "categoria": "Centro Cultural / Espacio de Rap"
      },
      "geometry": {
        "type": "Point",
        "coordinates": [
          -59.63663,
          -29.14628
        ]
      }
    },
    {
      "type": "Feature",
      "properties": {
        "name": "Centro Comunal",
        "provincia": "Santa Fe",
        "localidad": "Villa Guillermina",
        "domicilio": "Menchaca y Rosario",
        "categoria": "Centro Cultural / Espacio de Rap"
      },
      "geometry": {
        "type": "Point",
        "coordinates": [
          -59.45087,
          -28.24405
        ]
      }
    },
    {
      "type": "Feature",
      "properties": {
        "name": "Espacio Cultural Casablanca",
        "provincia": "Santa Fe",
        "localidad": "Arroyo Leyes",
        "domicilio": "Calle 25 entre Calle 5 y Calle 6",
        "categoria": "Centro Cultural / Espacio de Rap"
      },
      "geometry": {
        "type": "Point",
        "coordinates": [
          -60.51762549,
          -31.55906257
        ]
      }
    },
    {
      "type": "Feature",
      "properties": {
        "name": "\"Centro Cultural Voces Comunitarias Com Caia\"",
        "provincia": "Santa Fe",
        "localidad": "Recreo",
        "domicilio": "Santiago de Chile s/n",
        "categoria": "Centro Cultural / Espacio de Rap"
      },
      "geometry": {
        "type": "Point",
        "coordinates": [
          -60.722943,
          -31.4974499
        ]
      }
    },
    {
      "type": "Feature",
      "properties": {
        "name": "El Jardín de los Presentes Casa Arte",
        "provincia": "Santa Fe",
        "localidad": "San José del Rincón",
        "domicilio": "Pasaje Florida 1275 - Ruta 1 Km 5,2",
        "categoria": "Centro Cultural / Espacio de Rap"
      },
      "geometry": {
        "type": "Point",
        "coordinates": [
          -60.58100302,
          -31.61191007
        ]
      }
    },
    {
      "type": "Feature",
      "properties": {
        "name": "Curadora. Residencia/Taller",
        "provincia": "Santa Fe",
        "localidad": "San José del Rincón",
        "domicilio": "Puerto Palacio s/n",
        "categoria": "Centro Cultural / Espacio de Rap"
      },
      "geometry": {
        "type": "Point",
        "coordinates": [
          -60.55018,
          -31.57902
        ]
      }
    },
    {
      "type": "Feature",
      "properties": {
        "name": "DEMOS Comunidad Cultural Emergente",
        "provincia": "Santa Fe",
        "localidad": "Santa Fe",
        "domicilio": "9 de Julio 2239",
        "categoria": "Centro Cultural / Espacio de Rap"
      },
      "geometry": {
        "type": "Point",
        "coordinates": [
          -60.71006,
          -31.64922
        ]
      }
    },
    {
      "type": "Feature",
      "properties": {
        "name": "Centro Cultural y Recreativo Alto Verde",
        "provincia": "Santa Fe",
        "localidad": "Santa Fe",
        "domicilio": "Belgrano 8018",
        "categoria": "Centro Cultural / Espacio de Rap"
      },
      "geometry": {
        "type": "Point",
        "coordinates": [
          -59.67057531,
          -29.16459255
        ]
      }
    },
    {
      "type": "Feature",
      "properties": {
        "name": "Casa de la Cultura",
        "provincia": "Santa Fe",
        "localidad": "Santa Fe",
        "domicilio": "Bv. Galvez  1274",
        "categoria": "Centro Cultural / Espacio de Rap"
      },
      "geometry": {
        "type": "Point",
        "coordinates": [
          -60.688667,
          -31.638521
        ]
      }
    },
    {
      "type": "Feature",
      "properties": {
        "name": "Púrpura - Proyecto Artísitico Pedagógico",
        "provincia": "Santa Fe",
        "localidad": "Santa Fe",
        "domicilio": "Castellanos 1646 Primer Piso",
        "categoria": "Centro Cultural / Espacio de Rap"
      },
      "geometry": {
        "type": "Point",
        "coordinates": [
          -60.69242,
          -31.63674
        ]
      }
    },
    {
      "type": "Feature",
      "properties": {
        "name": "Proyecto Trucha",
        "provincia": "Santa Fe",
        "localidad": "Santa Fe",
        "domicilio": "Eva Perón 2743",
        "categoria": "Centro Cultural / Espacio de Rap"
      },
      "geometry": {
        "type": "Point",
        "coordinates": [
          -60.70799101,
          -31.64409791
        ]
      }
    },
    {
      "type": "Feature",
      "properties": {
        "name": "Centro Cultural y Social El Birri",
        "provincia": "Santa Fe",
        "localidad": "Santa Fe",
        "domicilio": "Gral. López 3698",
        "categoria": "Centro Cultural / Espacio de Rap"
      },
      "geometry": {
        "type": "Point",
        "coordinates": [
          -60.724609,
          -31.654654
        ]
      }
    },
    {
      "type": "Feature",
      "properties": {
        "name": "Centro Cultural Provincial Francisco Paco Urondo",
        "provincia": "Santa Fe",
        "localidad": "Santa Fe",
        "domicilio": "Junin 2457",
        "categoria": "Centro Cultural / Espacio de Rap"
      },
      "geometry": {
        "type": "Point",
        "coordinates": [
          -60.703156,
          -31.639215
        ]
      }
    },
    {
      "type": "Feature",
      "properties": {
        "name": "La Moreno Centro Cultural",
        "provincia": "Santa Fe",
        "localidad": "Santa Fe",
        "domicilio": "Marcial Candioti 3341",
        "categoria": "Centro Cultural / Espacio de Rap"
      },
      "geometry": {
        "type": "Point",
        "coordinates": [
          -60.69594,
          -31.63877
        ]
      }
    },
    {
      "type": "Feature",
      "properties": {
        "name": "CLUB ATLÉTICO VILLA DORA",
        "provincia": "Santa Fe",
        "localidad": "Santa Fe",
        "domicilio": "Ruperto Godoy 1231",
        "categoria": "Centro Cultural / Espacio de Rap"
      },
      "geometry": {
        "type": "Point",
        "coordinates": [
          -60.6773377,
          -31.6198449
        ]
      }
    },
    {
      "type": "Feature",
      "properties": {
        "name": "Centro Cultural Roma",
        "provincia": "Santa Fe",
        "localidad": "Santa Fe",
        "domicilio": "San Jerónimo 2673",
        "categoria": "Centro Cultural / Espacio de Rap"
      },
      "geometry": {
        "type": "Point",
        "coordinates": [
          -60.70752,
          -31.64457
        ]
      }
    },
    {
      "type": "Feature",
      "properties": {
        "name": "Ochava Roma",
        "provincia": "Santa Fe",
        "localidad": "Santa Fe",
        "domicilio": "Santiago de Chile 2696",
        "categoria": "Centro Cultural / Espacio de Rap"
      },
      "geometry": {
        "type": "Point",
        "coordinates": [
          -60.72282,
          -31.64092
        ]
      }
    },
    {
      "type": "Feature",
      "properties": {
        "name": "Uhlala Café Concert",
        "provincia": "Santa Fe",
        "localidad": "Santa Fe",
        "domicilio": "Tucuman 2832",
        "categoria": "Centro Cultural / Espacio de Rap"
      },
      "geometry": {
        "type": "Point",
        "coordinates": [
          -60.70955,
          -31.64602
        ]
      }
    },
    {
      "type": "Feature",
      "properties": {
        "name": "Centro Cultural 12 de Septiembre",
        "provincia": "Santa Fe",
        "localidad": "Santo Tome",
        "domicilio": "25 de Mayo 1940",
        "categoria": "Centro Cultural / Espacio de Rap"
      },
      "geometry": {
        "type": "Point",
        "coordinates": [
          -60.708919,
          -31.658225
        ]
      }
    },
    {
      "type": "Feature",
      "properties": {
        "name": "Sala Cultural José María Vazquez",
        "provincia": "Santa Fe",
        "localidad": "Sauce Viejo",
        "domicilio": "9 de Julio y Dr Manuel Galvez",
        "categoria": "Centro Cultural / Espacio de Rap"
      },
      "geometry": {
        "type": "Point",
        "coordinates": [
          -60.83737,
          -31.77063
        ]
      }
    },
    {
      "type": "Feature",
      "properties": {
        "name": "Espacio Crux",
        "provincia": "Santa Fe",
        "localidad": "Esperanza",
        "domicilio": "Pujol 2050",
        "categoria": "Centro Cultural / Espacio de Rap"
      },
      "geometry": {
        "type": "Point",
        "coordinates": [
          -60.92062,
          -31.45163
        ]
      }
    },
    {
      "type": "Feature",
      "properties": {
        "name": "La Juana Sala Cultural Independiente",
        "provincia": "Santa Fe",
        "localidad": "Esperanza",
        "domicilio": "Sarmiento 1261",
        "categoria": "Centro Cultural / Espacio de Rap"
      },
      "geometry": {
        "type": "Point",
        "coordinates": [
          -60.93347,
          -31.45583
        ]
      }
    },
    {
      "type": "Feature",
      "properties": {
        "name": "Centro Cultural Municipal Dante Alighieri",
        "provincia": "Santa Fe",
        "localidad": "Esperanza",
        "domicilio": "Sarmiento 2551",
        "categoria": "Centro Cultural / Espacio de Rap"
      },
      "geometry": {
        "type": "Point",
        "coordinates": [
          -60.930214,
          -31.444841
        ]
      }
    },
    {
      "type": "Feature",
      "properties": {
        "name": "Centro Cultural",
        "provincia": "Santa Fe",
        "localidad": "Franck",
        "domicilio": "San Martin 2333",
        "categoria": "Centro Cultural / Espacio de Rap"
      },
      "geometry": {
        "type": "Point",
        "coordinates": [
          -60.93889458,
          -31.58887362
        ]
      }
    },
    {
      "type": "Feature",
      "properties": {
        "name": "Casa de la Cultura",
        "provincia": "Santa Fe",
        "localidad": "San Jerónimo del Sauce",
        "domicilio": "Del Rosario Entre Santa Fe y San Jose",
        "categoria": "Centro Cultural / Espacio de Rap"
      },
      "geometry": {
        "type": "Point",
        "coordinates": [
          -61.14087,
          -31.60912
        ]
      }
    },
    {
      "type": "Feature",
      "properties": {
        "name": "Ciclo Cultural Arte Viva",
        "provincia": "Santa Fe",
        "localidad": "San Jerónimo Norte",
        "domicilio": "Rivadavia 339",
        "categoria": "Centro Cultural / Espacio de Rap"
      },
      "geometry": {
        "type": "Point",
        "coordinates": [
          -61.076383,
          -31.552398
        ]
      }
    },
    {
      "type": "Feature",
      "properties": {
        "name": "Centro Cultural. Pueblo Esther",
        "provincia": "Santa Fe",
        "localidad": "Pueblo Esther",
        "domicilio": "España y San Lorenzo",
        "categoria": "Centro Cultural / Espacio de Rap"
      },
      "geometry": {
        "type": "Point",
        "coordinates": [
          -60.5779,
          -33.07155
        ]
      }
    },
    {
      "type": "Feature",
      "properties": {
        "name": "FUNDACION UNIDOS POR LA MUSICA",
        "provincia": "Santa Fe",
        "localidad": "Rosario",
        "domicilio": "27 De Febrero 826",
        "categoria": "Centro Cultural / Espacio de Rap"
      },
      "geometry": {
        "type": "Point",
        "coordinates": [
          -60.63988,
          -32.96809
        ]
      }
    },
    {
      "type": "Feature",
      "properties": {
        "name": "Centro Cultural PAR",
        "provincia": "Santa Fe",
        "localidad": "Rosario",
        "domicilio": "3 de Febrero 1265",
        "categoria": "Centro Cultural / Espacio de Rap"
      },
      "geometry": {
        "type": "Point",
        "coordinates": [
          -60.64198,
          -32.95247
        ]
      }
    },
    {
      "type": "Feature",
      "properties": {
        "name": "En Jaque",
        "provincia": "Santa Fe",
        "localidad": "Rosario",
        "domicilio": "9 de Julio 1107",
        "categoria": "Centro Cultural / Espacio de Rap"
      },
      "geometry": {
        "type": "Point",
        "coordinates": [
          -60.64021349,
          -32.95387672
        ]
      }
    },
    {
      "type": "Feature",
      "properties": {
        "name": "Asociación Civil Facultad Libre",
        "provincia": "Santa Fe",
        "localidad": "Rosario",
        "domicilio": "9 De Julio 1122",
        "categoria": "Centro Cultural / Espacio de Rap"
      },
      "geometry": {
        "type": "Point",
        "coordinates": [
          -60.64028,
          -32.95367
        ]
      }
    },
    {
      "type": "Feature",
      "properties": {
        "name": "Sahuira",
        "provincia": "Santa Fe",
        "localidad": "Rosario",
        "domicilio": "Alvear 576",
        "categoria": "Centro Cultural / Espacio de Rap"
      },
      "geometry": {
        "type": "Point",
        "coordinates": [
          -60.65407677,
          -32.94068738
        ]
      }
    },
    {
      "type": "Feature",
      "properties": {
        "name": "CasArijón Espacio Cultural",
        "provincia": "Santa Fe",
        "localidad": "Rosario",
        "domicilio": "Arijón 84 Bis",
        "categoria": "Centro Cultural / Espacio de Rap"
      },
      "geometry": {
        "type": "Point",
        "coordinates": [
          -60.63138,
          -33.00245
        ]
      }
    },
    {
      "type": "Feature",
      "properties": {
        "name": "LA USINA",
        "provincia": "Santa Fe",
        "localidad": "Rosario",
        "domicilio": "Av. Aristóbulo del Valle 6022",
        "categoria": "Centro Cultural / Espacio de Rap"
      },
      "geometry": {
        "type": "Point",
        "coordinates": [
          -60.6605641,
          -32.9310868
        ]
      }
    },
    {
      "type": "Feature",
      "properties": {
        "name": "Madma espacio",
        "provincia": "Santa Fe",
        "localidad": "Rosario",
        "domicilio": "Balcarce 837",
        "categoria": "Centro Cultural / Espacio de Rap"
      },
      "geometry": {
        "type": "Point",
        "coordinates": [
          -60.6520841,
          -32.94430593
        ]
      }
    },
    {
      "type": "Feature",
      "properties": {
        "name": "Rayito de Sol",
        "provincia": "Santa Fe",
        "localidad": "Rosario",
        "domicilio": "Benitez 2066",
        "categoria": "Centro Cultural / Espacio de Rap"
      },
      "geometry": {
        "type": "Point",
        "coordinates": [
          -60.7202223,
          -32.9660266
        ]
      }
    },
    {
      "type": "Feature",
      "properties": {
        "name": "Asociacion Civil Jóvenes Por Rosario",
        "provincia": "Santa Fe",
        "localidad": "Rosario",
        "domicilio": "Bv. Avellaneda 768",
        "categoria": "Centro Cultural / Espacio de Rap"
      },
      "geometry": {
        "type": "Point",
        "coordinates": [
          -60.67921,
          -32.93855
        ]
      }
    },
    {
      "type": "Feature",
      "properties": {
        "name": "Espacio Luna",
        "provincia": "Santa Fe",
        "localidad": "Rosario",
        "domicilio": "España 1190",
        "categoria": "Centro Cultural / Espacio de Rap"
      },
      "geometry": {
        "type": "Point",
        "coordinates": [
          -60.64777145,
          -32.94982012
        ]
      }
    },
    {
      "type": "Feature",
      "properties": {
        "name": "CENTRO CULTURAL GUEMES",
        "provincia": "Santa Fe",
        "localidad": "Rosario",
        "domicilio": "Güemes 2808",
        "categoria": "Centro Cultural / Espacio de Rap"
      },
      "geometry": {
        "type": "Point",
        "coordinates": [
          -60.65898087,
          -32.93170043
        ]
      }
    },
    {
      "type": "Feature",
      "properties": {
        "name": "Club Argentino Brasileño",
        "provincia": "Santa Fe",
        "localidad": "Rosario",
        "domicilio": "Laprida 1336",
        "categoria": "Centro Cultural / Espacio de Rap"
      },
      "geometry": {
        "type": "Point",
        "coordinates": [
          -60.63586372,
          -32.95389757
        ]
      }
    },
    {
      "type": "Feature",
      "properties": {
        "name": "Plataforma Lavarden",
        "provincia": "Santa Fe",
        "localidad": "Rosario",
        "domicilio": "Mendoza 1085",
        "categoria": "Centro Cultural / Espacio de Rap"
      },
      "geometry": {
        "type": "Point",
        "coordinates": [
          -60.639658,
          -32.951633
        ]
      }
    },
    {
      "type": "Feature",
      "properties": {
        "name": "COMPLEJO CULTURAL ATLAS",
        "provincia": "Santa Fe",
        "localidad": "Rosario",
        "domicilio": "Mitre 645",
        "categoria": "Centro Cultural / Espacio de Rap"
      },
      "geometry": {
        "type": "Point",
        "coordinates": [
          -60.71426089,
          -32.85962522
        ]
      }
    },
    {
      "type": "Feature",
      "properties": {
        "name": "El Aserradero Rosario",
        "provincia": "Santa Fe",
        "localidad": "Rosario",
        "domicilio": "Montevideo 1518",
        "categoria": "Centro Cultural / Espacio de Rap"
      },
      "geometry": {
        "type": "Point",
        "coordinates": [
          -60.64654,
          -32.95499
        ]
      }
    },
    {
      "type": "Feature",
      "properties": {
        "name": "Centro Cultural Parque Alem",
        "provincia": "Santa Fe",
        "localidad": "Rosario",
        "domicilio": "Nansen 100",
        "categoria": "Centro Cultural / Espacio de Rap"
      },
      "geometry": {
        "type": "Point",
        "coordinates": [
          -60.680098,
          -32.909087
        ]
      }
    },
    {
      "type": "Feature",
      "properties": {
        "name": "Distrito Siete",
        "provincia": "Santa Fe",
        "localidad": "Rosario",
        "domicilio": "Ovidio Lagos 790",
        "categoria": "Centro Cultural / Espacio de Rap"
      },
      "geometry": {
        "type": "Point",
        "coordinates": [
          -60.66147,
          -32.94185
        ]
      }
    },
    {
      "type": "Feature",
      "properties": {
        "name": "Estación De Los Títeres",
        "provincia": "Santa Fe",
        "localidad": "Rosario",
        "domicilio": "PARANÁ 1350",
        "categoria": "Centro Cultural / Espacio de Rap"
      },
      "geometry": {
        "type": "Point",
        "coordinates": [
          -60.69253,
          -32.94403
        ]
      }
    },
    {
      "type": "Feature",
      "properties": {
        "name": "La Tornería, Espacio Cultural",
        "provincia": "Santa Fe",
        "localidad": "Rosario",
        "domicilio": "Pasaje Amsterdam 1113",
        "categoria": "Centro Cultural / Espacio de Rap"
      },
      "geometry": {
        "type": "Point",
        "coordinates": [
          -60.64964319,
          -32.9933859
        ]
      }
    },
    {
      "type": "Feature",
      "properties": {
        "name": "Bohemia bar cultural",
        "provincia": "Santa Fe",
        "localidad": "Rosario",
        "domicilio": "Pellegrini 1584",
        "categoria": "Centro Cultural / Espacio de Rap"
      },
      "geometry": {
        "type": "Point",
        "coordinates": [
          -60.64754,
          -32.95589
        ]
      }
    },
    {
      "type": "Feature",
      "properties": {
        "name": "La Peruta",
        "provincia": "Santa Fe",
        "localidad": "Rosario",
        "domicilio": "Pellegrini 957",
        "categoria": "Centro Cultural / Espacio de Rap"
      },
      "geometry": {
        "type": "Point",
        "coordinates": [
          -60.63894,
          -32.9578
        ]
      }
    },
    {
      "type": "Feature",
      "properties": {
        "name": "Club Social y Cultural QueTePasa",
        "provincia": "Santa Fe",
        "localidad": "Rosario",
        "domicilio": "Ricchieri 340",
        "categoria": "Centro Cultural / Espacio de Rap"
      },
      "geometry": {
        "type": "Point",
        "coordinates": [
          -60.66156,
          -32.93666
        ]
      }
    },
    {
      "type": "Feature",
      "properties": {
        "name": "Centro Cultural La Nave",
        "provincia": "Santa Fe",
        "localidad": "Rosario",
        "domicilio": "San Lorenzo 1383",
        "categoria": "Centro Cultural / Espacio de Rap"
      },
      "geometry": {
        "type": "Point",
        "coordinates": [
          -60.64158,
          -32.9434
        ]
      }
    },
    {
      "type": "Feature",
      "properties": {
        "name": "PUERTO DE IDEAS",
        "provincia": "Santa Fe",
        "localidad": "Rosario",
        "domicilio": "San Luis 818",
        "categoria": "Centro Cultural / Espacio de Rap"
      },
      "geometry": {
        "type": "Point",
        "coordinates": [
          -60.63486614,
          -32.94969268
        ]
      }
    },
    {
      "type": "Feature",
      "properties": {
        "name": "Centro Cultural Roberto Fontanarrosa",
        "provincia": "Santa Fe",
        "localidad": "Rosario",
        "domicilio": "San Martin 1080",
        "categoria": "Centro Cultural / Espacio de Rap"
      },
      "geometry": {
        "type": "Point",
        "coordinates": [
          -60.637636,
          -32.950144
        ]
      }
    },
    {
      "type": "Feature",
      "properties": {
        "name": "Galpón Tablada",
        "provincia": "Santa Fe",
        "localidad": "Rosario",
        "domicilio": "San Martín 1168",
        "categoria": "Centro Cultural / Espacio de Rap"
      },
      "geometry": {
        "type": "Point",
        "coordinates": [
          -60.638028,
          -32.95111915
        ]
      }
    },
    {
      "type": "Feature",
      "properties": {
        "name": "Espacio Cultural Franja Del Río",
        "provincia": "Santa Fe",
        "localidad": "Rosario",
        "domicilio": "Sargento Cabral hasta Monumento A La Bandera",
        "categoria": "Centro Cultural / Espacio de Rap"
      },
      "geometry": {
        "type": "Point",
        "coordinates": [
          -60.63108,
          -32.9435
        ]
      }
    },
    {
      "type": "Feature",
      "properties": {
        "name": "A´Ki Sala Cultural",
        "provincia": "Santa Fe",
        "localidad": "Rosario",
        "domicilio": "Sarmiento 1232",
        "categoria": "Centro Cultural / Espacio de Rap"
      },
      "geometry": {
        "type": "Point",
        "coordinates": [
          -60.6398,
          -32.95254
        ]
      }
    },
    {
      "type": "Feature",
      "properties": {
        "name": "La Casita Rosario",
        "provincia": "Santa Fe",
        "localidad": "Rosario",
        "domicilio": "Sarmiento 2133",
        "categoria": "Centro Cultural / Espacio de Rap"
      },
      "geometry": {
        "type": "Point",
        "coordinates": [
          -60.64204,
          -32.96232
        ]
      }
    },
    {
      "type": "Feature",
      "properties": {
        "name": "Centro Cultural Parque España - CCPE/AECI",
        "provincia": "Santa Fe",
        "localidad": "Rosario",
        "domicilio": "Sarmiento y el Río Paraná",
        "categoria": "Centro Cultural / Espacio de Rap"
      },
      "geometry": {
        "type": "Point",
        "coordinates": [
          -60.63637,
          -32.938868
        ]
      }
    },
    {
      "type": "Feature",
      "properties": {
        "name": "Centro Cultural de La Toma",
        "provincia": "Santa Fe",
        "localidad": "Rosario",
        "domicilio": "Tucuman 1349",
        "categoria": "Centro Cultural / Espacio de Rap"
      },
      "geometry": {
        "type": "Point",
        "coordinates": [
          -60.640529,
          -32.941152
        ]
      }
    },
    {
      "type": "Feature",
      "properties": {
        "name": "Micelio Producción de Expresión",
        "provincia": "Santa Fe",
        "localidad": "Rosario",
        "domicilio": "Valparaiso 520",
        "categoria": "Centro Cultural / Espacio de Rap"
      },
      "geometry": {
        "type": "Point",
        "coordinates": [
          -60.68121,
          -32.93536
        ]
      }
    },
    {
      "type": "Feature",
      "properties": {
        "name": "Casa de la Cultura",
        "provincia": "Santa Fe",
        "localidad": "Soldini",
        "domicilio": "Estanislao López 1013",
        "categoria": "Centro Cultural / Espacio de Rap"
      },
      "geometry": {
        "type": "Point",
        "coordinates": [
          -60.7574883,
          -33.0269225
        ]
      }
    },
    {
      "type": "Feature",
      "properties": {
        "name": "Germinal Terrakius",
        "provincia": "Santa Fe",
        "localidad": "Villa Amelia",
        "domicilio": "Corrientes 256",
        "categoria": "Centro Cultural / Espacio de Rap"
      },
      "geometry": {
        "type": "Point",
        "coordinates": [
          -60.66495,
          -33.17706
        ]
      }
    },
    {
      "type": "Feature",
      "properties": {
        "name": "Centro Cultural Soc. Italiana",
        "provincia": "Santa Fe",
        "localidad": "Ceres",
        "domicilio": "Hipólito Irigoyen 260",
        "categoria": "Centro Cultural / Espacio de Rap"
      },
      "geometry": {
        "type": "Point",
        "coordinates": [
          -61.945379,
          -29.885185
        ]
      }
    },
    {
      "type": "Feature",
      "properties": {
        "name": "Centro Cultural Videla",
        "provincia": "Santa Fe",
        "localidad": "Videla",
        "domicilio": "Antonino Noseda s/n (Ex predio del Ferrocarril)",
        "categoria": "Centro Cultural / Espacio de Rap"
      },
      "geometry": {
        "type": "Point",
        "coordinates": [
          -60.65644124,
          -30.94650326
        ]
      }
    },
    {
      "type": "Feature",
      "properties": {
        "name": "Estación Cultural",
        "provincia": "Santa Fe",
        "localidad": "Capitán Bermúdez",
        "domicilio": "San Martín 41",
        "categoria": "Centro Cultural / Espacio de Rap"
      },
      "geometry": {
        "type": "Point",
        "coordinates": [
          -60.71272157,
          -32.82305554
        ]
      }
    },
    {
      "type": "Feature",
      "properties": {
        "name": "Descubrir Centro Cultural",
        "provincia": "Santa Fe",
        "localidad": "San Lorenzo",
        "domicilio": "Uriburu 1375",
        "categoria": "Centro Cultural / Espacio de Rap"
      },
      "geometry": {
        "type": "Point",
        "coordinates": [
          -60.74058,
          -32.74795
        ]
      }
    },
    {
      "type": "Feature",
      "properties": {
        "name": "Buenas Raíces Club Cultural",
        "provincia": "Santa Fe",
        "localidad": "San Lorenzo",
        "domicilio": "Av. San Martín 360",
        "categoria": "Centro Cultural / Espacio de Rap"
      },
      "geometry": {
        "type": "Point",
        "coordinates": [
          -60.73377,
          -32.75806
        ]
      }
    },
    {
      "type": "Feature",
      "properties": {
        "name": "Sala Kumelén de Carlos Pellegrini",
        "provincia": "Santa Fe",
        "localidad": "Piamonte",
        "domicilio": "Rivadavia 899",
        "categoria": "Centro Cultural / Espacio de Rap"
      },
      "geometry": {
        "type": "Point",
        "coordinates": [
          -61.97775,
          -32.14395
        ]
      }
    },
    {
      "type": "Feature",
      "properties": {
        "name": "El Desarmadero Espacio Cultural",
        "provincia": "Santa Fe",
        "localidad": "Sastre",
        "domicilio": "Italia 1347",
        "categoria": "Centro Cultural / Espacio de Rap"
      },
      "geometry": {
        "type": "Point",
        "coordinates": [
          -61.82462,
          -31.77124
        ]
      }
    },
    {
      "type": "Feature",
      "properties": {
        "name": "La Quinta",
        "provincia": "Santa Fe",
        "localidad": "Vera",
        "domicilio": "Roque Sáenz Peña 3090",
        "categoria": "Centro Cultural / Espacio de Rap"
      },
      "geometry": {
        "type": "Point",
        "coordinates": [
          -60.21489,
          -29.44935
        ]
      }
    },
    {
      "type": "Feature",
      "properties": {
        "name": "Centro Cultural Telesita",
        "provincia": "Santiago del Estero",
        "localidad": "La Banda",
        "domicilio": "Lázaro Criado N°86 B° La Fraternidad",
        "categoria": "Centro Cultural / Espacio de Rap"
      },
      "geometry": {
        "type": "Point",
        "coordinates": [
          -64.23896099,
          -27.73390636
        ]
      }
    },
    {
      "type": "Feature",
      "properties": {
        "name": "Centro Cultural Homero Manzi",
        "provincia": "Santiago del Estero",
        "localidad": "La Banda",
        "domicilio": "República del Líbano 244",
        "categoria": "Centro Cultural / Espacio de Rap"
      },
      "geometry": {
        "type": "Point",
        "coordinates": [
          -64.2403467,
          -27.814817
        ]
      }
    },
    {
      "type": "Feature",
      "properties": {
        "name": "Centro Intercultural de Ecología Social (CIES)",
        "provincia": "Santiago del Estero",
        "localidad": "Santiago del Estero",
        "domicilio": "Av. Aguirre (norte) 250",
        "categoria": "Centro Cultural / Espacio de Rap"
      },
      "geometry": {
        "type": "Point",
        "coordinates": [
          -64.2786121,
          -27.7860358
        ]
      }
    },
    {
      "type": "Feature",
      "properties": {
        "name": "El Observatorio",
        "provincia": "Santiago del Estero",
        "localidad": "Santiago del Estero",
        "domicilio": "Independencia 1665",
        "categoria": "Centro Cultural / Espacio de Rap"
      },
      "geometry": {
        "type": "Point",
        "coordinates": [
          -64.24332386,
          -27.80413234
        ]
      }
    },
    {
      "type": "Feature",
      "properties": {
        "name": "Centro Cultural Del Bicentenario",
        "provincia": "Santiago del Estero",
        "localidad": "Santiago del Estero",
        "domicilio": "Pellegrini 149",
        "categoria": "Centro Cultural / Espacio de Rap"
      },
      "geometry": {
        "type": "Point",
        "coordinates": [
          -64.26079,
          -27.78642
        ]
      }
    },
    {
      "type": "Feature",
      "properties": {
        "name": "DIVAS Diversidad Valiente Santiagueña",
        "provincia": "Santiago del Estero",
        "localidad": "Santiago del Estero",
        "domicilio": "Yapeyu 1226",
        "categoria": "Centro Cultural / Espacio de Rap"
      },
      "geometry": {
        "type": "Point",
        "coordinates": [
          -64.2704985,
          -27.8028353
        ]
      }
    },
    {
      "type": "Feature",
      "properties": {
        "name": "Centro Cultural Gral. San Martin",
        "provincia": "Santiago del Estero",
        "localidad": "Termas De Rio Hondo",
        "domicilio": "Av. Francisco de Uriarte Y Suipacha",
        "categoria": "Centro Cultural / Espacio de Rap"
      },
      "geometry": {
        "type": "Point",
        "coordinates": [
          -64.862668,
          -27.497767
        ]
      }
    },
    {
      "type": "Feature",
      "properties": {
        "name": "Gotitas de ternura cultural",
        "provincia": "Tucumán",
        "localidad": "Banda Del Rio Sali",
        "domicilio": "Gral. José de San Martín 2595",
        "categoria": "Centro Cultural / Espacio de Rap"
      },
      "geometry": {
        "type": "Point",
        "coordinates": [
          -65.1654184,
          -26.83404614
        ]
      }
    },
    {
      "type": "Feature",
      "properties": {
        "name": "Centro Cultural La Cocha",
        "provincia": "Tucumán",
        "localidad": "La Cocha",
        "domicilio": "Narcisa Eva Riera s/n",
        "categoria": "Centro Cultural / Espacio de Rap"
      },
      "geometry": {
        "type": "Point",
        "coordinates": [
          -65.58645684,
          -27.77300484
        ]
      }
    },
    {
      "type": "Feature",
      "properties": {
        "name": "Casa de la Cultura San Isidro de Lules",
        "provincia": "Tucumán",
        "localidad": "San Isidro de Lules",
        "domicilio": "Almte. Brown 761",
        "categoria": "Centro Cultural / Espacio de Rap"
      },
      "geometry": {
        "type": "Point",
        "coordinates": [
          -65.34008,
          -26.928735
        ]
      }
    },
    {
      "type": "Feature",
      "properties": {
        "name": "Casa de la Cultura",
        "provincia": "Tucumán",
        "localidad": "San Isidro de Lules",
        "domicilio": "Italia  250",
        "categoria": "Centro Cultural / Espacio de Rap"
      },
      "geometry": {
        "type": "Point",
        "coordinates": [
          -65.339359,
          -26.925915
        ]
      }
    },
    {
      "type": "Feature",
      "properties": {
        "name": "Fundación para el desarrollo de las artes escénicas - FUNDAE",
        "provincia": "Tucumán",
        "localidad": "San Miguel de Tucuman",
        "domicilio": "9 de Julio 1816   613 Planta Baja",
        "categoria": "Centro Cultural / Espacio de Rap"
      },
      "geometry": {
        "type": "Point",
        "coordinates": [
          -65.21048,
          -26.8559
        ]
      }
    },
    {
      "type": "Feature",
      "properties": {
        "name": "LA CASONA",
        "provincia": "Tucumán",
        "localidad": "San Miguel de Tucuman",
        "domicilio": "Av. Alem 599",
        "categoria": "Centro Cultural / Espacio de Rap"
      },
      "geometry": {
        "type": "Point",
        "coordinates": [
          -65.22036709,
          -26.83598664
        ]
      }
    },
    {
      "type": "Feature",
      "properties": {
        "name": "Acuarelas del sur",
        "provincia": "Tucumán",
        "localidad": "San Miguel de Tucuman",
        "domicilio": "Av. Americo Vespucio 2219",
        "categoria": "Centro Cultural / Espacio de Rap"
      },
      "geometry": {
        "type": "Point",
        "coordinates": [
          -65.2403025,
          -26.8522806
        ]
      }
    },
    {
      "type": "Feature",
      "properties": {
        "name": "La Soñada Epacio Cultural y Producciones",
        "provincia": "Tucumán",
        "localidad": "San Miguel de Tucuman",
        "domicilio": "Av. Avellaneda 470",
        "categoria": "Centro Cultural / Espacio de Rap"
      },
      "geometry": {
        "type": "Point",
        "coordinates": [
          -65.19578,
          -26.82595
        ]
      }
    },
    {
      "type": "Feature",
      "properties": {
        "name": "PUERTO CULTURAL LIBERTAD",
        "provincia": "Tucumán",
        "localidad": "San Miguel de Tucuman",
        "domicilio": "Combate de Las Piedras 1850",
        "categoria": "Centro Cultural / Espacio de Rap"
      },
      "geometry": {
        "type": "Point",
        "coordinates": [
          -65.22659265,
          -26.83062526
        ]
      }
    },
    {
      "type": "Feature",
      "properties": {
        "name": "Magic Music Box",
        "provincia": "Tucumán",
        "localidad": "San Miguel de Tucuman",
        "domicilio": "José Colombres 427",
        "categoria": "Centro Cultural / Espacio de Rap"
      },
      "geometry": {
        "type": "Point",
        "coordinates": [
          -65.21235,
          -26.82326
        ]
      }
    },
    {
      "type": "Feature",
      "properties": {
        "name": "Fundación Mate Cocido",
        "provincia": "Tucumán",
        "localidad": "San Miguel de Tucuman",
        "domicilio": "Lavaisse 3542",
        "categoria": "Centro Cultural / Espacio de Rap"
      },
      "geometry": {
        "type": "Point",
        "coordinates": [
          -65.25661,
          -26.8468
        ]
      }
    },
    {
      "type": "Feature",
      "properties": {
        "name": "La Colorida",
        "provincia": "Tucumán",
        "localidad": "San Miguel de Tucuman",
        "domicilio": "Mendoza 2955",
        "categoria": "Centro Cultural / Espacio de Rap"
      },
      "geometry": {
        "type": "Point",
        "coordinates": [
          -65.241031,
          -26.820086
        ]
      }
    },
    {
      "type": "Feature",
      "properties": {
        "name": "Centro Cultural Leticia",
        "provincia": "Tucumán",
        "localidad": "San Miguel de Tucuman",
        "domicilio": "San Martín 1075",
        "categoria": "Centro Cultural / Espacio de Rap"
      },
      "geometry": {
        "type": "Point",
        "coordinates": [
          -65.21317502,
          -26.82788738
        ]
      }
    },
    {
      "type": "Feature",
      "properties": {
        "name": "El Arbol de Galeano-Club Cultural",
        "provincia": "Tucumán",
        "localidad": "San Miguel de Tucuman",
        "domicilio": "Virgen de la Merced 435 (ex-Rivadavia)",
        "categoria": "Centro Cultural / Espacio de Rap"
      },
      "geometry": {
        "type": "Point",
        "coordinates": [
          -65.20024,
          -26.82559
        ]
      }
    },
    {
      "type": "Feature",
      "properties": {
        "name": "Casa de la Cultura Viejo Tafí",
        "provincia": "Tucumán",
        "localidad": "Tafi Viejo",
        "domicilio": "Av. Alem 753",
        "categoria": "Centro Cultural / Espacio de Rap"
      },
      "geometry": {
        "type": "Point",
        "coordinates": [
          -65.26299,
          -26.72936
        ]
      }
    },
    {
      "type": "Feature",
      "properties": {
        "name": "Centro Cultural Aconquija",
        "provincia": "Tucumán",
        "localidad": "Yerba Buena",
        "domicilio": "Avenida Aconquija 1978",
        "categoria": "Centro Cultural / Espacio de Rap"
      },
      "geometry": {
        "type": "Point",
        "coordinates": [
          -65.29825,
          -26.81267
        ]
      }
    },
    {
      "type": "Feature",
      "properties": {
        "name": "Casa de la Cultura Yerba Buena",
        "provincia": "Tucumán",
        "localidad": "Yerba Buena",
        "domicilio": "Higueritas 1850",
        "categoria": "Centro Cultural / Espacio de Rap"
      },
      "geometry": {
        "type": "Point",
        "coordinates": [
          -65.294021,
          -26.804512
        ]
      }
    },
    {
      "type": "Feature",
      "properties": {
        "name": "Comedor Cultural San Jose Solidario",
        "provincia": "Tucumán",
        "localidad": "Yerba Buena",
        "domicilio": "s/d",
        "categoria": "Centro Cultural / Espacio de Rap"
      },
      "geometry": {
        "type": "Point",
        "coordinates": [
          -65.26915834,
          -26.81557093
        ]
      }
    },
    {
      "type": "Feature",
      "properties": {
        "name": "Centro Cultural Yaganes",
        "provincia": "Tierra del Fuego, Antártida e Islas del Atlántico Sur",
        "localidad": "Río Grande",
        "domicilio": "Av. Manuel Belgrano 334",
        "categoria": "Centro Cultural / Espacio de Rap"
      },
      "geometry": {
        "type": "Point",
        "coordinates": [
          -67.697143,
          -53.782758
        ]
      }
    },
    {
      "type": "Feature",
      "properties": {
        "name": "Centro Cultural Leandro N. Alem",
        "provincia": "Tierra del Fuego, Antártida e Islas del Atlántico Sur",
        "localidad": "Río Grande",
        "domicilio": "Av. Manuel Belgrano y Calle Juan Bautista Alberdi",
        "categoria": "Centro Cultural / Espacio de Rap"
      },
      "geometry": {
        "type": "Point",
        "coordinates": [
          -67.70431,
          -53.78767
        ]
      }
    },
    {
      "type": "Feature",
      "properties": {
        "name": "Refugio del Arte Fueguino",
        "provincia": "Tierra del Fuego, Antártida e Islas del Atlántico Sur",
        "localidad": "Río Grande",
        "domicilio": "Av. Sarmiento 9420",
        "categoria": "Centro Cultural / Espacio de Rap"
      },
      "geometry": {
        "type": "Point",
        "coordinates": [
          -67.73457528,
          -53.80450118
        ]
      }
    },
    {
      "type": "Feature",
      "properties": {
        "name": "MAGMA Espacio Cultural",
        "provincia": "Tierra del Fuego, Antártida e Islas del Atlántico Sur",
        "localidad": "Río Grande",
        "domicilio": "Juan Bautista Alberdi s/n",
        "categoria": "Centro Cultural / Espacio de Rap"
      },
      "geometry": {
        "type": "Point",
        "coordinates": [
          -67.70601087,
          -53.78665882
        ]
      }
    },
    {
      "type": "Feature",
      "properties": {
        "name": "Casa de la Cultura Sala Angela Loij",
        "provincia": "Tierra del Fuego, Antártida e Islas del Atlántico Sur",
        "localidad": "Río Grande",
        "domicilio": "Sebastián Elcano 50",
        "categoria": "Centro Cultural / Espacio de Rap"
      },
      "geometry": {
        "type": "Point",
        "coordinates": [
          -67.700224,
          -53.786037
        ]
      }
    },
    {
      "type": "Feature",
      "properties": {
        "name": "Centro Cultural Esther Fadul",
        "provincia": "Tierra del Fuego, Antártida e Islas del Atlántico Sur",
        "localidad": "Ushuaia",
        "domicilio": "2 de Abril 1577",
        "categoria": "Centro Cultural / Espacio de Rap"
      },
      "geometry": {
        "type": "Point",
        "coordinates": [
          -68.27956,
          -54.79631
        ]
      }
    },
    {
      "type": "Feature",
      "properties": {
        "name": "Casa de la Juventud (ex Medio Caño)",
        "provincia": "Tierra del Fuego, Antártida e Islas del Atlántico Sur",
        "localidad": "Ushuaia",
        "domicilio": "Av. Jorge Garramuño y Jainén",
        "categoria": "Centro Cultural / Espacio de Rap"
      },
      "geometry": {
        "type": "Point",
        "coordinates": [
          -68.31606248,
          -54.80364046
        ]
      }
    },
    {
      "type": "Feature",
      "properties": {
        "name": "Centro Cultural Nueva Argentina",
        "provincia": "Tierra del Fuego, Antártida e Islas del Atlántico Sur",
        "localidad": "Ushuaia",
        "domicilio": "Av. San Martín 1052",
        "categoria": "Centro Cultural / Espacio de Rap"
      },
      "geometry": {
        "type": "Point",
        "coordinates": [
          -68.31245,
          -54.80839
        ]
      }
    },
    {
      "type": "Feature",
      "properties": {
        "name": "Casa De la Cultura Enriqueta Gastelumendi",
        "provincia": "Tierra del Fuego, Antártida e Islas del Atlántico Sur",
        "localidad": "Ushuaia",
        "domicilio": "Malvinas Argentinas y 12 de Octubre",
        "categoria": "Centro Cultural / Espacio de Rap"
      },
      "geometry": {
        "type": "Point",
        "coordinates": [
          -68.32329,
          -54.81654
        ]
      }
    },
    {
      "type": "Feature",
      "properties": {
        "name": "El Planeta de Origen",
        "provincia": "Tierra del Fuego, Antártida e Islas del Atlántico Sur",
        "localidad": "Ushuaia",
        "domicilio": "Teresa Rodriguez 4933",
        "categoria": "Centro Cultural / Espacio de Rap"
      },
      "geometry": {
        "type": "Point",
        "coordinates": [
          -68.3648857,
          -54.8243319
        ]
      }
    },
    {
      "type": "Feature",
      "properties": {
        "name": "Centro Cultural ACTUAR",
        "provincia": "Tierra del Fuego, Antártida e Islas del Atlántico Sur",
        "localidad": "Ushuaia",
        "domicilio": "s/d",
        "categoria": "Centro Cultural / Espacio de Rap"
      },
      "geometry": {
        "type": "Point",
        "coordinates": [
          -68.31606248,
          -54.80364046
        ]
      }
    }
  ]
}